:020000040800F2
:10000000001B0020793000086B760008653000087E
:100010006530000865300008653000080000000009
:10002000000000000000000000000000393100085E
:100030006530000800000000D93000086148000861
:1000400089320008893200088932000889320008A4
:100050008932000889320008893200088932000894
:100060008932000889320008893200088932000884
:100070008932000889320008893200088932000874
:100080008932000889320008893200088932000864
:100090008932000889320008893200088932000854
:1000A0008932000889320008893200088932000844
:1000B0008932000889320008893200088932000834
:1000C0008932000889320008893200088932000824
:1000D0008932000889320008893200088932000814
:1000E0008932000889320008893200088932000804
:1000F00089320008893200088932000889320008F4
:1001000089320008893200088932000889320008E3
:1001100089320008893200088932000889320008D3
:1001200089320008893200088932000889320008C3
:08013000893200088932000841
:1001380081F0004102E000BF83F0004330B54FEA90
:1001480041044FEA430594EA050F08BF90EA020FFD
:100158001FBF54EA000C55EA020C7FEA645C7FEA90
:10016800655C00F0E2804FEA5454D4EB5555B8BFB3
:100178006D420CDD2C4480EA020281EA030382EA24
:10018800000083EA010180EA020281EA0303362DB6
:1001980088BF30BD11F0004F4FEA01314FF4801C89
:1001A8004CEA113102D0404261EB410113F0004F9B
:1001B8004FEA03334CEA133302D0524263EB430352
:1001C80094EA050F00F0A780A4F10104D5F1200EF0
:1001D8000DDB02FA0EFC22FA05F2801841F100014B
:1001E80003FA0EF2801843FA05F359410EE0A5F11F
:1001F80020050EF1200E012A03FA0EFC28BF4CF050
:10020800020C43FA05F3C01851EBE37101F0004505
:1002180007D54FF0000EDCF1000C7EEB00006EEB12
:100228000101B1F5801F1BD3B1F5001F0CD349089C
:100238005FEA30004FEA3C0C04F101044FEA4452F3
:1002480012F5800F80F09A80BCF1004F08BF5FEA7A
:10025800500C50F1000041EB045141EA050130BD5A
:100268005FEA4C0C404141EB0101013C28BFB1F56C
:10027800801FE9D291F0000F04BF01460020B1FAB7
:1002880081F308BF2033A3F10B03B3F120020CDA8A
:100298000C3208DD02F1140CC2F10C0201FA0CF068
:1002A80021FA02F10CE002F11402D8BFC2F1200CCD
:1002B80001FA02F120FA0CFCDCBF41EA0C01904083
:1002C800E41AA2BF01EB0451294330BD6FEA0404CC
:1002D8001F3C1CDA0C340EDC04F11404C4F12002B7
:1002E80020FA04F001FA02F340EA030021FA04F3C9
:1002F80045EA030130BDC4F10C04C4F1200220FA20
:1003080002F001FA04F340EA0300294630BD21FA5D
:1003180004F0294630BD94F0000F83F4801306BF23
:1003280081F480110134013D4EE77FEA645C18BF17
:100338007FEA655C29D094EA050F08BF90EA020FAE
:1003480005D054EA000C04BF1946104630BD91EAA6
:10035800030F1EBF0021002030BD5FEA545C05D1A9
:100368004000494128BF41F0004130BD14F58004E8
:100378003CBF01F5801130BD01F0004545F0FE415C
:1003880041F470014FF0000030BD7FEA645C1ABF91
:10039800194610467FEA655C1CBF0B46024650EAC8
:1003A800013406BF52EA033591EA030F41F40021F4
:1003B80030BD00BF90F0000F04BF0021704730B57A
:1003C8004FF4806404F132044FF000054FF000014F
:1003D80050E700BF90F0000F04BF0021704730B510
:1003E8004FF4806404F1320410F0004548BF4042E5
:1003F8004FF000013EE700BF42004FEAE2014FEA3A
:1004080031014FEA02701FBF12F07F4393F07F4F14
:1004180081F06051704732F07F4208BF704793F017
:100428007F4F04BF41F40021704730B54FF460742A
:1004380001F0004521F000411CE700BF50EA01022D
:1004480008BF704730B54FF000050AE050EA0102D6
:1004580008BF704730B511F0004502D5404261EB46
:1004680041014FF4806404F132045FEA915C3FF487
:10047800D8AE4FF003025FEADC0C18BF03325FEA24
:10048800DC0C18BF033202EBDC02C2F1200300FAD5
:1004980003FC20FA02F001FA03FE40EA0E0021FAFA
:1004A80002F11444BDE600BF70B54FF0FF0C4CF4E8
:1004B800E06C1CEA11541DBF1CEA135594EA0C0F9A
:1004C80095EA0C0F00F0DEF82C4481EA030621EAD5
:1004D8004C5123EA4C5350EA013518BF52EA033510
:1004E80041F4801143F4801338D0A0FB02CE4FF0C2
:1004F8000005E1FB02E506F00042E0FB03E54FF0F2
:100508000006E1FB03569CF0000F18BF4EF0010EE9
:10051800A4F1FF04B6F5007F64F5407404D25FEAE5
:100528004E0E6D4146EB060642EAC62141EA555198
:100538004FEAC52040EA5E504FEACE2EB4F1FD0CDA
:1005480088BFBCF5E06F1ED8BEF1004F08BF5FEA58
:10055800500E50F1000041EB045170BD06F000460A
:1005680046EA010140EA020081EA0301B4EB5C04B7
:10057800C2BFD4EB0C0541EA045170BD41F48011AF
:100588004FF0000E013C00F3AB8014F1360FDEBFD4
:10059800002001F0004170BDC4F10004203C35DAB0
:1005A8000C341BDC04F11404C4F1200500FA05F333
:1005B80020FA04F001FA05F240EA020001F00042D4
:1005C80021F0004110EBD37021FA04F642EB06014A
:1005D8005EEA430E08BF20EAD37070BDC4F10C0474
:1005E800C4F1200500FA04F320FA05F001FA04F238
:1005F80040EA020001F0004110EBD37041F1000124
:100608005EEA430E08BF20EAD37070BDC4F120052E
:1006180000FA05F24EEA020E20FA04F301FA05F296
:1006280043EA020321FA04F001F0004121FA04F23E
:1006380020EA020000EBD3705EEA430E08BF20EA0E
:10064800D37070BD94F0000F0FD101F00046400048
:1006580041EB010111F4801F08BF013CF7D041EACA
:10066800060195F0000F18BF704703F000465200CE
:1006780043EB030313F4801F08BF013DF7D043EA9F
:100688000603704794EA0C0F0CEA135518BF95EA55
:100698000C0F0CD050EA410618BF52EA4306D1D1DC
:1006A80081EA030101F000414FF0000070BD50EAFB
:1006B800410606BF1046194652EA430619D094EA85
:1006C8000C0F02D150EA013613D195EA0C0F05D16F
:1006D80052EA03361CBF104619460AD181EA0301C3
:1006E80001F0004141F0FE4141F470014FF000007B
:1006F80070BD41F0FE4141F4780170BD70B54FF016
:10070800FF0C4CF4E06C1CEA11541DBF1CEA135595
:1007180094EA0C0F95EA0C0F00F0A7F8A4EB050477
:1007280081EA030E52EA03354FEA013100F088806E
:100738004FEA03334FF0805545EA131343EA126337
:100748004FEA022245EA111545EA10654FEA0026EC
:100758000EF000419D4208BF964244F1FD0404F5A5
:10076800407402D25B084FEA3202B61A65EB030501
:100778005B084FEA32024FF480104FF4002CB6EBBE
:10078800020E75EB030E22BFB61A754640EA0C003E
:100798005B084FEA3202B6EB020E75EB030E22BF7E
:1007A800B61A754640EA5C005B084FEA3202B6EBBF
:1007B800020E75EB030E22BFB61A754640EA9C007E
:1007C8005B084FEA3202B6EB020E75EB030E22BF4E
:1007D800B61A754640EADC0055EA060E18D04FEA0C
:1007E800051545EA16754FEA06164FEAC30343EAAC
:1007F80052734FEAC2025FEA1C1CC0D111F4801F79
:100808000BD141EA00014FF000004FF0004CB6E771
:1008180011F4801F04BF01430020B4F1FD0C88BF10
:10082800BCF5E06F3FF6AFAEB5EB030C04BFB6EB1B
:10083800020C5FEA500C50F1000041EB045170BD0E
:100848000EF0004E4EEA113114EB5C04C2BFD4EB3B
:100858000C0541EA045170BD41F480114FF0000EBF
:10086800013C90E645EA060E8DE60CEA135594EA3B
:100878000C0F08BF95EA0C0F3FF43BAF94EA0C0F3E
:100888000AD150EA01347FF434AF95EA0C0F7FF4B3
:1008980025AF104619462CE795EA0C0F06D152EA07
:1008A80003353FF4FDAE1046194622E750EA4106EB
:1008B80018BF52EA43067FF4C5AE50EA41047FF4FC
:1008C8000DAF52EA43057FF4EBAE12E74FF0FF3C61
:1008D80006E000BF4FF0010C02E000BF4FF0010C32
:1008E8004DF804CD4FEA410C7FEA6C5C4FEA430CAB
:1008F80018BF7FEA6C5C1BD001B050EA410C0CBFFA
:1009080052EA430C91EA030F02BF90EA020F00205B
:10091800704710F1000F91EA030F58BF994208BFC2
:1009280090422CBFD8176FEAE37040F0010070477F
:100938004FEA410C7FEA6C5C02D150EA013C07D1D6
:100948004FEA430C7FEA6C5CD6D152EA033CD3D021
:100958005DF8040B704700BF8446104662468C461B
:100968001946634600E000BF01B5FFF7B7FF00284E
:1009780048BF10F1000F01BD4DF808EDFFF7F4FF77
:100988000CBF012000205DF808FB00BF4DF808ED02
:10099800FFF7EAFF34BF012000205DF808FB00BF25
:1009A8004DF808EDFFF7E0FF94BF012000205DF847
:1009B80008FB00BF4DF808EDFFF7CEFF94BF0120FC
:1009C80000205DF808FB00BF4DF808EDFFF7C4FFF5
:1009D80034BF012000205DF808FB00BF4FEA410248
:1009E80012F5001215D211D56FF47873B3EB625279
:1009F80012D94FEAC12343F0004343EA505311F0A0
:100A0800004F23FA02F018BF404270474FF0000031
:100A1800704750EA013005D111F0004008BF6FF06F
:100A2800004070474FF00000704700BF4FEA410296
:100A3800B2F1E04324BFB3F5001CDCF1FE5C0DD934
:100A480001F0004C4FEAC0024CEA5070B2F1004F7E
:100A580040EB830008BF20F00100704711F0804F81
:100A680021D113F13872BCBF01F00040704741F446
:100A780080114FEA5252C2F11802C2F1200C10FA4A
:100A88000CF320FA02F018BF40F001004FEAC1232E
:100A98004FEAD32303FA0CFC40EA0C0023FA02F3D2
:100AA8004FEA4303CCE77FEA625307D150EA0133A8
:100AB8001EBF4FF0FE4040F44000704701F0004078
:100AC80040F0FE4040F40000704700BF80F0004056
:100AD80002E000BF81F0004142001FBF5FEA41030E
:100AE80092EA030F7FEA226C7FEA236C6AD04FEA0E
:100AF8001262D2EB1363C1BFD21841404840414053
:100B0800B8BF5B42192B88BF704710F0004F40F404
:100B1800000020F07F4018BF404211F0004F41F420
:100B2800000121F07F4118BF494292EA030F3FD0EC
:100B3800A2F1010241FA03FC10EB0C00C3F12003FF
:100B480001FA03F100F0004302D5494260EB40008E
:100B5800B0F5000F13D3B0F1807F06D340084FEAF9
:100B6800310102F10102FE2A51D2B1F1004F40EBEE
:100B7800C25008BF20F0010040EA03007047490056
:100B880040EB0000013A28BFB0F5000FEDD2B0FAF3
:100B980080FCACF1080CB2EB0C0200FA0CF0AABF16
:100BA80000EBC25052421843BCBFD04018437047B4
:100BB80092F0000F81F4000106BF80F400000132BA
:100BC800013BB5E74FEA41037FEA226C18BF7FEA91
:100BD800236C21D092EA030F04D092F0000F08BFD3
:100BE8000846704790EA010F1CBF0020704712F0BA
:100BF8007F4F04D1400028BF40F00040704712F1F9
:100C080000723CBF00F50000704700F0004343F05D
:100C1800FE4040F4000070477FEA226216BF084693
:100C28007FEA23630146420206BF5FEA412390EA56
:100C3800010F40F4800070474FF0000304E000BF4C
:100C480010F0004348BF40425FEA000C08BF7047FD
:100C580043F0964301464FF000001CE050EA0102C1
:100C680008BF70474FF000030AE000BF50EA0102D6
:100C780008BF704711F0004302D5404261EB4101C3
:100C88005FEA010C02BF84460146002043F0B643E8
:100C980008BFA3F18053A3F50003BCFA8CF2083A0D
:100CA800A3EBC25310DB01FA02FC634400FA02FC16
:100CB800C2F12002BCF1004F20FA02F243EB02001D
:100CC80008BF20F00100704702F1200201FA02FC7F
:100CD800C2F1200250EA4C0021FA02F243EB020072
:100CE80008BF20EADC7070474FF0FF0C1CEAD052B6
:100CF8001EBF1CEAD15392EA0C0F93EA0C0F6FD077
:100D08001A4480EA010C400218BF5FEA41211ED054
:100D18004FF0006343EA501043EA5111A0FB013140
:100D28000CF00040B1F5000F3EBF490041EAD37115
:100D38005B0040EA010062F17F02FD2A1DD8B3F191
:100D4800004F40EBC25008BF20F00100704790F000
:100D5800000F0CF0004C08BF49024CEA502040EA52
:100D680051207F3AC2BFD2F1FF0340EAC250704718
:100D780040F400004FF00003013A5DDC12F1190F56
:100D8800DCBF00F000407047C2F10002410021FAC8
:100D980002F1C2F1200200FA02FC5FEA310040F1E0
:100DA800000053EA4C0308BF20EADC70704792F059
:100DB800000F00F0004C02BF400010F4000F013A91
:100DC800F9D040EA0C0093F0000F01F0004C02BF8C
:100DD800490011F4000F013BF9D041EA0C018FE7FB
:100DE8000CEAD15392EA0C0F18BF93EA0C0F0AD001
:100DF80030F0004C18BF31F0004CD8D180EA010027
:100E080000F00040704790F0000F17BF90F0004FBF
:100E1800084691F0000F91F0004F14D092EA0C0FA1
:100E280001D142020FD193EA0C0F03D14B0218BF34
:100E3800084608D180EA010000F0004040F0FE407A
:100E480040F40000704740F0FE4040F44000704716
:100E58004FF0FF0C1CEAD0521EBF1CEAD15392EA95
:100E68000C0F93EA0C0F69D0A2EB030280EA010C85
:100E780049024FEA402037D04FF0805343EA11111E
:100E880043EA10130CF000408B4238BF5B0042F17C
:100E98007D024FF4000C8B4224BF5B1A40EA0C0021
:100EA800B3EB510F24BFA3EB510340EA5C00B3EB53
:100EB800910F24BFA3EB910340EA9C00B3EBD10F41
:100EC80024BFA3EBD10340EADC001B0118BF5FEA93
:100ED8001C1CE0D1FD2A3FF650AF8B4240EBC250BC
:100EE80008BF20F0010070470CF0004C4CEA50207D
:100EF8007F32C2BFD2F1FF0340EAC250704740F4CC
:100F080000004FF00003013A37E792F0000F00F0BD
:100F1800004C02BF400010F4000F013AF9D040EA3B
:100F28000C0093F0000F01F0004C02BF490011F4CF
:100F3800000F013BF9D041EA0C0195E70CEAD153C7
:100F480092EA0C0F08D142027FF47DAF93EA0C0FAE
:100F58007FF470AF084676E793EA0C0F04D14B0292
:100F68003FF44CAF08466EE730F0004C18BF31F044
:100F7800004CCAD130F000427FF45CAF31F000433E
:100F88007FF43CAF5FE700BF4FF0FF3C06E000BFD7
:100F98004FF0010C02E000BF4FF0010C4DF804CDFA
:100FA8004FEA40024FEA41037FEA226C18BF7FEA0A
:100FB800236C11D001B052EA530C18BF90EA010F0C
:100FC80058BFB2EB030088BFC81738BF6FEAE1709B
:100FD80018BF40F0010070477FEA226C02D15FEA37
:100FE800402C05D17FEA236CE4D15FEA412CE1D0A3
:100FF8005DF8040B704700BF844608466146FFE76A
:101008000FB5FFF7C9FF002848BF10F1000F0FBD4B
:101018004DF808EDFFF7F4FF0CBF012000205DF844
:1010280008FB00BF4DF808EDFFF7EAFF34BF0120C9
:1010380000205DF808FB00BF4DF808EDFFF7E0FF62
:1010480094BF012000205DF808FB00BF4DF808EDB3
:10105800FFF7D2FF94BF012000205DF808FB00BF16
:101068004DF808EDFFF7C8FF34BF012000205DF8F8
:1010780008FB00BF42000ED2B2F1FE4F0BD34FF077
:101088009E03B3EB126209D44FEA002343F00043F6
:1010980023FA02F070474FF00000704712F1610F19
:1010A80001D1420202D14FF0FF3070474FF00000EB
:1010B800704700BF53B94AB9002908BF00281CBFB0
:1010C8004FF0FF314FF0FF3000F00CB8ADF1080CD5
:1010D8006DE904CE00F023F8DDF804E0DDE9022331
:1010E80004B07047704700BF034613F8012B002A6D
:1010F800FBD1181A01387047430803F05533C01A5A
:1011080000F03333800800F03330184400EB10103F
:101118004FF0013300F00F305843000E70472DE9AF
:10112800F04786468C460846089E1546744619467A
:10113800002B40F0C2808542B2FA82F245D94AB10A
:10114800C2F1200300FA02FC2EFA03F3954043EAA9
:101158000C0C94404FEA154EA8B2BCFBFEF8230CC9
:101168000EFB18CC08FB00F943EA0C43994528D933
:10117800EB1808F1FF3704D2994502D9A8F1020704
:101188002B44A3EB0903A4B2B3FBFEFC0EFB1C33F8
:101198000CFB00F044EA0344A04214D92C190CF1CA
:1011A800FF3304D2A04202D9ACF102032C44241A22
:1011B80043EA07401EB1D440002334607360BDE8A1
:1011C800F0874746DDE76346F1E792BB431B012101
:1011D8004FEA154EAFB2B3FBFEFC200C0EFB1C33DE
:1011E8000CFB07F840EA0343984562D9EB180CF169
:1011F800FF3004D2984502D9ACF102002B44A3EB8E
:101208000803A4B2B3FBFEFC0EFB1C330CFB07F770
:1012180044EA0344A7424ED92C190CF1FF3304D2F7
:10122800A74202D9ACF102032C44E41B43EA004074
:10123800C0E7C2F1200320FA03F1954090402EFA4E
:1012480003F303434FEA154EAFB2B1FBFEFC0EFBAE
:101258001C10190C0CFB07F841EA0041884504FAF8
:1012680002F422D969180CF1FF3004D2884502D95A
:10127800ACF102002944A1EB08019BB2B1FBFEFCD2
:101288000EFB1C110CFB07F743EA01439F420ED9E2
:10129800EB180CF1FF3104D29F4202D9ACF10201E4
:1012A8002B44DB1B41EA004192E76046E3E76146D5
:1012B800F7E76046A3E76346B7E7834206D916B95E
:1012C800002108467BE7C6E900E0F9E7B3FA83F7AF
:1012D8008FB9834201D3724508D8BEEB020460EB94
:1012E800030301209C461EB9002168E73846FAE747
:1012F800C6E9004CF8E7C7F1200CBB4022FA0CF411
:101308001C432EFA0CF120FA0CF3B84001434FEAC3
:1013180014490EFA07F5B3FBF9F81FFA84FE09FB26
:1013280018300B0C08FB0EFA43EA00439A4502FA00
:1013380007F240D9E31808F1FF3004D29A4502D9E0
:10134800A8F102002344A3EB0A0389B2B3FBF9F81E
:1013580009FB183308FB0EFE41EA03418E452CD9E0
:10136800611808F1FF3304D28E4502D9A8F10203AF
:10137800214443EA0040A0FB0298A1EB0E0141453D
:10138800CE46434602D306D14D4504D2B9EB020EF0
:1013980068EB04030138002EA6D0B5EB0E0261EB12
:1013A800030101FA0CFC22FA07F34CEA0303F940A3
:1013B800C6E9003198E74046C5E74346D9E700004B
:1013C80008B5114B1868836810495B689847011E77
:1013D80004DABDE808400E4806F02DB90D4BB3F904
:1013E80000001E38FEF7F6FF05A3D3E90023FFF738
:1013F80085F9FFF71BFB084B186008BDAFF30080A9
:1014080033333333335344403804002088030020F7
:10141800399E0008F0050020240400200A4B012210
:101428001A700A4A13680133042BA8BF0123012B41
:10143800136006D0022B0CBF01230223044A137049
:1014480070470023FAE700BF8A060020A8000020A2
:10145800090600201FB50B46094901910221029196
:101468008DF80C109DF80C20816842F002028DF86E
:101478000C208C68012201A9A04704B010BD00BF50
:101488000606002010B586B00B4600218DF808101E
:101498000A4900920122CDE90312019207228DF830
:1014A80014209DF81420816842F002028DF814205F
:1014B8008C6802226946A04706B010BD08060020C5
:1014C80008B508484FF4B01105F0F9FF06484FF485
:1014D800B01105F0F4FFBDE8084004484FF4B0111E
:1014E80005F0EDBF889400088094000878940008FF
:1014F8002DE9F0471F4D20492B68204EDFF88080EA
:1015080020480B600024AB883480C8F800008B802A
:101518008368DFF874901B6898471C4B18601C4B55
:101528004FF0140A52462146184607F022F9194985
:10153800D5F806300B600122C0E901266B89A9F8AD
:10154800004002270C26C76006748B80D8F800007C
:1015580083681B689847104B1860104B5246214609
:10156800184607F006F92022C0E90129C760067469
:10157800BDE8F08744910008EA050020F205002044
:1015880038040020148E0008F00500208403002091
:101598009C030020E405002080030020880300202D
:1015A80070B50F4D0F4C28680123802629216370E0
:1015B8002670FFF74FFF032005F087FF2868267085
:1015C800032329216370FFF745FF81232370D52367
:1015D800637028682921BDE87040FFF73BBF00BF52
:1015E800400400200606002038B50A4C0A4D2A237C
:1015F800286823701D2101236370FFF72BFF0E233A
:1016080023700023637028681D21BDE83840FFF768
:1016180021BF00BF060600204004002010B50F4C73
:101628000F48206006F03DFF20B90E48BDE8104085
:1016380006F001B820684FF4B012052105F009FF43
:1016480008B10948F2E720684FF48032062105F016
:1016580000FF08B10548E9E710BD00BF34040020C9
:10166800C08D00087C9800088E980008A59800088E
:10167800431E10B50446052B07D8DFE803F0031115
:10168800131517190B4805F0D6FF204600F0A2FDE8
:10169800FA2005F01AFFBDE81040002000F09ABDBE
:1016A8000548F0E70548EEE70548ECE70548EAE7AE
:1016B8000548E8E7BC980008CF980008E0980008BB
:1016C800FB980008149900082A9900082DE9F04FA2
:1016D800A64B1B7885B0002B40F08D80A44BA54A03
:1016E8001B8812889A4206D2A34A12889A4202D2CA
:1016F800012000F06FFD9F4B9D4A1B8812889A427B
:1017080006D29D4A12889A4202D2022000F062FD57
:10171800994B974A1B8812889A4206D2954A128892
:101728009A4202D2032000F055FD944B1868FEF748
:1017380063FE02460B46924805F07DFF914B186800
:10174800FEF75AFE02460B468F4805F074FF002349
:101758008E498F48002203F0A3FB844B1B78002B93
:1017680040F08481012000F0A1FD834B804A1B8852
:10177800009388497F4B12881B880988864805F0A2
:101788005AFF864B1868FEF737FE854B04461868E3
:101798000D46FEF731FECDE90201824B1868FEF7CF
:1017A8002BFE2246CDE900012B467F4805F043FF7A
:1017B8007E4B1868FEF720FE7D4B044618680D46E0
:1017C800FEF71AFE2246CDE900012B46794805F0BE
:1017D80032FF794B00221A70644B1B78022B04D11C
:1017E800764B7748196805F026FF764805B0BDE8BE
:1017F800F04F05F020BF614A013B012B176894D8D0
:10180800604BDFF8C4B11E68684B1D68684B1C68E4
:10181800624BD3F800A0634BD3F80090604BD3F829
:101828000080654B1A78694B002A46D0DF601F603C
:10183800674BCBF80C60C3F800A0C3F80C90C3F852
:1018480004A0C3F80890C3F81080C3F81480614B53
:10185800CBF80060DD601D605F4BDC601C60DFF86A
:101868006C813946D8F80400574FFFF735F93146EF
:10187800C8F804007868574EFFF72EF929467860B3
:101888007068554DFFF728F9214670606868FFF7C2
:1018980023F9374B68601A88364B1988364B8A42C9
:1018A8001B8800F2D080C0F0D5809A42BFF43DAFCB
:1018B8004A4A93680133936037E7D8683946FFF797
:1018C800B1FB424B00283DD0DF60DBF80C0031460D
:1018D800FFF7A8FB00283ED0CBF80C60DFF8F4B087
:1018E8002946DBF80C00FFF79DFB002878D0CBF8E1
:1018F8000C50DFF8E4B02146DBF80C00FFF792FB50
:10190800002877D0CBF80C40DFF8C4B05146DBF89C
:101918000000FFF787FB002876D0CBF800A0DBF8A3
:1019280008004946FFF77EFB002877D0CBF80890DF
:10193800DBF810004146FFF775FB002878D0CBF89C
:1019480010808CE718683946FFF78AFB0028BCD05E
:101958001E4B1F60B9E7DBF800003146FFF780FB3C
:101968000028BBD0CBF80060B8E700BF090600200C
:10197800F8050020F4050020F605002020040020CA
:101988003C99000824040020539900080A06002006
:1019980034010020FA050020629900083004002074
:1019A800280400202C040020969900081C0400201C
:1019B80018040020DF990008010100201404002009
:1019C800199A0008C19B0008E4030020D4030020F2
:1019D800BC03002004040020F4030020B00300200E
:1019E800DBF800002946FFF73BFB002881D0CBF845
:1019F80000507EE7DBF800002146FFF731FB0028A6
:101A080082D0CBF800407FE7DBF804005146FFF7AF
:101A180027FB002883D0CBF804A080E7DBF80C0074
:101A28004946FFF71DFB002882D0CBF80C907FE7D2
:101A3800DBF814004146FFF713FB00283FF40FAF13
:101A4800CBF814800BE79A420BD9094A1368013383
:101A580013606AE6994204D9054A53680133536012
:101A680063E69A42BFF461AE99421FE702207AE624
:101A7800B003002010B5474B47491C682046FFF7C4
:101A8800D1FA20B945492046FFF7EAFA10B10120FA
:101A9800FFF7EEFD424B1888FFF7D2F8414904469C
:101AA800FFF7C0FA00BB40492046FFF7D9FAD8B97A
:101AB8003E4B1888FFF7C4F83D490446FFF7B2FAD1
:101AC80090B93C492046FFF7CBFA68B93A4B1888D9
:101AD800FFF7B6F839490446FFF7A4FA20B93849A0
:101AE8002046FFF7BDFA10B10220FFF7C1FD354BC4
:101AF80018684FF07E5120F00040FFF7B1FAB0B9F6
:101B0800314B32491C6824F000442046FFF78AFA1A
:101B180068B92F492046FFF7A3FA40B92D4B18683A
:101B28004FF0804120F00040FFF79AFA10B10320EF
:101B3800FFF79EFD284B29491C682046FFF772FADB
:101B480020B927492046FFF78BFA10B10420FFF788
:101B58008FFD244B24491C682046FFF763FA20B9FF
:101B680022492046FFF77CFA10B10520FFF780FDD7
:101B78001F4B20491C682046FFF754FA20B91E491C
:101B88002046FFF76DFA20B1BDE810400620FFF7A8
:101B98006FBD10BD240400200000404000007041CB
:101BA800F805002000401C4500A08C45F4050020E5
:101BB80000C05A4500E0AB45F60500200000484447
:101BC80000002F45300400202C04002000000841AC
:101BD80000002841280400201C040020000020C127
:101BE80000004842180400200000C8410000964246
:101BF8002004002066668C420000BE4238B5114DB4
:101C0800FFF7DEFB00F0C8FC00F018FD00F092FDC5
:101C180000F094FE2B78022B01D100F0B5FE0A4C9F
:101C2800237853B9FFF752FD2B78013B012B01D8DC
:101C3800FFF720FF0123237038BD012005F045FC84
:101C4800EEE700BF090600200201002037B52E4844
:101C580006F027FC002849D12C4805F0ECFC2C4C58
:101C6800206806F01EFC10B92A4805F0E4FC2A4B4F
:101C7800186806F016FC10B9284805F0DCFC284B5B
:101C8800186806F00EFC10B9264805F0D4FC264D5D
:101C9800264A2068002329212B70FFF7F3FB2978B7
:101CA800442902D0224805F0C6FC00232B70206886
:101CB8000D230DF107021D218DF80730FFF7E2FB18
:101CC8002B781A2B02D01B4805F0B5FCE7232068B7
:101CD8008DF807300DF107024021FFF7D3FB80B1E3
:101CE800154803B0BDE8304005F0A5BC064806F02D
:101CF800D8FB0028B0D0114806F0D3FB0028ABD0A1
:101D0800ADE703B030BD00BFA48D0008299A0008D4
:101D1800400400203E9A00083C0400204D9A000828
:101D2800380400205D9A0008080600200001002001
:101D38006C9A0008879A0008A89A0008C08D0008C5
:101D48002DE9FF4704466348634F644E644D05F030
:101D580072FC2046FEF774FF804601467868614CA5
:101D6800FFF776F841468246B8607068FFF770F86A
:101D78004146B0606868FFF76BF84146A860606844
:101D8800FFF766F8A0603868FEF736FB8046F8680B
:101D98008946FEF731FBCDE902015046FEF72CFBE0
:101DA80042464B46CDE900014F4805F044FC3068F7
:101DB800FEF722FB8046F0688946FEF71DFBCDE959
:101DC8000201B068FEF718FB42464B46CDE9000118
:101DD800464805F030FC2868FEF70EFB8046E868A8
:101DE8008946FEF709FBCDE90201A868FEF704FB66
:101DF80042464B46CDE900013D4805F01CFC2068F1
:101E0800FEF7FAFA8046E0688946FEF7F5FACDE96A
:101E18000201A068FEF7F0FA4246CDE900014B4600
:101E2800344805F008FC00236360334C7B60736022
:101E38006B60D4E90032934205DDA268934202DD6B
:101E48002E4805F0F8FBD4E90023934205DDA2688B
:101E5800934202DD2A4805F0EEFBD4E901239342C0
:101E680005DD2268934202DD264805F0E4FB0023E5
:101E7800C4E90033A360244C2068FEF7BDFA064687
:101E880020690F46FEF7B8FACDE90201A068FEF70F
:101E9800B3FA32463B46CDE900011C4805F0CBFBBE
:101EA8006068FEF7A9FA064660690F46FEF7A4FACD
:101EB800CDE90201E068FEF79FFA3246CDE900015C
:101EC8003B46134805F0B7FB124B01221A7004B0C9
:101ED800BDE8F087BF9A000804040020F40300203E
:101EE800E4030020D4030020D19A00082D9B0008A9
:101EF8007D9B0008C49B0008B0030020079C0008D5
:101F08001F9C0008399C0008BC030020529C000854
:101F1800A39C00080101002070B511484FF48031DE
:101F280005F0CDFA0F488468A56965B103691B6897
:101F380013F0020F14BF4FF000734FF080634FF09F
:101F4800A0720121A8470849084B4B6002238B6007
:101F5800E36923B1BDE8704002480122184770BD0B
:101F680090940008C08D000844040020251400083F
:101F78002DE9F84FFFF7A4FA864B874A1A60874B7A
:101F8800874A1A60FFF7B4FAFFF70AFBFFF72CFB42
:101F9800FFF744FBFFF7C0FF8248834E4FF4B011B0
:101FA80005F08DFA81484FF4B01105F088FA8048A1
:101FB8004FF4B01105F083FADFF8F8A19AF8004061
:101FC800002C63D09AF80040012C21D1002000F0A9
:101FD80001F9794805F02FFB784B72481C700021F5
:101FE80005F059FA7248002105F055FA21466F4864
:101FF80005F051FA05F047FA04460F4605F043FA92
:102008004FF00009054688469AF80030012B61D048
:102018009AF80030022BCFD1002000F0DBF8684896
:1020280005F009FB5F48002105F035FA60480121F9
:1020380005F031FA5D48002105F02DFA05F023FA84
:1020480083460D4605F01FFA4FF0000804460F4678
:102058009AF80030022BAFD1FFF7D0FD05F013FA44
:10206800584B001B61EB0701984271F1000108F120
:10207800010808DB4046FFF763FE05F004FA4FF05D
:10208800000804460F46DFF840915BE04F4805F032
:10209800D2FAFFF7DBFD4348012105F0FCF944487B
:1020A800214605F0F8F94148214605F0F4F99AF877
:1020B8000030002B86D1FFF7A1FD4FF4FA64337886
:1020C80013B100233370F2E7012005F0FEF9013C5B
:1020D800F5D1ECE7FFF792FD05F0D5F9394B401B38
:1020E80061EB0801984271F1000109F1010908DB6F
:1020F8004846FFF725FE05F0C6F94FF000090546EA
:10210800884647F2305B02E0012005F0DEF905F071
:10211800BAF9001B61EB0701584571F1000104DAB7
:102128003378002BF0D00023337005F0ACF9044667
:102138000F4669E71E48012105F0ADF91BE00120B3
:1021480005F0C3F905F09FF947F23053B0EB0B00E7
:1021580061EB0501984271F1000115DA00F014FCF9
:10216800D9F80030632BE5D1194B19489B684FF417
:1021780000715B6998474FF47A7005F0A6F93378D7
:10218800002BDCD00023337005F07DF983460D4623
:102198005EE700BF40040020308E00083C040020A9
:1021A800F88D0008709400088A06002068940008DA
:1021B8006094000809060020FF9C00080101002027
:1021C8000D9D000880EE360014040020F39C0008E2
:1021D800A48D000810B5002104461A4805F07AF9C4
:1021E8001948002105F076F91848002105F072F920
:1021F800062C26D8DFE804F004122218141B1E004F
:102208001048002105F066F900210E4805F062F932
:1022180000210C48BDE8104005F05CB90121F8E741
:102228000848012105F056F908480121F2E7064857
:102238000121F7E70348012105F04CF90248012183
:10224800E8E710BD88940008809400087894000896
:10225800F8B518B303780BB3002103F097FC114BC2
:10226800002206460F46FEF749FAFEF7B7FBFEF7CF
:10227800B1F80C4B002204460D46FEF715F902464C
:102288000B4630463946FDF757FF074B0022FEF74D
:1022980035FA22462B46FDF751FFF8BD00200021F4
:1022A800FBE700BF0000594000004E402DE9F04F09
:1022B8009F4D2B78C3B083462BB99E4805F0BBF9D8
:1022C80043B0BDE8F08F9C490622284606F06AFA1A
:1022D800044630B19948294643B0BDE8F04F05F0AF
:1022E800AAB922AE29467F22304606F06DFA3C2272
:1022F800214613A88DF8074106F03BFA0C96904E3C
:1023080013AD31460CA806F091FA30B9092C09DC56
:1023180087498C4805F08FF9D2E701340F2C45F82E
:10232800040BEED1DDE916A31A9D1C9C0893DDE988
:102338001468DDE91879002DBFD02B78002BBCD0AC
:10234800284606F01EFAB9F1000FB6D099F8003009
:10235800002BB2D0302BB0D00028AED04046FFF7CB
:1023680077FF80468946BAF1000F08D09AF8003006
:10237800532B01BF024601F1004390469946089845
:10238800FFF766FFCDE9080147B13B78572B05D128
:10239800DDE9082101F10043CDE908236A4A106804
:1023A8005168127A0DAB03C31A7010AB03C31A70CD
:1023B800002E00F0A3803046FEF796FE052840F276
:1023C8009D8096F800C0ACF1300CBCF1090F00F20A
:1023D800958070783038092800F29080B1783039CB
:1023E800092900F28B80F278303A092A00F28680B7
:1023F8003379303B092B00F281807779303F092F00
:102408007CD84FF00A0E0EFB01260EFB0C0A0EFBC1
:102418000377CDE900674D4A534609210DA803F01B
:102428008BFBBBF1010F28D12B78DFF824A149469B
:10243800002B08BF5546002200234046FEF7BAFA93
:102448004646DDE90883002829F00047DDE9080150
:1024580023F000494FF000024FF0000314BF4FF083
:102468004E0B4FF0530BFEF7A5FA002814BF452377
:102478005723002C47D1544649E00AF1010A182392
:10248800CDE90067BAFBF3F2092103FB12A310A8F8
:102498002E4A03F051FB10AE2B782D4F4946002BE6
:1024A80008BF3D46002200234046FEF783FA002875
:1024B80014BF4E2353230B93C246DDE90883DDE99D
:1024C800080129F0004B002223F000490023FEF701
:1024D80071FA002814BF452357233CB32278002AF9
:1024E80008BF3C4604930B9B0093CDE90546CDE914
:1024F8000289184852465B46294614E0BBF1010F91
:1025080092D00DAEC8E72278002A08BF5446CDE91C
:1025180002890DAA10480493CDE90542CDF800B010
:1025280032463B46294605F086F8C9E63C46D9E7D7
:102538000A060020279D0008459D00084C9D0008BC
:10254800599D00085B9D0008309E0008769D000894
:10255800379E0008D69D0008859D000810B586B0F6
:102568000122019200228DF808200A4A0091039264
:102578000721022204928DF814109DF81430816806
:1025880013438DF814308C6829236946A04706B098
:1025980010BD00BF8B06002038B50F4D0F4C1049F9
:1025A8002868FFF7DBFF0F4B22880F4928681A803D
:1025B800FFF7D4FF0D4B22880D4928681A80FFF7D2
:1025C800CDFF0C4B22880C4928681A80FFF7C6FFFC
:1025D8000A4B22881A8038BD400400208B06002050
:1025E80006010020FA05002005010020F80500205A
:1025F80004010020F405002003010020F605002056
:1026080010B586B00122019200228DF808200A4AEE
:10261800009103920721022204928DF814109DF86C
:102628001430816813438DF814308C681D23694673
:10263800A04706B010BD00BF8D060020F8B5224E99
:10264800224C23493068234D234FFFF7D9FF2388B5
:1026580022493068DBBA9B102B80FFF7D1FF238813
:102668001F493068DBBA9B103B80FFF7C9FF2488FD
:102678001C4BB5F90000E4BAA4101C80FEF7E0FA80
:102688001949FEF731FB4FF06651FEF72DFB174B4A
:102698001860B7F90000FEF7D3FA1349FEF724FBD8
:1026A8004FF06651FEF720FB114B18602046FEF7ED
:1026B800C7FA0D49FEF718FB4FF06651FEF714FBF9
:1026C8000C4B1860F8BD00BF400400208D060020A8
:1026D8000901002000060020FE0500200801002056
:1026E80007010020FC0500200AE81C4130040020F6
:1026F8002C0400202804002010B586B00122019285
:1027080000228DF808200A4A00910392072102222C
:1027180004928DF814109DF81430816813438DF8D5
:1027280014308C6840236946A04706B010BD00BF2E
:102738008F06002070B5244E244D25493068254C5D
:10274800FFF7DAFF2B88244930685BBA2380FFF74C
:10275800D3FF2888214B40BA188080B2FEF76CFA64
:102768001F49FEF7C1FA4FF05E51FEF7BDFA1D4949
:10277800FEF7B0F91C4B054618602088FEF75CFA96
:102788001A49FEF7B1FA4FF05E51FEF7ADFA184953
:10279800FEF7A0F9174B1849186004462846FEF7BB
:1027A800A3FA04F00DFE1449FEF752FB134B12492D
:1027B80018602046FEF798FA04F002FE0E49FEF76C
:1027C80047FB0F4B186070BD400400208F060020A7
:1027D8000B010020040600200A0100200206002048
:1027E80052B82F4366663B42500400200000FA426C
:1027F8000000C040540400200000C8421C0400200F
:10280800180400202DE9F04F424DA1B0424FDFF8E7
:102818000C913B78002BF9D0DFF804810DE099F892
:1028280000300D2B09D02A7892B9242B05D13D49C7
:1028380001222A700A603C4A1370D8F800008368A5
:102848001B68002BE5D0354998470028E7D0DDE71D
:10285800344E0A2B346855D1DFF8CCA033490AF836
:1028680004000622504605F09DFF002841D12A2188
:10287800504605F0C5FF014600283AD00AF1010A82
:10288800504536D34078A0B391F802B0BBF1000FA1
:102898002FD004F033FEB0F1000A2ADB584604F0CA
:1028A8002DFE031E25DB43EA0A132148DBB2002272
:1028B800814222D193421CD11E498022684605F0EC
:1028C8004AFF7F2C28BF7F2422461749684605F017
:1028D80042FF04F180030DEB03044FF0000A04F8F3
:1028E80080AC154800220023694605F008FE87F8E9
:1028F80000A000232B7033609FE710F801CB82EA19
:102908000C02D5E77E2CF4DC621C3260064A1355B3
:1029180093E700BF910600200201002092060020E4
:102928003C0400205804002093060020459D000820
:1029380094060020509100083401002008B50B4B84
:10294800186883680A495B6898470A4BB3F900001E
:10295800FEF776F90849FEF7BDF80849FEF7C4F90D
:102968000749FEF775FA074B186008BD38040020C0
:102978009C030020F2050020000048430000C842E4
:10298800008054452004002038B51F4C01212068E0
:1029980004F0D8FD0A2005F05EFD2068002104F04F
:1029A800D1FD206804F0C0FD0028FAD002F00EF82E
:1029B8000546206804F0B8FD0128FAD002F006F8B0
:1029C800401B18302CBF012100214FF42E62002338
:1029D800FEF770FB0446FEF72FF90C49FEF740FBA3
:1029E80000280CBF20460020FEF726F908490446B7
:1029F800FEF736FB28B92046FEF73CFB054B18606E
:102A080038BD6320FAE700BF340400200000E1432A
:102A18000000C64214040020014B1B68184700BF81
:102A2800AC000020014B1860704700BFAC000020CC
:102A380030B585B004460D4610220021684605F0E1
:102A480098FE02238DF802302A46044B0193214652
:102A5800684603F069FB05B030BD00BF212A0008B5
:102A680080B505460E461746984602F033FD0346E4
:102A780006F000F9DFF81890044649F8003042469D
:102A880030463946A84754F8090000F00BFB00BF50
:102A980008000000034A536823F002035360002033
:102AA800704700BF002004E0EFF31180102383F388
:102AB8001288BFF36F8F094B1A683AB9084A116830
:102AC80041F4807111601168C905FCD51A6801329A
:102AD8001A6080F31188BFF36F8F7047600400207D
:102AE80000040058EFF31180102383F31288BFF31A
:102AF8006F8F114B1A689AB9BFF35B8F0F4B012286
:102B080053E8001F002904D143E8002CBCF1000F52
:102B1800F6D1BFF35B8F80F31188BFF36F8F7047D7
:102B2800012A01BF06490A6822F480720A601A68FD
:102B3800013A1A60EFE700BF600400205C0400203F
:102B480000040058084B1A6842F400721A601A68A8
:102B580042F480621A601A6842F480721A60034B69
:102B6800034A1A60704700BF00400058F000002078
:102B780000093D00014B036000207047989400084D
:102B880008B50348034A0021121A04F062FD08BD83
:102B980060010020180700200748084A084908B5BE
:102BA800121A04F058FD0748074A0849BDE80840CA
:102BB800121A04F050BD00BF000000205C01002084
:102BC8005CA3000800000020000000205CA30008AF
:102BD80038B505460C4699B1D1E901230F48096873
:102BE80004F029FDD4E90423E1680D4804F023FD2D
:102BF800E1690C4804F01FFDA1690B4804F01BFDB6
:102C0800012D05D1EFF305810848103904F013FDB3
:102C180021462846BDE8384001F0ACBF589E000860
:102C2800889E0008B89E0008C89E0008F79E000805
:102C380030BFFFF7FDBF00BF2DE9F0410B4EDFF8B5
:102C4800308006EB0807CC1B05463246094920466A
:102C580005F081FDA01942460021083C05F089FDD8
:102C68002C6707F10800BDE8F08100BF00000000F4
:102C78000800000030910008054B5A699B689A4289
:102C88001FBF044A536843F080535360704700BF26
:102C9800B805002000ED00E02DE9F8432B4D8046F3
:102CA8002B481746894604F0C6FCAB6ADA0622D5DB
:102CB800284804F0C0FC1124AB6A1B0703D526483A
:102CC80004F0B9FC1224214DAB6A9E0715D52348A0
:102CD80004F0B1FC6E6BAB6A1C0634D52048314653
:102CE80004F0A9FCB9F1000F03D0AB6A23F080030C
:102CF800AB62132403E01024DEE76FF01506134DD2
:102D0800AB6AD80703D5174804F095FC1424AB6ABE
:102D1800D90602D4AB6A9A070BD50C4B5B681B0526
:102D280007D54146304600F065FA10B180F30988AE
:102D38000224064A936A43F0FF03936200233B7020
:102D48002046BDE8F8836FF01506D2E700ED00E0F5
:102D58000B9F0008229F0008569F00086A9F0008E2
:102D6800839F00089A9F000810B51D4C1D4804F069
:102D780062FCA36A990130D51B4804F05CFC1E2054
:102D8800A36ADA0103D5194804F055FC1F20144C36
:102D9800A36A1B0303D5164804F04DFC2120A36A3F
:102DA800590303D5134804F046FC22200C4CA36AAF
:102DB8009A0303D5104804F03EFC2320A36ADB03E2
:102DC80003D50E4804F037FC2420054A936A6FEABD
:102DD80003436FEA1343936210BD1D20D0E700BF81
:102DE80000ED00E0BA9F0008D39F0008E79F0008A5
:102DF80002A0000821A0000847A0000862A000085F
:102E080070B5204C064620480D4604F014FCA36A11
:102E1800D90435D51D4804F00EFC1720A36A1A05FD
:102E280003D51B4804F007FC1820164CA36A9B0521
:102E38000FD5184804F0FFFBA16BA36A180407D547
:102E4800154804F0F8FB1EB1A36A23F40043A362FB
:102E580019200C4CA36A5A0503D5104804F0EBFB63
:102E68001A20A36ADB0503D50D4804F0E4FB1B20F8
:102E7800044A936A43F47F43936200232B7070BD26
:102E88001620CBE700ED00E08EA00008A5A0000802
:102E9800569F0008B7A00008D1A00008E7A00008C6
:102EA80003A100082DE9F0415B4B5F688AB0044636
:102EB800C7F30806002585F31188BFF36F8F02F06A
:102EC8007F43B3F17F4F06D102F00C03082B13D1D7
:102ED800524804F0B0FB00252C464FF00008F31EC2
:102EE8008DF80780092B00F28680DFE803F00A7A64
:102EF8007E7684848484848210074CBF0C46012526
:102F0800EBE74748444E04F096FB8DF80780F36AD8
:102F18009A0704D5434804F08EFB002330E0F36A97
:102F2800002B01DA4048F6E7F36A5B00F5D53F4825
:102F380004F081FB7369A26943F480737361BFF382
:102F48004F8FBFF36F8F736932F8022C23F48073AD
:102F58007361BFF34F8FBFF36F8F4DF602739A42C1
:102F680009D0B36ADBB253B30DF107020121204641
:102F7800FFF792FE33E021682D4804F05CFB2368DC
:102F88009DF80720C2B902AE04F1200720686168E5
:102F9800324603C20834BC421646F7D1099AB5B383
:102FA800C2F3080121B96FEA52226FEA422209925C
:102FB80002A91846FFF70CFE0AB0BDE8F081B36A13
:102FC80013F47F4F05D00DF107010120FFF718FF1B
:102FD80005E0B36AB3F5803F9FD3FFF7C5FE03460C
:102FE800CEE70DF107020021C1E70DF1070100202E
:102FF800ECE710488FE7104B1049114817F4F87F99
:10300800A6F1100218BF194604F015FB85E722F453
:10301800FF7222F00102CAE700ED00E04AA10008B1
:1030280076A100088EA10008B0A10008BFA1000881
:10303800DFA10008FCA1000831A100081CA10008BC
:1030480021A20008044B5A6942F010025A615A69D9
:1030580022F008025A61704700ED00E0EFF30880A3
:10306800EFF3098101B57246FFF71CFF01BD00BFF0
:103078000A4880F30888102080F3118808484FF424
:103088000461401880F30988EFF314800221084393
:1030980080F31488BFF36F8F04F0EEFA001B002052
:1030A80080090020084B9B6883420BD1EFF305830E
:1030B80043B1064B5A6842F080525A605A6A22F469
:1030C80000425A6202F00CBAB805002000ED00E098
:1030D80014498A684FF030001044EFF3098C80E8F7
:1030E800F01F102080F31288BFF36F8F0E4F4FF040
:1030F80000664A698A603E60106F0C4C2060506F11
:103108000023536780F3118804B5104600F0D6F801
:10311800BDE8044002F1300090E8F01F8CF3098804
:1031280070470000B805002004ED00E064040020AA
:103138001EF0040F0CBFEFF30880EFF309808169DC
:1031480011F8021C0229FFD001B5724604F085FA75
:1031580001BD00BF40B2002807DB044A4109012332
:1031680000F01F00834042F82130704700E100E082
:1031780040B20028A8BF00F1604001F10101B8BFCA
:10318800064B4FEA0111ACBF00F5614000F00F009B
:10319800C9B2B4BF195480F80013704714ED00E0A9
:1031A800044B054A23F07F039360BFF34F8FBFF3AF
:1031B8006F8F70470000000800ED00E042F8203CE7
:1031C800009B42F81C3C0A49019B42F8183C029BB0
:1031D80042F8143C21F001014FF0807342F8043C9E
:1031E80042F8081C0023203A02654367704700BF75
:1031F800692A0008094A0346906870B113F1160F4E
:10320800006E05D0A0F140029A4205D8834203D24D
:10321800814228BF0020704700207047B805002071
:1032280008B515460B4A0C4B9060026F1A600E46A3
:1032380000F044F82C4686F309880020034B984791
:103248002046002100220023014C20479D760008DB
:10325800692A0008B805002064040020014B1022E8
:103268001A61704700ED00E0044800231021C218DD
:1032780001333E2B82F80013F9D1704700E100E0DA
:1032880008B5EFF30583064A103B02EBC30152F879
:10329800330049688847BDE80840FFF7EDBC00BF28
:1032A8004C8E0008024B034A0348012100F076B80F
:1032B800000001200000002098940008026E054BD1
:1032C800403A1A60044A4021C3E901121846012114
:1032D80000F06EB86804002000000B15084AC2F818
:1032E80098000B6823F01F03034343F01003C2F850
:1032F8009C308B6843F00103C2F8A030704700BFD0
:1033080000ED00E02DE9F043DFF8608085B00E465F
:103318001F4604464FF00009B14523DA6068D8B16A
:103328003FB1411E08421BD11F2819D923681942F1
:1033380016D12368019304F0C1F9A36803430393EA
:10334800D8F89050C5F30725D0B2013DA84207D858
:1033580001A9FFF7C3FF421C09F101090C34DBE79F
:103368006FF01502104605B0BDE8F08300ED00E0EF
:10337800044B0522C3F89420BFF34F8FBFF36F8F20
:10338800704700BF00ED00E0BFF35F8F024B0022E3
:10339800C3F89420704700BF00ED00E010B5034C5F
:1033A80001232278FFF7AEFF207010BD130700201D
:1033B80008B50B4A00231278FFF7A4FF10F1160F87
:1033C80007D0084A0021D2F89030C3F30723984267
:1033D80000DB08BDC2F89800C2F8A0100130F2E77F
:1033E8001307002000ED00E02DE9F043534B544C47
:1033F800D3F890302568C3F307239D4285B000F2C7
:103408009A80FFF7C1FF00200C2685421AD14D4C47
:103418004D4F25706846FFF7ADFBDFF82081DFF8D8
:103428002C9106460025AE4213D12378434900204B
:10343800D1F89020C2F30722934276DBFFF798FF7A
:10344800002042E0616806FB0011FFF747FF0130EA
:10345800DBE7009800EB05114FEA051CCB683B4001
:10346800B3F5000F48D00AD8B3F5001F30D0B3F534
:10347800800F36D0B3F5801F10D00135D3E7B3F1F4
:10348800807F42D0B3F1007FF7D150F80C308868C4
:103498004A6804F013F940F4802009E050F80C3031
:1034A80088684A6804F00AF940F0885040F43020EF
:1034B800CDE901230390D8F890302078C3F307238F
:1034C800013B98422AD96FF0150005B0BDE8F0839A
:1034D80050F80C3088684A6804F0F0F840EA0900AF
:1034E800E6E750F80C3088684A6804F0E7F840F0DE
:1034F800C06040F40030DBE750F80C3088684A6858
:1035080004F0DCF840F08270D2E750F80C3088689C
:103518004A6804F0D3F840F08870C9E701A9FFF7BA
:10352800DDFE237801332370A7E7C1F89830C1F88E
:10353800A00001337CE74FF0FF30C6E700ED00E064
:10354800A4940008130700200000F0FF00000811F1
:1035580008B5024B1B689847002008BD740400207A
:10356800034B044A1860937843F002039370704742
:1035780074040020B000002008B50649064821F070
:103588000701C1F1005202F5803204F015F800205D
:1035980008BD00BF471F00207804002013B50C4C5D
:1035A800204604F07EFF68B10A4A92E803006B46A1
:1035B80083E80300A26812683AB11946204690478A
:1035C80002B010BD6FF01200FAE76FF05700F7E78E
:1035D800188D0008309100083F280DD800F01F0210
:1035E80001239340054A1F2894BFD268D26A9343A7
:1035F8000CBF0120002070470020704700080058C9
:1036080000F01F0201233F2803FA02F307D81F28FE
:10361800044A02D8D36000207047D362FBE76FF0FA
:103628001500704700080058044B18440023013364
:10363800994200F8012BFADC704700BF0C0100200A
:103648002DE9F041104F054600264FF001086B7830
:10365800F4B2A34201D8BDE8F0812B781C4420467F
:10366800FFF7BAFF68B12046FFF7CAFF57F83430B2
:103678003BB107EBC40204F01F04516808FA04F0D8
:1036880098470136E3E700BF84040020034670B181
:10369800B0FA80F2C2F11F02D2B206498856064A31
:1036A800D2F880100B43C2F88030FFF753BDFF22D9
:1036B800F3E700BF0C01002000080058034AD2F8C5
:1036C800803023EA0003C2F88030704700080058B1
:1036D800032921D8DFE801F0020C10190F4B1A68F2
:1036E80022EA00021A605A6822EA00025A60704709
:1036F8000A4B1A680243F5E7084B5A6802435A60B6
:103708001A6822EA00021A607047044B1A680243DA
:103718001A605A6810435860704700BF0008005884
:1037280030B5B0B1B0FA80F3C3F11F03DBB20B4878
:1037380050F833408C4204D100EBC3056D689542C4
:1037480005D044B940F8331000EBC30042600020B4
:1037580030BDFF23EBE76FF00F00F9E7840400208A
:1037680060B1B0FA80F3C3F11F03DBB2044A002151
:1037780042F8331002EBC30251607047FF23F5E7AC
:103788008404002000F00302043292000F239340C7
:1037980043EA900000F003030233064A52F823205C
:1037A800030C02EA104093FAA3F3B3FA83F3D84068
:1037B800704700BF00000140F0B5456895F83C30FF
:1037C800DB0602D40B799F061BD40B78092B18D182
:1037D8004B78042B15D14A88B2B143F6FF739A424D
:1037E8001BD0930B032B0CD1264F05F12606002383
:1037F80036F8024F3C43A4B2A24206D00133082B4C
:10380800F6D16FF0150007E0134695F93820012A24
:1038180005DC002AF5DB0020F0BD0723F5E7022AC6
:10382800EFD10C7901692A6891F9A600461C04F0C9
:103838001F0401D098420ED181F8A63051694FF487
:103848008070A04021EA00015161516921F007010F
:103858000B435361DFE791F9A700451C01D098425B
:10386800CFD181F8A730556907484FF48071A1403E
:103878006840014069405161516921F0700141EA95
:103888000313E6E700C0FFFF04FFFF0338B52F4B23
:103898001A68D10644BF10221A601A68520745D523
:1038A8002B4C1A6CD4F89430991CC4F894101A80D4
:1038B80094F8A53094F8A4200133DBB29A4284F836
:1038C800A530254632D1002384F8A530636E9BB31A
:1038D800E36FB4F888203BB11E4804F164019847AF
:1038E800012811D0022822D0B4F88830B4F88420F6
:1038F8009A421CD90133A4F88830A36F4BB9BDE8AC
:103908003840134803F073BFD4F89830C4F89430A3
:10391800F3E7BFF35B8F55E8003F5A1E45E80021E7
:103928000029F8D1BFF35B8F012BE8DC38BDA36F0A
:1039380013B1094804F0EBFE4FF6FF73A4F8A63064
:103948000648BDE8384001F00DBB00BF0024014027
:1039580000000020148E00080800002050000020FD
:1039680073B5466835680446284603F07FFF6068EB
:1039780003F030FF96F83C309B0602D5606803F0F0
:1039880029FF074861688368DB6808310BB101AA21
:103998009847284602B0BDE8704003F04EBF00BF0C
:1039A800188D00082DE9F74F456806692F68044609
:1039B800DFF81CA1504604F074FD002800F0858053
:1039C8004FF6FF73C6F89040A6F8A630D4F80480E6
:1039D800DAF808B04146DBF8003051F8089B63B3C9
:1039E80050469847024640BB98F83C30D9071BD44C
:1039F80098F83C309A0708D5DBF8183008F1180118
:103A0800DBB1334800229847B8B9D8F8202022F013
:103A18000043B3F1804F43D1D9F8103023F040432D
:103A28001343C9F8103008E0DBF8183008F110012A
:103A38001BB1504698470028DAD0686A01AA0021CD
:103A480004F0A5FA00283BDB019B002219791868CD
:103A580000F086FC002833DB95F93B3073B1BB6876
:103A680023F0104323F0170343F08053BB6095F90C
:103A78003B30012B02D1142004F0EDFC6B6803B13C
:103A880098472046FFF76CFFFB6823F45C63FB60F4
:103A9800B36C1BB906F1400001F064FA002011E094
:103AA800B2F1004FB8D00B49D1F8083723F470139E
:103AB8001343C1F80837D9F8103023F04043B0E772
:103AC800831CC9D003B0BDE8F08F6FF01200F9E78E
:103AD800188D0008002001402DE9F04F036985B0DA
:103AE80006460D4603F140084FF0FF324FF0FF3312
:103AF800404601F06BFA73683469D3F80090AB68FC
:103B0800C4F894306F68C4F8A0703846FDF7F4FA2A
:103B1800002384F8A40084F8A53047B96FF0150491
:103B2800404601F01FFA204605B0BDE8F08F7268E4
:103B3800106892F93D103C328B4201DB12D1EDE75F
:103B480052F8047F95F810C0BCEBD74F40F08D8039
:103B5800FBB2FF2BC7F30422C7F3423BC7F3024A69
:103B680040F0858033697068D3F8A0204FF0010CCD
:103B78000023002A40F0958090F939204AB902685C
:103B8800C3F31103936213689904FCD54FF40053EF
:103B9800136094F8A4302A685B0012B1928902FB82
:103BA8000333EA689A42C0F0B880D6F804B095F8B2
:103BB80011A0DBF80000BAF1000F7ED10369DA0723
:103BC80005D503F053FE036923F001030361AB7CC1
:103BD80013B13046FFF7C4FE484603F02EFE10230B
:103BE800C9F80030D9F8043043F00403C9F80430A8
:103BF8002F460FCF04F164060FC63B6833600026DA
:103C080026662B68002B00F084800FCB04F1780522
:103C180085E80F006566A4F88860002879D0BFF3AE
:103C28005B8F54E8003F44E80062002AF9D1BFF3F3
:103C38005B8FA06F633046F1000164220023FDF71B
:103C480039FA0022CDE90001002304F1080001F04F
:103C580023FF4FF0FF324FF0FF3304F1500001F023
:103C6800B5F900B12066246E5AE7013364E7C358FA
:103C78000392D3400BEA03039A453FF473AF03F072
:103C8800F5FD7368039A196807F0FC070BFA02FB45
:103C9800CB590AFA02FA23EA0B0343EA0A03CB5187
:103CA80060E792FAA2F1B1FA81F10CFA01F747EA5A
:103CB80081610B4322EA07025BE7BAF1080F3FF67E
:103CC8002DAF0369DB0705D403F0D0FD036943F08A
:103CD80001030361124B53F82A709BF93A30012B08
:103CE8007FF475AF0F4B53F82AA0036903F01C0348
:103CF8009A4505D1036903F4F0739F423FF467AF17
:103D080003F0B4FD036947EA0A0723F4FE733B4353
:103D18005CE7204603F06BFD9BE76FF00B04FFE6C2
:103D2800589500083495000838B5294B18680B8851
:103D3800C3F30B030B2B0D46144622D813B96FF0AF
:103D480085002FE0013B0A2BF9D801A252F823F095
:103D5800A13D0008C33D0008853D0008BB3D0008A3
:103D6800BF3D0008A13D0008A13D0008A13D000895
:103D7800473D0008AF3D0008AF3D00084FF4FA404A
:103D88000AE003F6B873C3F30B031C2BD7D8114A08
:103D980022FA03F3DB07D2D520602B68B3F5805FE6
:103DA8000ED2002038BD00F0E1F806235843400841
:103DB800F2E70948F0E70020EEE74FF40040EBE7B0
:103DC800C3F313330133B0FBF3F02060E9E700BF1E
:103DD800F0000020110111110024F40070B5604DAD
:103DE80003F0ECFD284603F0E8FD00F003FE4FF079
:103DF800B0435C4AD3F8083103F00F0352F823604C
:103E08001368B0FBF6F6B5FBF3F5AE4202D22846CE
:103E180000F05EFE03F047FD012809D04FF0B042E4
:103E2800136843F48073136003F03DFD0128FBD150
:103E38004FF0B044D4F8943043F00103C4F8943000
:103E4800D4F894309B07FBD5FEF72EFED4F89030BB
:103E580043F00103C4F890304FF0B043D3F89020FA
:103E68009407FBD5D3F8902042F08002C3F8902045
:103E78004FF0B044D4F890301805FBD5FEF732FE69
:103E8800A36803F00C030C2B1CD103F00CFD0128D4
:103E980007D0236843F48073236003F004FD0128EE
:103EA800FBD14FF0B0439A6822F0030242F00102BE
:103EB8009A609A6802F00C02042AFAD19A6822F0F1
:103EC800F0029A604FF0B044236823F080732360B7
:103ED80023689901FCD4E36823F0606343F000731E
:103EE800E360E36843F08073E36000F043F823681D
:103EF80043F0807323604FF0B0431A689201FCD5F9
:103F08009A6822F0F0029A609A6842F003029A6076
:103F18004FF0B042936803F00C030C2BFAD1AE4279
:103F280002D3284600F0D4FD0F4B0D4A1A604FF01B
:103F3800B04300209A6822F4E0629A609A6822F4FA
:103F480060529A60D3F8082122F0F002C3F80821E1
:103F5800D3F8082122F00F02C3F8082170BD00BF72
:103F6800006CDC0260970008F000002000487047F1
:103F78000024F4004FF0B0430549DA681140054ABF
:103F88000A43DA60DA6842F08052DA60704700BFAC
:103F98008C80FF1F0206002008B5074804F081FA4C
:103FA80038B10648FFF7DCFA0448FEF73BFD00206D
:103FB80008BD6FF01200FBE7DC8D0008C93F000860
:103FC8000A2838B5074D044604D1AB680D215B6853
:103FD80028469847AB6803485B68E1B29847204693
:103FE80038BD00BFDC8D00082DE9F843D0F8048007
:103FF800D0F81090D8F8080017460D461E4603F072
:10400800BBFBB7F5001F044616D12846D8F8084070
:10401800FFF7B8FB84420CD1294603F0ADFB0446F8
:10402800FFF74CFB2046FFF79BFB00212046FFF7DC
:104038004FFB0020BDE8F883B7F5800F20D0B6F11C
:10404800806F19D0B6F1C06F18D0B6F1007F1AD1C1
:10405800022610494A462046FFF762FBB0B9D8F855
:104068000810284603F08DFB20463146FFF730FB49
:104078002046FFF70BFBDCE70126EAE70326E8E723
:104088006FF08500D6E76FF01500D3E76FF00F00EB
:10409800D0E700BF337C000838B503690446586090
:1040A8000A4D284604F0FDF960B1AB6861681B68E9
:1040B8000C3123B12846984700EAE07038BD6FF00C
:1040C8005700F9E76FF01200F8E700BF188D0008F5
:1040D800F7B50446436806691948DD680F4659680C
:1040E8008368DB680022019223B96FF0040420463C
:1040F80003B0F0BD01AA98470028F6DB376206F145
:1041080010074FF0FF324FF0FF33384600F05EFFE4
:104118002B6823F001032B60204696F8521003F019
:1041280014FE019900F084F896F8513004461BB14A
:104138002B6843F001032B60384600F013FFD6E7E5
:10414800188D000870B50446466805694FF0FF32BF
:104158000021284604F0DAF93368204698470023FE
:1041680085F8503085F852300122114605F11000CB
:1041780004F0CCF91A4804F094F968B3204600F02A
:1041880039F83169174B994220D013D8164B994208
:104198001ED0164BCB1A59425941890041F01001E3
:1041A8002046FFF795FF002803DB012385F85030F0
:1041B800002070BD0E4B99420CD003F5C31303F5D4
:1041C800206399420CBF0A210021E7E70621E5E7B1
:1041D8000221E3E70821E1E76FF01200E9E700BFF9
:1041E800188D000840420F00A0860100801A0600C2
:1041F80040E1330013B5446801AA6069002103F067
:10420800C6FE002810DB019B00221979186800F00F
:10421800A7F8002808DB0548616883681B680BB1AC
:10422800984708B16FF0040002B010BD188D00085F
:104238002DE9F74F446803690193E568E369DFF8FE
:104248000881DFF80891DFF808A1DFF808B10093CA
:104258000020009B8342019B1A6A33D1C2F34202B9
:10426800012A61D0022A6BD140F2145E4FF4167C09
:104278004FF4FA7740F27716DFF8DC800220421E0E
:10428800B1FBF2F2B8FBF2F2BCFBF2F4013CFF2CFA
:1042980053D8BEFBF2F3013BFF2B4ED8B6FBF2F925
:1042A800B9F10F0F49D8B7FBF2F2013A0F2A44D8F7
:1042B80043EA0943023843EA007343EA025343EAF4
:1042C80004231DE00C23D4F818C0DFF890E003FBAA
:1042D80000F70CEB0706736873451DD015D85345D6
:1042E8001CD05B4514BF002301239B00C2F342028C
:1042F800B2EB530F16D15CF807308B4212D1B3687A
:104308002B61002003B0BDE8F08F434508D04B4532
:104318000CBF0A230023E9E70623E7E70223E5E7C2
:104328000823E3E7013094E741F25C2E4FF47A6CFE
:1043380040F2E2474FF4FA769EE7013011289ED109
:104348006FF01500DEE700BF40E13300404B4C0042
:10435800A0860100801A060000CA9A3B40420F005E
:104368002DE9F0471E4F044600EBC1060025B44274
:1043780001D1002014E02068C30600F01F0911D401
:10438800656845F02005C0F3481AC0F34420192891
:1043980023D857F82080B8F1000F0DD16FF0120024
:1043A800BDE8F087B9F1100F04D0B9F1110FEAD1C7
:1043B8006568E8E73025E6E7404604F072F800282B
:1043C800ECD04B462A460AF00F01404603F043FC66
:1043D800002804F10804CADAE2E76FF01500DFE705
:1043E80014960008012912D0022907D089B900685B
:1043F800094BC01A18BF0120000370470068064B1C
:10440800984214BF4FF440504FF4005070470020BA
:1044180070474FF4005070470080004043681B68A5
:1044280003F1080252E8002F42F0010203F10800EC
:1044380040E800210029F3D1094A934203D0A2F5AC
:104448007442934203D15A6842F040025A6053E8DA
:10445800002F42F4807243E800210029F7D1704709
:104468000038014043681B6803F1080252E8002F36
:1044780022F0010203F1080040E800210029F3D1ED
:10448800094A934203D0A2F57442934203D15A6871
:1044980022F040025A6053E8002F22F4807243E869
:1044A80000210029F7D170470038014070B51D463A
:1044B800094B002633F812203346FCF7FBFD0902AE
:1044C80041EA10616C08000220182A46334641F17F
:1044D8000001FCF7EFFD70BD64980008F7B543686C
:1044E80002691D680C4619B96FF0150003B0F0BDDC
:1044F8001068D9688368DB68002B45D001AA984703
:104508000028F3DB224B9D4230D1019F214E00252C
:104518002346AAB238460021FFF7C8FFA0F540702D
:10452800B04203D901350C2DF2D1DDE7184EF36AFC
:1045380023F00F032B43F362174B33F815200023A6
:1045480019463846FCF7B6FD090241EA10616308CE
:104558000002C01822464FF0000341F10001FCF7A9
:10456800A9FDC0F31300F0600020BFE72B6823F417
:1045780000432B60019800EB5400B0FBF4F10F29C5
:10458800B2D989B2E960EFE76FF05700AEE700BF34
:1045980000800040FFFC0F00649800082DE9F843F4
:1045A80006460A794068336904685F68012A0D463F
:1045B8001AD0931ED3F1000848EB03084FEA882865
:1045C8006979FFF70FFF95F80690B9F1020F0346D6
:1045D8000DD0B9F1040F0ED0AAB1033A012A0CD8B4
:1045E8006FF08500BDE8F8834FF4C068E8E73AB992
:1045F8004FF0805008E0002AF2D14FF4805003E0D9
:10460800033A012AECD90020B3F5805F30D0B3F526
:10461800405F2FD0002B0CBF012303239942DFD129
:10462800414603F0FFFC8145DAD1EB7963B1012BF8
:1046380022D1134B9C4207D0A3F574439C4203D06C
:1046480003F570539C42CBD1236823F00103236008
:104658002946304603F060FE0028C1DB236843F09A
:104668000103236095E8030087E803000020B9E709
:104678000023D3E70223D1E7032BDAD0B0E700BF4A
:10468800003801402DE9F3410469476806464F4860
:10469800206003F006FF20B96FF0120002B0BDE8F9
:1046A800F0812068F96883681B68002B00F08B8014
:1046B80098470028F2DB386A01AA002103F067FC5A
:1046C8000028EBDB019B002219791868FFF748FEE8
:1046D8000028E3DB756833692C68D3F80480236805
:1046E80023F001032360686803F0DBFE0028D3D0C1
:1046F800D5E901018368DB6803B1984754E8003FB6
:1047080043F00C0344E80032002AF7D14146304612
:1047180003F002FE002802DA6FF01500BEE72B7DD9
:104728001BB1A36843F00803A3606B7D1BB16368EA
:1047380043F400436360AB7D1BB1636843F480338B
:104748006360EB7D1BB1636843F4003363602B7EC9
:1047580023B31F4B9C4207D0A3F574439C4203D05C
:1047680003F570539C42D7D173681A68936843F471
:104778008043936023686A7E23F0787343EA425348
:1047880023602368AA7E23F4F81343EA02432360D4
:10479800EB7E1BB1A36843F40043A3602B7F1BB1DE
:1047A800236843F000532360236843F00103236028
:1047B800E3699A02FCD5E3695B02FCD530467B6A63
:1047C800984700206AE76FF0570067E7188D0008E0
:1047D8000038014010B54FF0E0230F499C691A6971
:1047E80008689B690D4902F4803234B993B90346CD
:1047F8004AB90A681044C01A10BD002B08BF034606
:104808000AB9A342F5D90A6802440A604FF0E022C7
:104818001269EEE70446F3E7B4050020A805002076
:104828000A4B102283F82320094B4FF496521A6042
:10483800084B002018604FF0E02341F2BF225A6174
:1048480098611A6942F007021A61704700ED00E0AA
:10485800B4050020A8050020684620F007018D4611
:1048680001B5FFF7B7FF0D4B0D4A186811680844EA
:10487800106000221A600B4A13684FF49651C01A50
:10488800B0FBF1F001FB0033136001F00BF8FEF709
:10489800F3F9BDE801408546704700BFA805002030
:1048A800B0050020AC0500202DE9F041334E91B150
:1048B800421C0AD14FF0E022136923F0010313616F
:1048C8004FF07F433360BDE8F0813468012807DC8E
:1048D8004FF000080BE0431C3468F7D140F6A650AF
:1048E80040F6A7539842A8BF184600F1FF38EFF3E7
:1048F8001185102383F31288BFF36F8FFFF76AFFC8
:104908004FF0E023DFF878C09F69DCF800301844E6
:104918001C4B00221A601C4B1A68831A2AD44FF4C5
:10492800965E0EFB083303F595531F33B3FBFEF178
:10493800131A0EFB0133B3F5806F144A38BF4FF4D6
:104948008063934228BF13464FF0E0223360916999
:104958008F42A7EB010703F1FF3338BF3F195361BB
:10496800384400239361CCF8000085F31188BFF325
:104978006F8FA8E74FF48063E6E700BFB405002017
:10498800B0050020A8050020AC05002080E8FF0045
:1049980038B5EFF31185102383F31288BFF36F8FB7
:1049A800084B1C68084B1B68E41AFFF713FF85F3D4
:1049B8001188BFF36F8F4FF496532044B0FBF3F088
:1049C80038BD00BFB0050020AC05002038B5EFF3B6
:1049D8001185102383F31288BFF36F8F044B1C6873
:1049E800FFF7F8FE85F31188BFF36F8F204438BDB9
:1049F800B005002010B54FF0B0439A68D96812F09E
:104A08000C0205D00C2A4AD101F00303012B51D125
:104A18004FF0B0412B480B6813F0080306D00B6821
:104A280013F0080337D1D1F8941007E00C68240775
:104A380056BFD1F894300968C3F3032350F82330E4
:104A4800002A0CBF184600204FF0B0418A6802F0D7
:104A58000C020C2A1ED1CA6802F00302022A2ED0C8
:104A6800032A06D10B68184A13F4801F174B18BF86
:104A780013464FF0B042D068D168D268C0F3062020
:104A88005843C1F302130133B0FBF3F0530F013362
:104A9800B0FBF3F010BD0B68C3F30313CEE7042A91
:104AA80005D0082A06D11B6813F4801305D00648E0
:104AB8000023C9E700231846C6E70448C4E7024BA9
:104AC800D7E700BF209700080024F4000048E80159
:104AD8001F4A034607CA84B00DF1100C0CE9070001
:104AE80018463BB31B4B1B6803F4C063B3F5007F48
:104AF80022D1194B984229D8184B984224D9184BDF
:104B080098428CBF02200120164904AB03EB8000B9
:104B18000B6850F80C2C23F0070313430B6008684C
:104B280000F0070082421CBF086800F00700831AE3
:104B38005842584104B070470B4B984206D80B4B6B
:104B4800984201D90A4BDBE70020DDE70020F1E7B6
:104B58003891000800040058006CDC0280A812019B
:104B680000512502004000580024F400808D5B00AD
:104B7800001BB70038B5EFF31185102383F31288B3
:104B8800BFF36F8F064B9C6803F09EFC85F311887A
:104B9800BFF36F8F2046BDE83840FEF783BA00BFE9
:104BA800B805002038B50A4B53F82040013053F8B7
:104BB8002050A54200D838BD606830B1037EDB07BD
:104BC80001D403F056FC0834F3E723689847FAE762
:104BD800A097000870B52A4B2A4C2B4D012286B0AD
:104BE80003201A70FFF7DEFF00F08EFF0420FFF7A6
:104BF800D9FF2646AE4204F1300410D300F076FB0C
:104C0800204C224EAC4226D300F084FBFDF7B0F9CD
:104C18001F4A137B23F00103137306B070BD54F8C9
:104C28000C3C059354F8103C049354F8143C03933B
:104C380054F8183C029354F81C3C019354F8203C57
:104C4800009354E90A2354E90C0100F0E5F954F8FB
:104C5800303C5E65CDE7D4E90A23B3F1FF3F08BFD6
:104C6800B2F1FF3F05D052EA0301206803D100F0FA
:104C78000DFC3034C6E73146183000F083FDF8E704
:104C88001407002040900008709000081B86000858
:104C98006002002070B5002386B00122CDE904230C
:104CA800134E144D01930F22CDE9023212491423F9
:104CB80003FB005506EBC01604464FF4A07000FB3A
:104CC80004110E4B00954FF48072304600F0A4F9A1
:104CD800737B0B4AEE6023F0040373734FF4046391
:104CE80004FB033313442C746B6006B070BD00BF23
:104CF800E0010020B8050020C0110020D78400087A
:104D080080090020BFB50020FFF74CFF284B83F334
:104D18000888284C284F636943F4007363610025B1
:104D2800F02384F82230E57725766576A57684F831
:104D38002050636A43F4E0236362FEF783F9FEF7C9
:104D48008DFA4FF0FF33A362E362FEF74DFBFEF7E7
:104D5800A9FA1A481A4C00F0ABF9FDF7F3FE012046
:104D6800FFF720FF0220FFF71DFF00F007FB154BA0
:104D780015495C61154B05930123CDE903534FF4A5
:104D880000623B46CDE901550095204600F044F904
:104D9800627B064622F004022046627303F0FCFBA5
:104DA8002846FFF777FF3A4631462046FEF738FA9D
:104DB800C011002000ED00E0DD4B0008E0020020FB
:104DC80060020020B80500200013002000A300089E
:104DD8002DE9F34104460E469DF8200004F1080829
:104DE800EFF31187102181F31288BFF36F8F256AC3
:104DF800E1688D4241D22568AC4219D0C5B1284638
:104E080003F070FB05F1180003F053FCA268286951
:104E18003146002403F09FFC2846AC6703F0BCFB36
:104E28004046394600F03CFA204602B0BDE8F08121
:104E3800A268A8B1E069314603F08DFCE369A26875
:104E480013446269E361934201D12369E361236AF0
:104E580001332362002087F31188BFF36F8FE4E7E3
:104E6800A1692369994204BF6369A361A069801A93
:104E7800A061314603F06FFCE9E752EA03010AD06A
:104E88000649896840460E61CDE900233946224625
:104E980000F0E4F9C9E76FF02200DCE7B80500206C
:104EA800F7B5044604F108070846EFF31186102108
:104EB80081F31288BFF36F8F216A002939D0A26865
:104EC800A16903F048FCA369A268256813446269D4
:104ED800A361934204BF2369A361236AAC4203F12F
:104EE800FF33236233D02846002D31D003F0FAFA7D
:104EF80005F1180003F0DDFBA2682969E06903F0F9
:104F08002AFCE369A26813446269E361934204BF1F
:104F18002369E361236A0133236200242846AC67CE
:104F280003F03AFB3846314600F0BAF9204603B0A0
:104F3800F0BD52EA030110D0094989680861CDE93A
:104F4800002331462246384600F088F9EFE7002072
:104F580086F31188BFF36F8FE9E76FF02200F7E758
:104F6800B805002070B5EFF31186102383F312887B
:104F7800BFF36F8F0468A0421AD0CCB1D4E90032D5
:104F880013605A60637B002523F002036373C4E94E
:104F98000055A56004F1180003F08BFB2046A567B7
:104FA80003F0FAFA31460848BDE8704000F078B9D5
:104FB800D0E902329A4218BF0133836086F3118820
:104FC800BFF36F8F70BD00BF1507002013B5EFF357
:104FD8001181102484F31288BFF36F8F846844B161
:104FE800013C846081F31188BFF36F8F002002B009
:104FF80010BD52EA030406D181F31188BFF36F8F05
:105008006FF00F00F3E7CDE900230246014800F0F6
:1050180025F9ECE7150700202DE9F043073285B0A4
:1050280022F007020E461F461099017300F158033B
:105038007F32C0E916330446002322F03F020421E0
:10504800836041733F2A0F98A073C4E90633E37362
:1050580006F14009A2F1400805D883F31188BFF38F
:105068006F8F084602DFB51829462046FDF7E4FD94
:1050780007300E9B20F00700A066C4E91898029339
:105088000D9B01932D1A0C9B00932A463B463146F3
:105098002046FEF793F800236365044B9B6803B131
:1050A800DB6EE366284605B0BDE8F083B80500204E
:1050B80040F2011383810023C0E91833C366014B12
:1050C80098607047B8050020094A93686FF00A0194
:1050D8009967084958674B6843F080534B60002331
:1050E80083F31188BFF36F8F9368986F704700BF81
:1050F800B805002000ED00E070B590F90D20437B65
:10510800002A36DBD90634D11B4C63F07F032246D4
:10511800437352F8183FE169934207D1C0E900216F
:105128000860E06111E09942F8D01B68002BF5D0C7
:1051380090F90E5093F90E60B542F4D0AE42F2DD0C
:105148005968C0E9003108605860A569954200D0E7
:1051580005B9E568A3685A7BD20604D1DA897F2AA3
:1051680001D9AA6932B1AB4202D0284600F086FACA
:10517800656170BD6361FCE7B805002038B590F93A
:105188000D20437B002A014604DA03F07F034373B2
:1051980003F0C8F90D4D2A46AB6852F8184F9442EF
:1051A80000D004B9EC688B4207D05A7BD20604D1F0
:1051B800DA897F2A01D9A2692AB1A34202D02046FE
:1051C80000F05CFA23466B6138BD00BFB8050020CB
:1051D800B3F1FF3F08BFB2F1FF3F03D002491830D7
:1051E80000F0D0BA704700BF1B86000838B5194CCC
:1051F800A168E0690B68814214BF1A460022496819
:105208000B605960A368E1692AB9134AC3E9002110
:105218000B60E3610CE093F90E0092F90E50A8427E
:1052280014D0854212DD5168C3E900210B60536038
:10523800A569094B9D4200D005B9E568A3689D4260
:1052480002D0284600F01AFA656138BD9142DCD0D8
:105258001268D9E7B8050020D0050020F8B50E4B34
:105268000C4611460D4A98681060DDE90667EFF3B1
:105278001182102282F31288BFF36F8F9D6828462F
:1052880003F062F9284632463B46FFF7A1FF204665
:10529800BDE8F840FFF718BFB8050020D805002082
:1052A80049B9EFF3058030B9054B5A699B689A42B2
:1052B80001D0FFF709BF81F31188BFF36F8F7047E3
:1052C800B8050020034648B9EFF3058232B9064A0B
:1052D80051699268914201D0FFF7F6BE83F31188B5
:1052E800BFF36F8F704700BFB8050020EFF311813F
:1052F800102383F31288BFF36F8F054B9A68D37B13
:10530800013BD37381F31188BFF36F8F704700BFE0
:10531800B805002070B5EFF31186102383F31288C7
:10532800BFF36F8F144DAB68DA7B0132DA732A460C
:1053380052F8184F944200D004B9EC685A7BD20650
:1053480004D1DA897F2A01D9A2692AB1A34202D0FD
:10535800204600F093F923466B6186F31188BFF36A
:105368006F8FEFF31180102383F31288BFF36F8FD1
:10537800BDE87040FFF7A6BFB8050020024B03F157
:105388001802C3E906227047B805002070B5EFF38C
:105398001186102383F31288BFF36F8F1B4CA1680B
:1053A800E0690B68814214BF1A46002249680B6005
:1053B8005960A368E1692AB9154AC3E900210B605D
:1053C800E3610CE093F90E0092F90E50A84218D050
:1053D800854216DD5168C3E900210B605360A56959
:1053E8000B4B9D4200D005B9E568A3689D4202D0E9
:1053F800284600F043F965613046BDE87040FFF784
:1054080063BE8A42D8D01268D5E700BFB80500202D
:10541800D0050020F8B550EA010306460C4603D132
:10542800FFF7B4FF0020F8BDEFF31187102383F3D3
:105438001288BFF36F8F124D124BA8681860FFF7E0
:105448009DFEA868104923463246183000F09AF9A4
:10545800AA68537B43F00403537304463846FFF7A6
:1054680033FEAB68D3E90A23B3F1004F08BF002A23
:10547800D8D103F046F9201A20EAE070D3E700BF3C
:10548800B8050020D80500201B86000838B504465A
:10549800EFF31185102383F31288BFF36F8F437BDB
:1054A8005B070FD5183003F004F9637B23F004037E
:1054B80020466373FFF720FE29460548BDE83840BB
:1054C800FFF7EEBE85F31188BFF36F8F38BD00BFBD
:1054D80015070020014B9868704700BFB8050020E9
:1054E8002DE9F8430446077BEFF31185102383F376
:1054F8001288BFF36F8F437B190705D585F3118891
:10550800BFF36F8FBDE8F883D90943F008025DD176
:105518004273A36813B1204603F00CF804F1180095
:1055280003F0C7F8A66D04F15808B04511D04FF044
:10553800000976B1304602F0FDFF06F1180003F0CD
:10554800B8F8C6F878903046FFF7D6FDA66DB04596
:10555800EFD1DFF8C080D8F808309C423ED1EFF395
:105568000589B9F1000918BF4FF00109D8F818608A
:10557800294A964200D00EB9D8F80C60B34202D03E
:10558800304600F07BF82046C8F8146002F07FF837
:10559800B9F1000F02D02148FFF78AFDD8F808308A
:1055A8009C4231D1EFF3058373BB227BD20718D419
:1055B8002846FFF789FDFB07A4D5002383F311884C
:1055C800BFF36F8F0423184602DF9BE703F07F03C6
:1055D80043F00803437302F0A5FF9AE74FF0000970
:1055E800C4E785F31188BFF36F8F83F31188BFF386
:1055F8006F8F0423184602DFEFF31180102383F323
:105608001288BFF36F8FD4E785F31188BFF36F8FCC
:10561800D1E700BFB8050020D0050020E002002037
:10562800044BC01A044BC0105843044B01221A54AF
:10563800704700BF60030020ABAAAAAA1507002084
:10564800C3897F2B12D80A4B1B6863B1094B90F9A9
:105658000E201B689A4209DB437BDB0606D1064B0A
:10566800C31A18BF012303F0010070470023FAE7AB
:10567800F4000020DC050020E001002070B50E4B8E
:105688000E4C1E7C06EB460304EBC304054620467D
:1056980003F00FF80A4B002228469A55FFF7D0FF6F
:1056A80048B1084B08491A68013A2046D317BDE8A3
:1056B800704000F067B870BDB80500206003002096
:1056C80015070020F40000202956000838B5EFF32C
:1056D8001185102383F31288BFF36F8F0F4B104A85
:1056E8009C681068A04206D1FFF7C8FF85F31188AF
:1056F800BFF36F8F38BD00211B7C1160094AD35C52
:10570800002BF3D02046FFF79BFF0028EED0637BE9
:10571800DB0601D1FFF76AFD2046E5E7B805002062
:10572800D805002015070020024B1868984208BFCA
:1057380000207047F8000020034B1B680BB9FFF7E7
:1057480027B90020704700BFE005002030B570B1D0
:105758000B4B5B6898420AD0036843B1D3E9042134
:10576800D0E90445121941EB0501C3E90421D0E948
:10577800003213605A600023C0E9003330BD00BF17
:10578800F8000020B3F1FF3F08BFB2F1FF3F2DE959
:10579800F84F0446994615461F467AD08160EFF3C4
:1057A8001188102383F31288BFF36F8FB9F1000FAC
:1057B800DFF8E4A020DBFFF7BFFFDAE900270135B7
:1057C80049F100092D1849EBE073C4E90453AD18F9
:1057D800064643EB07074FF00109FFF7A5FFDFF87F
:1057E800BCE0DEF804A00346EBB9C4E900EACAF855
:1057F8000040CEF8044028E0DAE900126FF0010317
:105808005B1A4FF0FF3161EB02025B1B62EB09028E
:10581800012B72F10001BCBF01230022C0E9043250
:105828004FF00009D9E7D3E9041CD4E904208A42DF
:1058380070EB0C0B24DA891A5A686CEB0000C3E988
:105848000410C4E9003214605C60FFF76DFF844205
:105858000ED1134B1B685BB9B9F1000F02D1FFF7EA
:105868006BFF0646304602F00DFF0021FFF71CF8DB
:1058780088F31188BFF36F8F28463946BDE8F88F43
:10588800521A60EB0C009A45C4E90420ADD01B689D
:10589800AAE700252F46EFE778030020F80000204C
:1058A800E00500202DE9F047EFF31185102383F37D
:1058B8001288BFF36F8FDFF8A490DFF8A480C9F8CF
:1058C8000000FFF731FF00260027D9F80030D8E99B
:1058D80000ECD91750B1D0E90442A34271EB020A97
:1058E8001CDAE41A62EB0102C0E9044213EB0E036E
:1058F8004FF000044CEB01012046C8E90031C9F81B
:10590800004002F0BFFE2146FEF7CEFF85F3118866
:10591800BFF36F8FBDE8F047FFF7D8BE14EB0E0258
:105928004CEBE473C0E90467C8E90023FFF70EFFF6
:1059380085F31188BFF36F8F83689847EFF311855C
:10594800102383F31288BFF36F8FD9F800301B1B25
:10595800C9F80030FFF7E8FEB7E700BFE005002010
:105968007803002010B5EFF31184102383F3128815
:10597800BFF36F8FFFF7E0FE054A0346D2E9000147
:10598800181841EBE37184F31188BFF36F8F10BDD2
:1059980078030020F8B50646EFF31187102383F348
:1059A8001288BFF36F8F026822B187F31188BFF3A3
:1059B8006F8FF8BDD0E90A54691C44F1000302292D
:1059C80073F1000334D3013D44F1FF34002CBCBF14
:1059D80015462C4602F099FE013041F100014019AC
:1059E80044EB0101012871F1000149DB02F08DFE51
:1059F800013041F100016FF00203401944EB01014D
:105A080083426FF000438B413FDB02F07EFE0130A2
:105A180041F100016FF00102401944EB01044FF01D
:105A2800FF33121A63EB04031A493046FFF7AAFE44
:105A3800336B01333363336A6BB187F31188BFF378
:105A48006F8F336A30469847EFF31187102383F33B
:105A58001288BFF36F8F334653F8184F9C42A4D077
:105A6800002CA2D0204602F0A6FD0023A36787F3EE
:105A78001188BFF36F8F2046BDE8F84002F08CBD57
:105A88006FF001024FF0FF33CEE700224FF00043E2
:105A9800CAE700BF9D5900082DE9F04105461C469C
:105AA80090461F46EFF31186102383F31288BFF345
:105AB8006F8FB4F1FF3F08BFB2F1FF3F05D186F306
:105AC8001188BFF36F8FBDE8F081002C09DB012A34
:105AD80074F10003BCBF0122002412F1FF3844F125
:105AE800FF37284602F0E5FDDDE906010023C5E998
:105AF8000A012B6342463B4628460249FFF742FE0D
:105B0800DDE700BF9D590008014801F094BD00BFC2
:105B180005A3000838B5064C064DAC4201D3002059
:105B280038BDD4E90112204602F00DFE1434F4E722
:105B380034010020340100200CB430B58BB0044689
:105B48000D462022002102A802F013FE02238DF840
:105B58000A30002D0C4B0393069412DB01D06B1E08
:105B68001C440FAA0E99079402A8019200F0DCFACF
:105B780015B1069B00221A700BB0BDE8304002B088
:105B880070470024EDE700BF6D8C00082DE9F84F41
:105B980000228146884619F80230202B02F10101C3
:105BA80000F09F81A3F10900042840F29A812B2B71
:105BB8000D4633D02D2B36D01846042440F0200350
:105BC800692B32D06E2B60D000224FF00A0A96461D
:105BD80094461346114614F400666BD040F0200733
:105BE800A7F1610BBBF1050F64D8573FFFB25745CA
:105BF80080F0F28044F08006E005B6B268D5F4057E
:105C080006F4007079D5002F18BF4CF0010C00B9CC
:105C1800013219F8050034460135DCE7042419F887
:105C28000100951CCAE74424F9E7AF4BAF4F0026A3
:105C380013F8011B51B119F8052042F020028A42DD
:105C480005F1010025D0AA4A93422FD130463946A2
:105C580002F067FF50B119F80530282B06D101353D
:105C680019F80530292B05F1010514D1630602D571
:105C780007F100431F46B8F1000F02D04D44C8F8A1
:105C8800005030463946BDE8F88F9A4B9A4F0026A7
:105C9800CEE70546CCE723F02002413A192ADFD99E
:105CA800A3F13002092ADBD95F2BD9D000260027BF
:105CB8000025E0E7A0F13007FFB257452DD244F0A8
:105CC800800614F48070B6B299D1BAF10A0F06D0E2
:105CD800BEF10F0F93DD44F4C076B6B28FE7BEF184
:105CE800100F8CDD44F4C076042FB6B287D9052F87
:105CF80008BF07464FF0020C81E700B1013AAAFB42
:105D08000334FB180AFB014444F1000153EA010083
:105D18003FF47FAF0EF1010E7BE7FE2F5CD1A705A4
:105D280056D52006C2D5002E40F0988053EA0100CF
:105D380005F1FF3500F0D280200540F1B3803632FE
:105D4800B1F5800FC0F093806C4FB1F5000F80F073
:105D58009280BA42C0F28F804CEA030303F0030634
:105D6800032E084604D003F00606062E40F08C8069
:105D7800043341F10000B0F5000FC0F08580013216
:105D8800B2F5806F80F2A78000234FF4801102F2F1
:105D9800FF3221F4801141EA0257184639461E465F
:105DA80001F032FB0138022804D802F063FF544B9B
:105DB80022221A503046394601F026FB01380228C3
:105DC8003FF654AF02F056FF4D4B22221A504DE7D2
:105DD80044F40076B6B21CE740F02000782804F0BE
:105DE800800709D147B153EA010A05D144F4006696
:105DF800B6B24FF0100A0CE7002F3FF457AF7EB34E
:105E080092007026864291D119F805002B2805F1D9
:105E1800010604D02D2825D144F48064A4B219F8D1
:105E28000600A0F13006092E80D8AE1C354640F297
:105E3800D34A00264FF00A0B5645DCBF30380BFB1F
:105E4800060619F80500A0F13007092F05F101052C
:105E5800F2D9670548BF7642324467E72E20CFE77C
:105E68006526CFE7A0F13007092FDFD95EE7DB18F9
:105E78004941013A64E75E0846EAC17603F0010346
:105E880033434908013260E7B2F5806F23DA9B0893
:105E9800B0F5800F43EA80734FEA9001BFF477AF03
:105EA800002278E70EEB020010F5A27F10DDB0F5B6
:105EB8009B7F10DA03F0010040EA0C0001308008F3
:105EC800181841F1000100F011FE06460F4671E76F
:105ED800002600276EE7054F00266BE700260027FF
:105EE800C4E60A4657E600BF43A300080000F07F57
:105EF80046A3000840A300080000F87F02FCFFFF4B
:105F08000C000000242A2DE9F041044601D8012A9A
:105F180049D102F0AFFE354B16221A5001B10C6080
:105F28000020BDE8F08135462E4616F8010B2028E2
:105F3800F9D0A0F10907042F0346F4D92B2834D04F
:105F48002D2835D14FF0010C6B78AE1C302B36D193
:105F5800307840F0200078282DD132F010002AD176
:105F680073783446102202360CF10047013F0020B6
:105F7800B7FBF2FE02FB1E78392B82BF03F1FF3319
:105F880043F02003263B303B9A421FD9704502D884
:105F980019D1984517D24CF0020C3546344615F8FD
:105FA800013B2E46E8E70546BEE74FF0000CCBE77D
:105FB8004FF0000CCAE7002A08BF0822D4E7002ADD
:105FC80008BF0A22D0E700FB0230E6E701B10C6007
:105FD8001CF0010F18BF40421CF0020FA1D002F0C4
:105FE80049FE024B22221A5038469AE70C0000005C
:105FF8002DE9F04101260746B24201DCBDE8F081F7
:106008003B461F4613F8014B002CF7D0252CF8D13E
:106018001C78252C07F10207F2D00023DFF8048151
:106028009C461D461F2D18D8A4F1200EBEF1100F56
:1060380009D9A4F1300EBEF1090F1ED80A2404FBB9
:1060480003E3202504E028FA0EFE1EF0010F06D017
:1060580017F8014B002CE5D128E07F2D1CD8A4F1BE
:10606800300EBEF1090FE9D9242C10D1BCF1000F74
:1060780046D0B34246D00023EAE724F0040EBEF12E
:106088002A0FF8D06C2C09D145F08005E0E724F000
:10609800040EBEF12A0FEED06C2C22D06C2C1BD82B
:1060A800682C23D06A2C28D04C2C26D0BCF1000FA9
:1060B800A4D0B445A0D144F02007A7F1650CBCF1E9
:1060C800020F0B6801D9612F1ED1073323F0070394
:1060D80008330B6001368EE7742CB9D07A2CB7D010
:1060E800E4E72C0648BF45F40075CDE7EC0548BF4A
:1060F80045F4007545F48075AAE745F42075A7E7CF
:106108009C46B8E76324D6E7692C02D007D8632CED
:1061180003D02F0601D5AC05D7D40433D9E7732CA7
:10612800F6E700BF892801002DE9F04F95B04368D4
:106138000393837880469807CDE9081217D50D9206
:106148000B4600251F78A7B1252F16D001330793DA
:10615800039B414638469847002805F1010580F21F
:10616800398498F8023043F0040388F802304FF07D
:10617800FF35284615B0BDE8F08F5F789A1C252FAB
:106188000792E5D000242646A246A346BBF11F0F7E
:1061980032D8A7F12003102B0AD8DFE803F024092E
:1061A800092A0909091B09090922092709091900E6
:1061B800A7F13003092B2DD92A2F39D154B90D9BBA
:1061C8001BF0400F53F8042B0D9329D0164601E01D
:1061D8004BF0010B079B13F8017B0793002FD5D1D8
:1061E8005BE04BF0020B4BF0040BF3E74BF0080BB2
:1061F800F0E74BF0100BEDE7BBF17F0F3FD8A7F1AD
:106208003003092BD8D81BF0400F03D00A2202FB19
:106218000636DFE70A2202FB0A3A4BF0200BD9E7E1
:10622800B2F1000AF9DACAF1000A4BF0280BD1E7FB
:106238002E2F05D11BF0400F9BD14BF0400BC9E727
:10624800242F1CD1002C00F04281099B0D931BF0D8
:10625800400F0AD1524608980DA9FFF7C9FE0D9BB9
:106268001A1DD3F800A00D92B4E7324608980DA97C
:10627800FFF7BEFE0D9B1A1D1E680D92AAE76C2F34
:1062880000F0128100F20981682F00F015816A2F51
:1062980000F01A814C2F00F0178134B1099B08983F
:1062A8000D9322460DA9FFF7A3FE002E47F0200903
:1062B800B8BF2BF0400BA9F16503BCBF1FFA8BFBDD
:1062C8000026022B40F20881B9F1610F40F0678285
:1062D800FF4307F0200306930D9B073323F00703C2
:1062E8001BF0400FD3E9000103F1080208BF4FF08B
:1062F800FF36069B0D9200930EAA334602F01EFC51
:106308000130C3B2B3424BF4C054049301DB049B85
:106318005E1E01230E9F0593A3464FF0700907F1F7
:106328000903122B0DD907F16303C62B40F20F8125
:1063380007F2E73340F2CE72934294BF032304235B
:1063480005939DF83C2002F00C0312F0010240F086
:1063580019811BF0020F40F012811BF0040400F0B9
:10636800F880002B40F0118120231BF4405F1FD1DF
:10637800049A5032002E6A4408BF0126133A049941
:1063880021B112F8011D302900F036811BF0100FE1
:10639800049A18BF3246391DC0F23381B74280F2E1
:1063A8003081BA424BF4005B40F32D817E1C961B72
:1063B8001BF400520A9200F0288127EAE77401349E
:1063C80003B10134002E00F02881721C1444A24548
:1063D800CCBFAAEB040400241BF0090F04D12C4401
:1063E800A54240F01F81002443B118464146039B53
:1063F8009847002805F10105FFF6B3AE1BF4006FBE
:1064080013D0039B4146302098470028FFF6A9AED9
:10641800069BC3F178004146039B00F0F8009847BB
:10642800002805F10205FFF69CAE1BF0080F05D108
:106438002C44AC4240F00281254600240A9B002BE4
:1064480000F01C8127EAE77AA7EB0A077642049B4B
:10645800BB4284BF0EABFB180AF1FF3A88BF5879DC
:10646800039B98BF3020564505F10109414600F3CA
:10647800EF809847002807F10107FFF672AEBAF1DE
:10648800FF3F08D1039B41462E2098470028FFF67E
:1064980068AE05F102094D46D9E7742F3FF49AAE6C
:1064A8007A2F3FF497AEF8E61BF0800F18BF4BF435
:1064B800007B4BF0800B8DE61BF4807F18BF4BF4FC
:1064C800007B4BF4807B85E64BF4207B82E62646F6
:1064D800B3465446B2467DE6FF4307F020030693D1
:1064E8000D9B073323F007031BF0400F03F108024D
:1064F80008BF0626B9F1650FD3E900010D9213D143
:10650800731C0022DBB24BF4805B1446112BCDE9DF
:10651800002428BF11230EAA00F0DAFBC3B20493AB
:1065280002230E9F0593FAE6B9F1660F05D14BF4E5
:10653800005B344601221123E8E7F3B2012B4FF048
:10654800000238BF012314464FF06509DEE7022335
:10655800F6E6002B3FF409AFBAF1030F3BDC9DF8D8
:106568003C30A64E13F0080FA54B08BF1E46374611
:10657800B94617F8010BB0BBAE1BB1447BE033BB87
:106588002B23F2E62BBB2D23EFE62022BAF1040FD2
:1065980013DD1BF0080FAAF104040FD12C44039B50
:1065A8000492414620209847002805F10105FFF68E
:1065B800D8ADA542049AF2D19AB10024039B414672
:1065C80010469847002805F10105C8DAC9E52B22CD
:1065D800DCE72D22DAE71BF0080FAAF10304BED18D
:1065E800DCE71446BBE7069BC01A4146039BC0B2D2
:1065F80098470028BCDAB4E504990139C9B2049176
:10660800BDE6561ED4E60026D2E61BF4006F059AB6
:106618000CBF032405241444D2E61BF0100F18BF46
:106628000134D4E60B934146039B20209847002869
:106638000B9B05F10105BFF6D3AE92E5039B4146DE
:1066480030209847002805F10105BFF6F2AE88E52D
:1066580098470028FFF685AD1BF0100F0BD0BAF154
:10666800FF3F08D105F1020941462E20039B9847B8
:106678000028FFF676AD4D464C4433E29DF83D00C8
:10668800039B414698470028FFF66BAD002E69DD55
:10669800039B41462E2098470028FFF662AD4FF035
:1066A800010A049B9A45BBBF0EAB5344302058796E
:1066B800039B414698470028D346FFF652AD0AF19E
:1066C800010A5645EDDA02355D44069BA9EB030045
:1066D8004146039BC0B298470028FFF642AD002F01
:1066E800B4BF2D202B20039B4146B8BF7F4298475B
:1066F8000028FFF636AD059B042B41D14FF47A797B
:10670800B7FBF9F606F13000039B4146C0B2984743
:10671800002805F10305FFF624AD09FB16774FF0B5
:106728006409B7FBF9F606F13000039B4146C0B295
:106738009847002805F10105FFF613AD09FB167708
:106748004FF00A09B7FBF9F606F13000039B414602
:10675800C0B29847002805F10105FFF602AD09FB14
:10676800167715E01BF0100F01D10135ADE7039B3B
:1067780041462E209847002805F10205A5DAF0E4E5
:10678800059B032B05F10205C9D0059B012BD7D129
:1067980007F1300005F101094146C0B266E7A7F1EB
:1067A8006303122B00F2FF80DFE813F01300570099
:1067B800FD00FD00FD00FD005700FD00FD00FD008F
:1067C800FD00FD001701F800FD00FD002C00FD0094
:1067D800B9000D9B1A1D1B680D928DF838300124E5
:1067E8000EAF1BF0080F2ED03E19B946B1452CD17B
:1067F800EF1BB944AAEB04043DE700BF4FA3000810
:106808004BA300080D9B1A1D0D921F68AB4B002F60
:1068180008BF1F461BF0400F14BF31464FF0FF3131
:10682800384601F0E1FF0446DBE7039B41462020A0
:1068380098470028FFF695AC013EB442F5D355447D
:10684800AD1BB246D0E75646F7E719F8010B039B94
:10685800414698470028C9DA83E41BF0800F0D9B56
:1068680035D01BF4007F2DD0073323F00703D3E97D
:10687800000103F108020D922BF0100900291FFAFC
:1068880089F936DA404261EB410149F480690DF13A
:10689800380B0A235A4601F0F6FF19F0400FA0EB17
:1068A8000B0B65D029F001025E4592B240F3B2802D
:1068B800002F00F0A98019F010033446914626D025
:1068C80002345CE01A1D18680D92C117D4E71A1D2E
:1068D8001BF4807F19680D9201D10846F5E71BF477
:1068E800007F15BF48B208B241F3C01141F3C0316F
:1068F800C2E750EA0103CAD11BF0400FC7D0002EEF
:10690800C5D12BF0110B1FFA8BF93446B34640F270
:10691800064319EA03031CBF013400232FE02BF0C0
:10692800100B1FFA8BFB0A231BF080040D9A57D01B
:106938001BF400711DBF073222F0070202F10801A3
:10694800101D19BF0D91D2E900010D90106850EA91
:10695800010252D12BF016091BF0400F1FFA89F9DA
:106968004FD0002E4DD12BF0170B1FFA8BF9B346E1
:1069780019F0100352D0002F4ED10BF1010419F079
:10698800080F5ED119F0010F06D0A2456EDDAAEB03
:10699800040404EB0B06544622464DE04BF0100B62
:1069A80010237827C0E7B9F1780F04D1C7F178032D
:1069B80043F01003B8E7039B414625209847002879
:1069C800FFF6CFAB039B4146384698470028FFF6B1
:1069D800C8AB0235079BFFF7B5BB08230027A3E721
:1069E800111D0D911BF480711068B0D01BF400715B
:1069F8001ABFC0B2214680B2A9E72BF0060B1FFAD6
:106A08008BF90DF1380B45E729F011091FFA89F9BF
:106A180034467CE79146ABE75C4651E75C4676E74F
:106A2800CDE904234146039B202098470028FFF620
:106A380098AB049A059B01329245F1DC2C1BA518F2
:106A48001446F3B1039B4146302098470028FFF6CF
:106A580088AB6FB90135A9462E44A6EB09035B45FF
:106A680021DC5D460EAE5DBBD944C3E65E4693E7C6
:106A7800023541463846039B98470028EBDAFFF772
:106A880070BB40F2064319EA030FE4D019F0020F75
:106A980014BF2B20202019F4806F05F10105414611
:106AA80018BF2D20E7E7039B414630209847002870
:106AB80009F10109D1DAFFF754BB00BF53A300085D
:106AC800013D039B705D414698470028CBDAFFF7EC
:106AD80048BB039B414620209847002805F1010543
:106AE800FFF63FAB631B002BF3DC73E72DE9FF4791
:106AF800804616460F46002900F09E80B1FA81F4C0
:106B0800341B002E04F10A04C0F29E80304600F0C7
:106B180039FB0444304600F03BFBA4EB060905466C
:106B28006946304600F05CFBA9EB05037D336A46F5
:106B38004046394601F0CFFEA64282460D467FDC2C
:106B4800B9F13F0F7EDC4FF0FF33A9F1200003FAC3
:106B580000F003FA09F2C9F12001024323FA01F116
:106B68000A4303FA09F328EA030327EA0202134354
:106B78000CBF01200020002D00F08880B5FA85F3B5
:106B8800E31A03F23E4340F2FE72934200F3878019
:106B9800002B23EAE376CCBF32460122121BA2F275
:106BA8003341C1F1200CA2F23447A2F253442AFA2D
:106BB80001F305FA0CFC43EA0C0325FA04F4C7F1C7
:106BC800200EA2F2544C234305FA0EFE2AFA07F4CB
:106BD80025FA0CFC44EA0E0444EA0C0414F0010FF4
:106BE80025FA01F1C7F1200CA2F2544252D0A8B103
:106BF8004FF0FF3000FA02F200FA07F4144320FACB
:106C08000CF2B84014432AEA000A03F0010225EA0C
:106C180004054AEA020A5AEA050A3BD0013341F15F
:106C28000002C2F3130253EA020136D0184642EAC0
:106C3800065104B0BDE8F087B0FA80F420345FE76D
:106C4800012098E7002096E7C6F10009484600F0C1
:106C58009FFA241A484600F09BFAA61B0546694687
:106C680048462E4400F030FB06F17C036A46404655
:106C7800394601F030FE82460D464046394600F05E
:106C880097FA81458CBF0020012074E7BAFA8AF38D
:106C9800203375E7C1F31302C8E70136C6E7014997
:106CA8000020C6E70000F07F1FB502AB0093074A3B
:106CB8004FF0CC3301F0FBFEDDE90201C00840EAE9
:106CC8004170C90805B05DF804FB00BFCDCCCCCC41
:106CD8002DE9F04F9BB0044605920A460A93C2F389
:106CE8000A559DF890300B93D20FC1F31303099204
:106CF800090D7DB950EA03021BD1059A302353715F
:106D0800099B156043F002031371012738461BB035
:106D1800BDE8F08F40F2FF7295424AD10343099BC8
:106D2800059A14BF43F0080343F0040313710027C6
:106D3800ECE700F0010208924FEA83080122AC4D0B
:106D480048EA907887009A461646C5F1000B5846DF
:106D5800069200F011FAB5F1FF3FACBF8146A0F1F1
:106D68000109ABEB090B09EB05035846049300F046
:106D780017FA16A9A0F17D05584600F031FA12ABB2
:106D8800069A0193A9EB050510AB029200932046E1
:106D98002B4616AA514601F0CFFDB9F1010F044662
:106DA8000D4600F2D280089B002B40F0C5800127D9
:106DB8006BE043F4801A00F001024FEA8A080343AB
:106DC800A5F23545089248EA90784FEA800749D1FC
:106DD80040F2FE7319420CBF01260026002D3246F0
:106DE800B3DB284600F0C2F9032DC8BF0138049070
:106DF80000F0D6F9049B7C305D1B054416A91846A3
:106E080000F062FA12AB019310AB009320462B46B8
:106E1800029616AA514601F08FFD049B152B0446D5
:106E28000D4600F2868014AB724A009338464FF044
:106E3800CC33414601F03BFE149B159A9B0843EA6C
:106E4800827303EB8303BB42DDE9109A0CD1384609
:106E5800414600F0ADF9049B83428CBF002701270F
:106E6800002612E00126B9E7089B002B51D1013F0B
:106E780048F1FF31B81B61F1000100F099F9049B5A
:106E8800089F83428CBF002601260B9B002B40F0F5
:106E98009180DDF828B04FF00008CDE906884FF062
:106EA8000A0ADDE91001FFF7FFFE129B0E93CDE9F8
:106EB8000C0118461399FFF7F7FE0C9B0D9A0F91DA
:106EC80098420B469341814680F08E8020462946A1
:106ED800FFF7EAFE0E9A0AFB09F3934214BF002655
:106EE80006F001060C9B10930D9BCDE911390F9B01
:106EF8001393079BB8F1000F14BF002707F0010791
:106F080001330AFB10485FFA88F8079304460D46D8
:106F1800C7E7B81C48F1000100F04AF9049B834216
:106F28008CBF00200120B9EB00006AF10002CDE916
:106F3800100200273E46A8E7109B119A013B42F138
:106F4800FF32CDE9103201278AE7B9F13E0FF0D8B8
:106F58004FF0FF33A9F1200003FA09F203FA00F019
:106F6800C9F1200123FA01F102430A4303FA09F3A4
:106F780027EA030728EA020857EA08070CBF01278F
:106F880000276DE700FB02FCA1FB001201336244FD
:106F98008C4275EB020CF5D2049ADDF828B0134444
:106FA800259A1344D20F9342B8BF13469B45A8BFF6
:106FB8009B4670E70A21002201230846E8E70AFBFE
:106FC80003F0A2FB0A2301310344944275EB03004A
:106FD800F5D2594510DDBBF1000F02D154EA050383
:106FE8000AD00123069371E70A2200230121ECE766
:106FF800CCFBFFFFCDCCCCCC002E2FD04FF00A0A13
:10700800129B13990D931846FFF74EFE0D9B0C919A
:107018000AFB00F29A42814620D1DDE91001FFF710
:1070280043FE0E900D9120462946FFF73DFE0D9B2D
:107038000E9A1092CDE911390C9B1393079BB8F166
:10704800000F14BF002707F0010701330AFB10489F
:107058005FFA88F8079304460D46D1E7DDF81090EB
:10706800079B9944002F5AD0B8F1050F57D114F057
:1070780001034AD1069A32B9DDE912239D4208BFBD
:1070880094425FD0069B18194FF00A0445F100019D
:10709800002201262546A04271EB020755D2EBB12A
:1070A800B3451BDA0B9B6BB1259ADDF828B006EBCC
:1070B80009031344012BB8BF01239B45A8BF9B4676
:1070C8005E450BDD05304FF00A024FF0000341F139
:1070D8000001F9F7EFFF09F10109013E5E45A8BF7C
:1070E8005E4637B20FFA89F9059B09FA86F607F169
:1070F8000508013E98444FF00009B9452CDB059B73
:107108001A461E60099B137100E6069B2BB9DDE940
:1071180012239D4208BF944209D00123B3E7069B7E
:1071280053B9DDE912239D4208BF944204D1089B5C
:10713800002BF2D1002EF0D0B8F1040F94BF002339
:107148000123A0E74FF00408F1E705FB02F7A4FBD1
:10715800054201363A449EE70A220023F9F7AAFFBE
:10716800303208F8012D09F10109C6E7014B5843EF
:10717800800C704741340100014B5843000D7047A3
:10718800FB2E0B00014B5843C00C70474F93120065
:10719800024B5843C00C0130704700BF4F93120098
:1071A800024B5843C00C0130704700BF4F93120088
:1071B8000A4A70B503464FF0CC3600204FF03335FD
:1071C80006FB03F402FB0144A3FB023121449D4268
:1071D80075EB010401D30130F2E770BDCDCCCCCC06
:1071E8002DE9F04F1A23354EB0FBF3FA03FB1A03CF
:1071F80089B004460D4606EB0A1653B9D6E90023B2
:10720800C1E90023D6E90201C5E9020109B0BDE8D8
:10721800F08F2B4A02EBC303D3E9008904AB009338
:10722800D6E902234046494601F041FC06AB0093EB
:10723800D6E9002383460F464046494601F037FC0D
:10724800DDE9066216EB0B0652EB07084FF0000368
:1072580028BF0123814633B1049B059A013342F1CB
:107268000002CDE9043220460391FFF799FF074653
:107278001A2000FB0AF0FFF793FF3F1A32464346F5
:1072880003990097484601F02DFC4FEA141C0D4A5B
:10729800640004F01E0352F82C40DC4004F00304A0
:1072A800241841F10001C5E90041DDE904230097F4
:1072B8003046414601F016FCA6E700BFA092000840
:1072C800D0910008B89700082DE9F04F1A27DFF889
:1072D800E4A000F11905B5FBF7F56F433A1A4FEA38
:1072E800051B89B004460E460AEB05150AD1D5E9F7
:1072F8000023C1E90023D5E90201C6E9020109B06A
:10730800BDE8F08F2C4B03EBC203D3E9008904AB33
:107318000093D5E902234046494601F0C8FB5AF8D4
:107328000B206B68013ACDE9020106A963F100035D
:1073380000914046494601F0BAFBDDE906528A460B
:1073480002996D18039952EB01084FF0000328BF0A
:107358000123814633B1049B059A013342F10002AF
:10736800CDE904323846FFF71BFF07462046FFF7F2
:1073780017FF3F1A2A46434600974846514601F0F0
:10738800B1FB4FEA141C0D4A640004F01E0352F8C6
:107398002C40DC4004F003040134241841F10001BE
:1073A800C6E90041DDE9042300972846414601F07B
:1073B80099FBA2E770930008D09100080C98000888
:1073C800C0F3C7537F3B162B10B5014614DC002BC6
:1073D80007DA013300F0004101D141F07E5108463F
:1073E80010BD084A1A410242F9D04FF480011941F0
:1073F800014421EA0201F2E7802BF0D1F9F76CFB96
:107408000146ECE7FFFF7F000B4631F0004107D152
:1074180090B10D4A1A40002A14BF04200320704777
:10742800094A13420AD0094B994209D9914209D114
:10743800B0FA80F040097047022070470320704777
:1074480004207047002070470000F07FFFFFEF7FA7
:107458007047F0B41346D4028768066906D512F45B
:10746800402F03D0DA0748BF83F44023346801254E
:107478008D4023F48012DB074CBF2C43AC433460AF
:107488003B68F0BC184708B501F03FF90A22002311
:10749800F9F710FE08BD03460A460068197901236A
:1074A80003FA01F103691B68194218BF82F001024F
:1074B80012B18368DB68184783681B69FBE7C288D9
:1074C8000A4301790068FFF7C4BF0A2180FB010164
:1074D80001F0B9B803460A4600681979012303FA8E
:1074E80001F103691B68194218BF82F0010212B149
:1074F8008368DB68184783681B69FBE703463038F5
:10750800C2B2092A0FD9A3F14102052A02D8A3F170
:1075180037007047A3F16102052A02D8A3F157008A
:1075280070474FF0FF30704713B50469836801A9AD
:107538005B68984720B9236801985840C0F38010C9
:1075480002B010BD03691B689B0648BF81F00101AA
:1075580019B18368DB682021184783681B69FAE73B
:1075680000EBC100408840087047F8B50346FFF7B4
:10757800F7FFB0FA80F0C0F11F0003EB800CCA00DF
:10758800DCF81060171D0C4606328DB256B9012181
:1075980001FA00F0D9680143D960CCF81040DD53F6
:1075A8009D52F8BDF1000431585AD85303EBC0007E
:1075B8009E52C5805D52F4E7043A2DE9F041CC1D96
:1075C800114424F0070421F007010E1BF708B7FA4D
:1075D80087F2C2F12405AD004FF000080735C2F16B
:1075E8002002ED0804604146A760C4F80C809200B0
:1075F80004F1100001F0BDF86B0043F00103638053
:1076080004EBC5027B1B5900A4F800805180A21925
:1076180024F83550A2F80280A35304EBC703294687
:107628005A8842F001025A802046BDE8F041FFF72F
:107638009CBF002070470FB407B504A951F8040B8C
:107648000191FBF7F5F903B05DF804EB04B070475E
:10765800704701F08EB801F07EB801460068FBF76C
:10766800B7BA08B5FBF7E4FABDE80840FBF704BB76
:1076780000210120FBF7ACBA08B5FBF791FDFBF739
:107688007FFAFBF789FAFBF7EFFDFDF73BFB6FF09D
:107698008500704761B662B680F31188BFF36F8FBB
:1076A800704772B6002383F31188BFF36F8FBFF35F
:1076B8004F8F30BF62B6BFF36F8F7047202809D94C
:1076C800B0F1004F08D80138B0FA80F0C0F11F00BF
:1076D80040007047082070473E20704708B5FBF708
:1076E80037FF002008BD08B5062201210020FBF75E
:1076F8009BFF002211460620FBF73AFD01210846B0
:107708000722FBF791FF002211460720FBF730FD07
:10771800082201210220FBF787FF002211460820DA
:10772800FBF726FD092201210320FBF77DFF00223C
:1077380011460920FBF71CFD0A2201210420FBF752
:1077480073FF002211460A20FBF712FD05210846A7
:107758001622FBF769FF002211461620FBF708FDE9
:10776800292206210A20FBF75FFF00221146292063
:10777800FBF7FEFC002008BD01F01F010120884036
:10778800704700F00302043292000F23934043EA4B
:10779800900010B500F003039B0003F1804303F54C
:1077A8008033020C9C6892FAA2F2B2FA82F202F0DA
:1077B8000F0224EA104091400143996010BD08B5BA
:1077C800002212201146FBF7D3FCBDE80840122026
:1077D800FBF7C0BC0268936823F0004323F017034B
:1077E80043F0004393609368002BFCDB7047D0E9BB
:1077F8002432C0F898205B681A68936823F0004325
:1078080023F0170343F004039360704710B4034652
:107818000838BFF35B8F50E8002F511C40E8001474
:10782800002CF8D1BFF35B8F12B910BCFFF7DFBF94
:107838006FF00F0210BC9A65704738B58368DA0795
:10784800044612D401230360836823F0004323F025
:10785800170343F0010383600A252368DB0704D478
:10786800642000F0F8FD013DF7D138BD8368DB07DF
:1078780018D5836859070AD5836823F0004323F095
:10788800170343F01003836083685A07FCD48368A6
:1078980023F0004323F0170343F002038360836857
:1078A800DB07FCD470474FF0B0431868C0F3802062
:1078B80070470B88C3F30B0303F6B872C2F30B02CD
:1078C8001C2A82B010D803F1B04348681A680243F2
:1078D8001A600B88C3F30B0303F1B04300201B6845
:1078E8000193019B02B070476FF08500FAE70B889F
:1078F800C3F30B0303F6B872C2F30B021C2A9FBF33
:1079080003F1B04349681A688A439ABF00201A6095
:107918006FF08500704701380A2809D840F2EF63F4
:10792800C34013F0010F14BF00206FF085007047AB
:107938006FF08500704738B50888C0F30B00FFF773
:10794800EAFF00281EDB4A68FF2A1AD090B2C2F369
:10795800415500F1B04001350123AB400468C2F342
:107968000442013B934024EA030303604A6891B24E
:1079780001F1B041130E0868C2F304429340034377
:107988000B60002038BD0888C0F30B0008B500F66E
:10799800B873C3F30B031C2B08D800F1B0404B6835
:1079A8000268934314BF0120022008BDFFF7B3FF0C
:1079B800002814BF01200220F7E77047704743688A
:1079C8005B681B690B600020704743685B685869F7
:1079D80042400A4042405A610020704743685B6851
:1079E80000209961704743685B680020996270477E
:1079F80043685B685A69514059610020704710B567
:107A080003699868F8B1884219D1DC6808689860F9
:107A1800A14200D1D860002008602AB19A680A60A3
:107A2800DA68996002B9D960002010E0814206D175
:107A380008682060D8688142EDD1DC60EBE7044635
:107A480000680028F2D1002AE8D16FF0150010BDB7
:107A5800F0B544680120676888401E46C2F3801369
:107A680027EA00078B403B43636090FAA0F7B7FA18
:107A780087F7D4F808C04FF0030E7F000EFA07F717
:107A88002CEA070C90FAA0F7B7FA87F7C2F3C113EC
:107A98007F00BB4043EA0C03A36090FAA0F3B3FA5B
:107AA80083F3E7685B000EFA03F327EA030790FA0B
:107AB800A0F3B3FA83F302F030055B00C2F341226E
:107AC8009A403A43202DE26016D107292BD890FA24
:107AD800A0F3226A2BB3B3FA83F39B000F2101FAB8
:107AE80003F322EA030290FAA0F3B3FA83F39B00AC
:107AF80006FA03F31343236290FAA0F3B3FA83F36D
:107B0800226890FAA0F05B000321B0FA80F02D09FA
:107B180001FA03F3400022EA030385401D43256070
:107B2800F0BD2B46D9E7030A616A93FAA3F282B142
:107B3800B2FA82F292000F2793FAA3F3B3FA83F30F
:107B480007FA02F29B0021EA02029E40164366628F
:107B5800D2E72A46EEE712F4003CF8B50C46134685
:107B68001DD0960714D555075CD55022D90611D5D6
:107B780042F4007203F4C061B1F5806F42D0B1F5F0
:107B8800C06F19D0B1F5007F18D142F0800215E01E
:107B98001022EBE79F06EDD542F48062EAE7D603B0
:107BA80005D5D50605D4C2F340129202E2E7302289
:107BB800E0E74FF40072DDE742F4C07213F4403698
:107BC800056908D02F6927FA04F1C9075FBF0121A9
:107BD800A14039432961BCF1000F06D01F03416859
:107BE80013D549680123A3408B61406800232146CF
:107BF800FFF72EFF26B92B6923FA04F2D2070BD41C
:107C08000020F8BD42F48072D8E75F0341BF01232A
:107C18004968A3408B62E8E70122A24023EA0203F5
:107C28002B61EDE76FF08500EBE770B50B468968CF
:107C3800054611B15E680C6801B970BD8A682A40B2
:107C480002D04B68304698471CB1236821461C4631
:107C5800F2E72346FAE7F8B51F46044640680E46A1
:107C68001546FFF7F5FE112F08D1012303FA06F692
:107C780063685B682A054CBF9E619E620020F8BD60
:107C8800036993F850201AB11B6A0B6000207047F3
:107C98006FF00400704708B5002211462020FBF75A
:107CA80067FA2020FBF756FA002221201146FBF73D
:107CB8005FFABDE808402120FBF74CBA2DE9F743ED
:107CC80098460B7A066943F0040315460B7207467B
:107CD8000C460B460122AA420AD906F110094FF0B8
:107CE800FF324FF0FF334846FDF770F9002620E0D9
:107CF8000AD2197A187D81EA000C1CF0010F01D014
:107D080040071FD589071DD401320C33D2B2E2E7F0
:107D1800012D14BF04F114030023CDE900383846BF
:107D280094E80E0000F0B0F8061E04DB013D0C34A8
:107D3800EDB2002DECD14846FDF714F9304603B0FA
:107D4800BDE8F0836FF01506F8E742680369D2686A
:107D580083F8521019B9136823F44013136070475D
:107D680000F021B800F06EB843680169DB681A6852
:107D780022F002021A601A6822F004021A601A68D5
:107D880022F020021A601A6822F010021A601A689B
:107D980022F040021A6091F851201AB91A6822F0AC
:107DA80080021A60704710B543680469DB689A69F5
:107DB800D10607D5DA6942F01002DA610122A2631E
:107DC8009B6910BD91060CD5DA6942F02002DA6190
:107DD80001229A61FFF7C8FF2046BDE81040FDF771
:107DE800C1B8510709D5E26C596A1170A26C013A01
:107DF800A264E26C0132E264E2E7110612D5A16CDA
:107E08005A680029E6D0FF2901D95A60D8E722F438
:107E18007F0242EA014294F840100029F5D122F08D
:107E28008072F2E7910703D5E26C12789A62DDE777
:107E38005106C5D5626C127A9207CBD55A6842F4BE
:107E48008042E2E710B543680469DA6893699B05E4
:107E58000DD5D36943F40073D36101236363FFF73E
:107E680083FF2046FDF77EF86FF0040010BD93698C
:107E780013F4807306D0D36943F48073D36101236C
:107E8800E363ECE71846F1E7F0B585B001AD85E8A6
:107E98000E0043680269D968029B9364019BD3640E
:107EA8000023C2E90D33D363012355648B610B684A
:107EB800BDF82C400A9E43F001030B604B68156A1D
:107EC8008F6923F07F7323F44233ED0723F47F7324
:107ED8009DF80C5023F0030346BF44F40064234389
:107EE80043EA440315F0020447D1002E47D0367800
:107EF800760702D443F08073012482F84040029C44
:107F0800FF2C86BF43F0FF7343F4803343EA0443F6
:107F18003E0610D4EC0734D4946C44B1D46C247865
:107F28008C62946C013C9464D46C0134D46423F462
:107F3800806343F400534B600B6843F0F6030B6017
:107F48009DF80C5004694668002341F288322046A7
:107F5800FDF73CF8A36BBBB9636B184314D194F8D5
:107F6800513043B915F0020005D01846F26813687D
:107F780023F00103136005B0F0BD0024BDE73446CB
:107F8800BBE743F48063D4E76FF00400EEE730B555
:107F9800036813600579046804EBC504A34202D39F
:107FA8006FF0010030BD5C798C4201D00833F0E7F6
:107FB8000020F7E74368C1F34B101B6801F01F016D
:107FC800C05801238B40034214BF012300231370C0
:107FD8000020704710B54368C1F34B101A6801F0D0
:107FE8001F01845801238B4023438350002010BD78
:107FF80010B54368C1F34B14186801F01F012358EA
:1080080001228A4023EA02032350002010BD38B51C
:1080180004460D46FFF7DEFF29462046FFF7E8FF36
:10802800002038BDB0F5805F07D0B0F1805F09D17E
:10803800002914BF012002207047002914BF032023
:1080480004207047002914BF0220032070474368AA
:108058001B68D869DA69D107DA69C0F3C00048BF7C
:1080680040F002009207DA6948BF40F00400510767
:10807800DA6948BF40F02000D20542BF4FF4807251
:1080880040F008001A62C10744BF08221A6282073A
:1080980044BF01221A62410744BF02221A628206C3
:1080A80044BF04221A62704743681A6852E8003FC6
:1080B80043F0400342E800310029F7D17047436894
:1080C8001A6852E8003F23F0400342E800310029D3
:1080D800F7D1704743681A6852E8003F43F020031D
:1080E80042E800310029F7D1704743681A6852E81E
:1080F800003F23F0200342E800310029F7D1704700
:1081080043681B68D869C0F3401070470120704766
:108118000369C3E902127047026993680BB1D16819
:108128001847704708B5002224201146FBF720F8AD
:10813800BDE808402420FBF70DB808B5002226202A
:108148001146FBF715F8BDE808402620FBF702B8F2
:1081580043681B68D869C0F38010704743681B6880
:10816800D86910F080001CBF1868C0F380107047F1
:1081780010B50269526812680A604268126812688B
:1081880002F4C062B2F5806F04460B4633D0A2F504
:10819800C060424242411A7162681268526802F431
:1081A8004052B2F5805F28D0B2F5405F27D0002A50
:1081B8000CBF012203225A716268126810681168A4
:1081C80000F0102001F4C061FFF72CFF987162687D
:1081D8001268926802F44072A2F540714A424A411C
:1081E800DA7161680968896811F4804F18BF032241
:1081F800DA71002010BD0222CDE70022DBE702225F
:10820800D9E738B543681B680C461868196800F048
:10821800102001F4C061FFF705FF04281AD0D869BF
:1082280010F0800015D0EFF31181102080F3128830
:10823800BFF36F8F0020151A002D06DDDD692D06AE
:1082480003D5255C9D620130F5E781F31188BFF302
:108258006F8F38BD6FF08500FBE710B543681B686A
:108268001020DA691206FCD5EFF3118280F3128828
:10827800BFF36F8FDC69240604D482F31188BFF33F
:108288006F8FEEE7996282F31188BFF36F8F10BD8D
:1082980043681B68DA69910602D51A68920607D402
:1082A800D86910F0400004D01868C0F380107047F7
:1082B8000120704738B543681B680C461868196870
:1082C80000F0102001F4C061FFF7ACFE042810D0C4
:1082D80000200821151A002D0DDDDD69AD060AD52F
:1082E8005D6A2554DD692D0700F10100F2D5196298
:1082F800F0E76FF0850038BD43681B68DA6910073E
:1083080044BF08221A62DA69920643BF5B6A0B709F
:1083180000204FF0FF3070472DE9F0410A790369DA
:10832800D0F804805E68012A04460D4611D0901EDC
:1083380047424741BF0269794046FCF753F8AB7999
:10834800022B09D0042B33D0131E18BF01231B03A3
:1083580006E04FF4C067EEE7B2FA82F35B091B0749
:10836800EA79D8F80010012A14BF4FF0000C4FF436
:10837800407CAE421FD10A6822F0805222F4B052EB
:108388003A431A430A604B6823F4405303434B6053
:1083980063681A68936823F4407343EA0C03936094
:1083A80031682046FCF79AF800EAE070BDE8F081F1
:1083B8004FF48053D4E7D1F800E00EF4C06E77454F
:1083C8001FBFD1F800E02EF4C06E4EEA07070F6019
:1083D80061680F68796801F4405188421FBF796865
:1083E80021F440510143796061680868016801F02F
:1083F80010218B421FBF016821F010210B4303603D
:10840800636819688B6803F440739C451FBF8B68C9
:1084180023F4407343EA0C038B6063681B68996814
:10842800490405D5032A09D09A6822F4804204E059
:10843800032A03D19A6842F480429A602968336813
:10844800994206D02046FCF749F80028AEDB2B6895
:1084580033600020AAE738B5044648B1FCF7B6FAFD
:10846800302305465C43FCF7B1FA431BA342FAD319
:1084780038BD10B5436904463BB90020E26853781B
:1084880043F001035370404210BD98470028F4D0D0
:108498000028B8BF4042E368FF28A8BFFF20187033
:1084A800ECE740B1C368587810F001001EBF187897
:1084B800B0FA80F040097047EFF31183102383F37B
:1084C8001288BFF36F8FFEE708B5FFF7F5FF08B511
:1084D8001024EFF3118384F31288BFF36F8FFFF733
:1084E800E0F8F6E7D0E9003213605A60427B0023D7
:1084F80022F00202C0E9003342738360704713B56B
:1085080001240094FCF764FC02B010BD3AB18A4221
:1085180005D3C0E90212C0E90000002070476FF0DF
:1085280015007047D0E9003213605A600023C0E993
:108538000033704708B5FFF7F5FF437B23F00203CC
:1085480043730023836008BD38B504460D46FCF725
:1085580015FE637B43F002036373E5B1A5602B68E6
:108568009D4209D16B68C4E900531C606C6012E03D
:108578006A689A42F6D01B68002BF3D094F90E2053
:1085880093F90E108A42F3D09142F1DD5A68C4E99A
:10859800003214605C6038BD10B5EFF3118410230D
:1085A80083F31288BFF36F8FFCF7A6FD84F311885D
:1085B800BFF36F8F10BD08B5EFF31181102282F35E
:1085C8001288BFF36F8F83680BB1FFF7B3FF81F396
:1085D8001188BFF36F8F08BD10B50146EFF3118402
:1085E800102383F31288BFF36F8F437B13F0280F98
:1085F8000AD183680BB1FFF79DFF4B7B23F004037F
:108608004B730846FCF778FD84F31188BFF36F8F2E
:1086180010BD01211838FFF7DFBF08B50346EFF397
:108628001181102282F31288BFF36F8F0068834292
:1086380007D008B1FFF77EFF81F31188BFF36F8F72
:1086480008BD0020F8E738B504460D46FCF7E2FE01
:10865800B5F1FF3F08BFB4F1FF3F0346204610D0F5
:1086680013F109004FEAE37141F100010A220023E6
:10867800F8F720FDB0F1004F71F1000128BF6FF04D
:10868800004038BD08B50246FDF74EF870B1D0E994
:1086980004319B1A61EBE272B3F1004F72F10001F1
:1086A80004DA002AACBF1846002008BD6FF000406D
:1086B800FBE738B50246EFF31185102383F31288E0
:1086C800BFF36F8F0368CBB1FDF72EF80446104651
:1086D800FDF73CF800224FF000438442C0E9042330
:1086E80006D1FDF729F8FFF7CDFF0021FCF7DCF8EC
:1086F800002085F31188BFF36F8F38BD6FF0150028
:10870800F7E708B5FDF72EF908BDFDF72BB910B549
:108718000446FFF7CEFFA8B9636A0BB12046984715
:1087280004F11800FFF779FF60B1FFF735FFEFF3A9
:108738001180102383F31288BFF36F8FBDE81040B8
:10874800FCF7C0BD10BD10B400F10C04C0E903442F
:1087580010BCFEF731BF0A44914200F1FF3300D14B
:10876800704710B511F8014B03F8014F9142F9D148
:1087780010BD02440346934200D1704703F8011B21
:10878800F9E70A220021FDF7BDBBC9B20346184626
:1087980013F8012B12B18A42F9D17047002918BF8A
:1087A8000020704710B56AB10139841810F8012B00
:1087B80011F8013F9A4203D1A04201D0002AF5D115
:1087C800D01A10BD1046FCE710B50139044632B185
:1087D80011F8013F00F8013B013A002BF7D10021C5
:1087E800FFF7C7FF204610BD10B5024601448A4274
:1087F800134603D01C780132002CF8D1181A10BD8A
:1088080038B511F0FF0403460ED12146BDE83840C3
:10881800FFF7BBBF431C054621461846FFF7B5FFC7
:108828000028F7D1284638BD0025F5E70246002381
:10883800006800F000B8F0B5044608B9146844B1FF
:10884800204614F8015B0F4617F8016B1EB965B98D
:108858001560002005E0B542F6D1002BF0D1146078
:108868000370F0BD1C460CE015B914F8013B0E4628
:1088780016F8015BAB42F7D1002BF3D0002304F8C4
:10888800013C1460EDE72DE9F047C3F137090746CD
:1088980088465FFA89F903F01F0516464FF0000A6B
:1088A800384641462A465346F8F704FCD4B2092C08
:1088B80088BF4C443A46434688BFE4B2AA4204F112
:1088C800300473EB0A0306F8014B07468846E7D2E3
:1088D8003046BDE8F0872DE9F04387B01C4602AB6F
:1088E80000931746D2E902238146884600F0DFF854
:1088F80004AB0093D7E9002306460D464846414697
:1089080000F0D5F8DDE90423901953EB05014FF089
:10891800000728BF012737B1029B039A013342F1B0
:108928000002CDE90232403CDDE90223009400F068
:10893800D9F807B0BDE8F0832DE9F04F87B00618E5
:10894800994602AB41EB0104009315463046D2E943
:1089580000232146DDF844B000F0A9F804AB0093E9
:10896800D5E90223074688463046214600F09FF89D
:10897800DDE90263841951EB0306049BD5E9000184
:108988004FF0000228BF0122D218059B43F10003D3
:10899800381848EB0101B84271EB0801D5E902C16A
:1089A80034BF0120002014EB0C0C46EB010110EB46
:1089B8000C0041F10001A04271EB060C34BF4FF0EE
:1089C800010C4FF0000CCDE90423A9F1410A1CEB7E
:1089D800020243F10003CDF800A000F083F8109BD9
:1089E800C3E90001129B012BDDE9042329D1D5E954
:1089F8000201D5E900C5201A66EB0101674578EB4D
:108A0800050534BF01250025401B61F100018442A2
:108A180076EB010534BF01250025521BCDF800A0D7
:108A280063F1000300F05EF8DDE90423CBE90001FF
:108A3800CDF800A02046314600F054F807B0BDE854
:108A4800F08F17EB070E48EB080C201946EB0601D0
:108A5800BE457CEB080834BF01270027C71941F140
:108A68000008D5E9000186457CEB010CD5E9021523
:108A780034BF01200020381A68F1000C401A6CEB52
:108A8800050192185B41A74278EB060534BF012522
:108A98000025521943F10003874278EB010834BFDF
:108AA80001250025521BA9F140050095B8E7F0B54E
:108AB8000F460446A0FB0201A7FB02524919A3FB7B
:108AC800044542F10002A7FB0373611845F1000455
:108AD800D219059E43F10003121943F10003C6E9B8
:108AE8000023F0BDF0B5059CC4F14007C4F1200691
:108AF80002FA06F6A4F12005BB4022FA05F5334335
:108B0800C4F120062B4301FA06F6A4F12005E04043
:108B180021FA05F53043BA402843E1401043194390
:108B2800F0BD0246534221F00040134340EAD3709F
:108B3800C0F1FF4000F5E000C00F70472DE9F0419B
:108B48000446CD0FC1F30A50C1F3130154EA0107DB
:108B5800157140F2FF7607D0B0420CD145F00805F8
:108B680015710020BDE8F081002863D0B0425ED1C5
:108B780045F00405F4E7002859D10120A0F2FF30A0
:108B8800002B106059DB0C2B59DCC3F10D05AD002F
:108B9800012005F1FF3CA5F12107C5F1210620FAC6
:108BA80006F600FA07F700FA0CF03743061847EB09
:108BB8000708D6F1000E68EB480C013E48F1FF3873
:108BC800264008EA0108B04277EB08080FDBC5F138
:108BD8002008B5F1200601FA08F824FA05F545EA57
:108BE80008055CBF41FA06F63543ED0703D52018A2
:108BF800044641EB070104EA0E0401EA0C019DF862
:108C08001860123218460D25C6F127064FF0300EAF
:108C180004F00F03240944EA017405F1FF3C09112B
:108C2800571EB3B9A8420CDA65463A46F0E741F454
:108C38008011A3E704460146A2E70023DFE70D23DE
:108C4800DDE782F800E01CF1010365463A46DFD112
:108C580088E7092BC8BF9B193033A8421370B8BFE7
:108C68002846F0E7D1E9043293421EBF5A1C0A6134
:108C780018707047014800687047000064040020BD
:088C88009E84FF7F0100000043
:108C900000000000188D00089D2A00080000000058
:108CA0001D5B00080000000000000000348D00087B
:108CB00000000000C08D000800000000888D000842
:108CC00000000000A48D000800000000508D000886
:108CD000000000006C8D0008EF7600080000000026
:108CE00000000000DC8D000800000000F88D000886
:108CF000A13F000800000000294800080000000013
:108D0000813500080000000000000000148E0008FB
:088D100000000000308E000895
:108D18007DA2000800000000C89000082001002083
:108D280000000000E53D000800000000CFA2000898
:108D38007C960008B89000082C0100200000000074
:108D4800000000000000000044A20008000000002D
:108D5800000000001C01002000000000A5350008EC
:108D6800000000008AA200087C9500087C9000089A
:108D78002201002004050020A14000080000000096
:108D880098A20008909500087C9000082401002013
:108D980018050020A140000800000000A6A2000855
:108DA800A49500087C900008260100202C050020CE
:108DB800A140000800000000B4A20008B89500080F
:108DC8007C9000082801002040050020A1400008F0
:108DD80000000000E0A2000880960008E490000867
:108DE8002E010020C00000208D4600080000000071
:108DF800F0A20008D0960008E49000083001002096
:108E0800D80000208D4600080000000070A200086D
:108E1800C4940008709000081E0100200000002083
:108E2800AD39000800000000C2A20008CC95000877
:108E3800A09000082A010020540500204D41000898
:048E48000000000026
:108E4C000000000079760008000000007976000828
:108E5C000000000079760008000000007976000818
:108E6C000000000079760008000000007976000808
:108E7C006EA20008493600086CA2000849360008AA
:108E8C006AA200084936000868A2000849360008A2
:108E9C0066A2000849360008000000007976000838
:108EAC0000000000797600080000000079760008C8
:108EBC0000000000797600080000000079760008B8
:108ECC0000000000797600080000000079760008A8
:108EDC0000000000953800080000000079760008BA
:108EEC000000000079760008000000007976000888
:108EFC0064A20008493600080000000079760008DA
:108F0C000000000079760008000000007976000867
:108F1C000000000079760008000000007976000857
:108F2C000000000079760008000000007976000847
:108F3C000000000079760008000000007976000837
:108F4C00308E0008697D0008308E00086D7D0008A9
:108F5C000000000079760008000000007976000817
:108F6C00F88D0008218100080000000079760008C7
:108F7C00DC8D0008218100080000000079760008D3
:108F8C00000000007976000862A20008493600084B
:108F9C0000000000797600080000000079760008D7
:108FAC0000000000797600080000000079760008C7
:108FBC0000000000797600080000000079760008B7
:108FCC0000000000797600080000000079760008A7
:108FDC000000000079760008000000007976000897
:108FEC000000000079760008000000007976000887
:108FFC000000000079760008000000007976000877
:10900C000000000079760008000000007976000866
:10901C000000000079760008000000007976000856
:10902C000000000079760008000000007976000846
:109040006001002040070020000200000D280008F9
:10905000000000000000000000000000010000000F
:10906000000000001D9D000800000000000000003E
:0C907000C1370008E13A0008E40C0000E1
:10907C005F7B0008C7790008D3790008E579000800
:10908C00EF790008F9790008F13F0008077A000829
:04909C0000000000D0
:1090A000D9400008897C0008C57C00080000000049
:0890B0000000000000000000B8
:1090B800BD7F0008DD7F0008F97F000817800008E1
:1090C800BB780008F778000800000000313D000870
:0C90D8008F790008000000003F790008BC
:1090E400018300086382000857800008A545000832
:1090F400798100080B820008BD820008B180000855
:10910400C780000865810008DD800008F38000083E
:109114005981000809810008254400086D440008AD
:0C912400998200081581000819810008DC
:1091300054000000000100000000000001000000D9
:1091400002000000090400000000090400000500FE
:10915000000000000000000000000000000000000F
:1091600000000000000000000000000000000000FF
:1091700000000000000000000000000000000000EF
:1091800000000000000000000000000000000000DF
:1091900000000000000000000000000000000000CF
:1091A00000000000000000000000000000000000BF
:1091B00000000000000000000000000000000000AF
:1091C000000000000000000000000000000000009F
:1091D0000100000000000000050000000000000089
:1091E00019000000000000007D00000000000000E9
:1091F0007102000000000000350C000000000000BB
:10920000093D0000000000002D31010000000000B9
:10921000E1F505000000000065CD1D000000000024
:10922000F902950000000000DD0EE90200000000D8
:10923000514A8D0E000000009573C24800000000E6
:10924000E941CC6B010000008D49FD1A07000000C8
:10925000C16FF28623000000C52EBCA2B100000041
:10926000D9E9AC2D780300003D9160E4581100006D
:1092700031D6E275BC560000F52E6E4DAEB1010040
:10928000C9EA268367780800ED95C28F055A2A003F
:10929000A1EDCCCE1BC2D30025A4000A8BCA2204A8
:1092A00000000000000000000000000000000010AE
:1092B0000000000000000000B9340332B7F4AD1420
:1092C00010DB1AB30892540E0D307D951447BA1A6C
:1092D00066088F4D26ADC66DF598BF85E2B745117E
:1092E000CA96853D92BD1DEBFCA11860DCEF5216BD
:1092F0003C92AE220BB8C1B4839D2D5B0562DA1C93
:10930000304C7E8F4E8BB25B16F4529F8B56A5125B
:10931000FBD4827643ED8AF08FE7F9311565191891
:1093200050F19BD94A13EEB4284CF0A686C1251FF4
:10933000035FC270CB9E4916E642889C44EB201422
:10934000B0650836AD6EA58585F0CA14E2FD031A36
:109350000B899979D5B13D09D8DA973A35EBCF1019
:10936000AC363F5E73BB38CF3E6752FA44AFBA1596
:1093700001000000000000000000000000000020CC
:10938000345065C05FC9A652BB13CBAEC440C218EF
:1093900006C8DF7100D5A87CF56F0FDA58FC2713DB
:1093A0006E4756357D24206502C7E768E48CA41D0E
:1093B000E9E60268D7CD39617977FCC2405BEF16E8
:1093C000798CDE43FFA751F991F3B278F5BDBE1158
:1093D000E857E9D6E8BEE87BB054AC8F848D751BA6
:1093E000EA23A499E9F9D38BB7A3714061DA3E155A
:1093F000CEE33ECB73F948088C97B427D51B701089
:10940000A2BFEFB9EB8532154DB44DB49BBB6F19BC
:1094100096B6076CF8E7EEAD36D9B4F59135AE13D4
:10942000222218AF4E6A684D91DAAA3D4F40741E51
:109430009FBD9EE006A1C09857C2A7FDA40E90173D
:109440000E7D497173E3208FB220D87605143B124C
:10945000853D7434811343B0AD297A5F27F4351C00
:10946000A48D000809000000A48D00080B00000076
:10947000A48D00080F000000C08D00080900010045
:10948000A48D00080A000100A48D00080800010056
:10949000C08D000801001100000000200000000045
:1094A00000000B0602000000AC9400080000000859
:1094B00035A2000822000206000000203DA200089C
:1094C0001E000B1100240140C77700086000000057
:1094D000000200000000000000000000000000008A
:1094E0000000000000000080149500080200040045
:1094F00008000D00140028005000A1000200010126
:10950000000400000C6360000C6351000C63420017
:109510000C6333001C95000801000000249500082E
:10952000020000003002000000000000B003000054
:109530000000000000000000000000000400000027
:10954000080000000C0000001000000014000000E3
:10955000180000001C0000000000000020000000B7
:10956000400000006000000080000000A00000003B
:10957000C0000000E000000000010000FFFF00004C
:10958000001C0048070000004C00000080000000A4
:10959000FFFF000000080048020000004C0000002F
:1095A00004000000FFFF000000040048010000006C
:1095B0004C00000002000000FFFF00000000004817
:1095C000000000004C000000010000009F7C00082B
:1095D000EC9500080100000000580040801A0600C9
:1095E000F4950008149600080000000058000000E0
:1095F00000004000FC9500080100000004960008EF
:10960000020000008401000040020000640100002C
:1096100040020000C08D0008A48D0008888D00085D
:10962000000000000000000000000000000000003A
:109630006C8D000800000000000000000000000029
:10964000000000000000000000000000000000001A
:10965000000000000000000000000000000000000A
:1096600000000000000000000000000000000000FA
:109670000000000000000000000000000000005892
:1096800000800040348D000880070000A896000884
:1096900001000000000000000000000000000000C9
:1096A000B0960008438100085C0000000100000043
:1096B000B896000801000000C096000802000000F3
:1096C00048000000000200006800000000000000E8
:1096D00000380140348D00080E080000F89600089C
:1096E0000100000000000000000000000000000079
:1096F000009700082D810008600000000040000075
:109700000897000801000000109700080200000000
:10971000C702000000020000E70200000000000095
:10972000A0860100400D0300801A060000350C00E1
:1097300040420F0080841E0000093D0000127A00A4
:109740000024F40000366E010048E801006CDC02E1
:109750000000000000000000000000000000000009
:1097600001000000030000000500000001000000EF
:1097700001000000060000000A00000020000000B8
:1097800002000000040000000800000010000000BB
:109790004000000080000000000100000002000006
:1097A000908C0008908C0008F88C0008008D000850
:1097B000188D0008188D000800000000000000004F
:1097C00000000000000000000000004095596959A9
:1097D00055555455155555560405154110545540C9
:1097E0004551554440455044505555450040004072
:1097F00040044496655556554540455451411540E1
:109800005591555555554051050100005445545446
:1098100045550504001004101404400000000140E8
:10982000555515415404000044000100000000405B
:10983000410000445044455054005555545565511D
:109840000040004001000001000501001154515189
:109850005455550500154150000004401001040501
:1098600000000000010002000400060008000A00D9
:109870000C00100020004000800000014750494FBC
:1098800041206E6F74207265616479210A00436122
:109890006E6E6F7420636F6E6669677572652054B3
:1098A0005249470A0043616E6E6F7420636F6E66A3
:1098B0006967757265204543484F0A002121216C74
:1098C0006967687420616C6572742121210A002126
:1098D000212172676220616C6572742121210A0066
:1098E000212121616363656C65726F6D65746572BA
:1098F00020616C6572742121210A00212121746587
:109900006D706572617475726520616C6572742129
:1099100021210A0021212168756D6964697479200B
:10992000616C6572742121210A00212121736F6904
:109930006C20616C6572742121210A00534F494CDF
:10994000204D4F4953545552453A20252E31662516
:10995000250A004C696768743A20252E3166252552
:109960000A00434F4C4F522053454E534F523A201A
:10997000436C6561723A202564205265643A202563
:109980006420477265656E3A20256420426C7565D7
:109990003A2025640A00414343454C45524F4D450A
:1099A000544552533A20585F617869733A20252E06
:1099B00032666D2F73C2B22C20595F617869733A99
:1099C00020252E32666D2F73C2B22C205A5F61782B
:1099D00069733A20252E32666D2F73C2B20A005485
:1099E000454D502F48554D2054656D70657261741A
:1099F0007572653A20252E3166C2B0432C09526536
:109A00006C61746976652048756D69646974793A2A
:109A100020252E316625250A0044697374616E6322
:109A2000653A202575636D0A004C454420706F72BD
:109A30007473206E6F742072656164790A006932F4
:109A400063206E6F742072656164790A00756172BB
:109A500074206E6F742072656164790A00616463BA
:109A6000206E6F742072656164790A00524742204B
:109A700073656E736F722072656164202065727207
:109A80006F722025780A00616363656C65726F6D83
:109A9000657465722073656E736F722072656164A0
:109AA000206572726F720A0074656D7020262068DE
:109AB000756D2072656164206572726F720A000AAA
:109AC0000A486F75726C79207570646174653A0A22
:109AD000000974656D7065726174757265206D69D9
:109AE0006E696D756D202D20252E3166C2B0430A3A
:109AF0000974656D7065726174757265206D65615C
:109B00006E202D20252E3166C2B0430A0974656D82
:109B10007065726174757265206D6178696D756DBF
:109B2000202D20252E3166C2B0430A0A000968752F
:109B30006D6964697479206D696E696D756D202D2C
:109B400020252E316625250A0968756D69646974BA
:109B500079206D65616E202D20252E316625250A20
:109B60000968756D6964697479206D6178696D75CE
:109B70006D202D20252E316625250A0A00096C69E5
:109B8000676874206D696E696D756D202D20252EB6
:109B9000316625250A096C69676874206D65616EF8
:109BA000202D20252E316625250A096C69676874E9
:109BB000206D6178696D756D202D20252E3166250B
:109BC000250A0A0009736F696C206D696E696D75ED
:109BD0006D202D20252E316625250A09736F696CAD
:109BE000206D65616E202D20252E316625250A0900
:109BF000736F696C206D6178696D756D202D2025FE
:109C00002E316625250A0052454420776173206471
:109C10006F6D696E616E7420636F6C6F720A0047BE
:109C20005245454E2077617320646F6D696E616E99
:109C30007420636F6C6F720A00424C554520776147
:109C40007320646F6D696E616E7420636F6C6F72E8
:109C50000A004D6178696D756D2076616C7565736C
:109C6000206F6620585F61786973202D20252E3281
:109C7000666D2F73C2B2202020595F61786973200E
:109C80002D20252E32666D2F73C2B22020205A5F00
:109C900061786973202D20252E32666D2F73C2B234
:109CA0000A0A004D696E696D756D2076616C756587
:109CB00073206F6620585F61786973202D20252EF0
:109CC00032666D2F73C2B2202020595F61786973AC
:109CD000202D20252E32666D2F73C2B22020205AEF
:109CE0005F61786973202D20252E32666D2F73C237
:109CF000B20A000A54455354204D4F44450A000A05
:109D00004E4F524D414C204D4F44450A000A4144AC
:109D100056414E434544204D4F44450A00677073F9
:109D2000546872656164004750533A204E4F205387
:109D30004154454C4C49544520434F4E4E454354A5
:109D4000494F4E0A0024475047474100475053208F
:109D50007261773A2025730A002C004750533A204D
:109D6000696E636F6D706C657465206461746120E9
:109D7000282573290A00253032643A253032643AA6
:109D800025303264004750533A2023536174733AAC
:109D9000202573204C617428555443293A20252EE0
:109DA0003666202563204C6F6E6728555443293A48
:109DB00020252E366620256320416C7469747564F5
:109DC000653A202573206D204750532074696D65D6
:109DD0003A2025730A004750533A20235361747385
:109DE0003A202573204C617428555443293A202584
:109DF0002E3666202563204C6F6E67285554432904
:109E00003A20252E366620256320416C74697475CE
:109E100064653A202573206D204750532074696D86
:109E20006520746F204C6F63616C3A2025730A00C3
:109E30003F3F3A3F3F3A3F3F004272696768746E66
:109E4000657373206164635F72656164206572721B
:109E50006F723A2025640A0072302F61313A202057
:109E6000307825303878202072312F61323A202026
:109E7000307825303878202072322F61333A202014
:109E80003078253038780A0072332F61343A202038
:109E9000307825303878207231322F69703A20209E
:109EA000307825303878207231342F6C723A202087
:109EB0003078253038780A0020787073723A202084
:109EC0003078253038780A004661756C74696E67A1
:109ED00020696E737472756374696F6E2061646457
:109EE0007265737320287231352F7063293A2030E0
:109EF00078253038780A00556E68616E646C656448
:109F0000204952516E3A2025640A002A2A2A2A2A18
:109F1000204D5055204641554C54202A2A2A2A2AA1
:109F20000A002020537461636B696E67206572724A
:109F30006F722028636F6E7465787420617265613A
:109F4000206D69676874206265206E6F7420766189
:109F50006C6964290A002020556E737461636B6913
:109F60006E67206572726F720A002020446174610E
:109F7000204163636573732056696F6C6174696F08
:109F80006E0A0020204D4D464152204164647265A6
:109F900073733A20307825780A002020496E737454
:109FA00072756374696F6E204163636573732056C5
:109FB000696F6C6174696F6E0A002A2A2A2A2A2046
:109FC0005553414745204641554C54202A2A2A2AB8
:109FD0002A0A0020204469766973696F6E206279CD
:109FE000207A65726F0A002020556E616C69676E79
:109FF0006564206D656D6F7279206163636573734D
:10A000000A0020204E6F20636F70726F6365737358
:10A010006F7220696E737472756374696F6E730A00
:10A02000002020496C6C6567616C206C6F61642056
:10A030006F66204558435F52455455524E20696E15
:10A04000746F2050430A002020496C6C6567616C76
:10A0500020757365206F66207468652045505352E3
:10A060000A002020417474656D707420746F20653F
:10A0700078656375746520756E646566696E656480
:10A0800020696E737472756374696F6E0A002A2A90
:10A090002A2A2A20425553204641554C54202A2A28
:10A0A0002A2A2A0A002020537461636B696E672094
:10A0B0006572726F720A0020205072656369736561
:10A0C000206461746120627573206572726F720A18
:10A0D0000020204246415220416464726573733A05
:10A0E00020307825780A002020496D7072656369F8
:10A0F0007365206461746120627573206572726F8C
:10A10000720A002020496E737472756374696F6EF1
:10A1100020627573206572726F720A0052657365F2
:10A120007276656420457863657074696F6E202867
:10A130000053707572696F757320696E7465727201
:10A1400075707420284952512000535053454C20BB
:10A15000696E20746872656164206D6F6465206447
:10A160006F6573206E6F7420696E646963617465D6
:10A17000205053500A002A2A2A2A2A2048415244B1
:10A18000204641554C54202A2A2A2A2A0A002020F7
:10A19000427573206661756C74206F6E20766563FE
:10A1A000746F72207461626C6520726561640A006C
:10A1B00020204465627567206576656E740A00200C
:10A1C000204661756C7420657363616C6174696F9E
:10A1D0006E20287365652062656C6F77290A0041DF
:10A1E0005243485F4558434550542077697468206E
:10A1F000726561736F6E2025780A0A002A2A2A2A5E
:10A200002A204465627567206D6F6E69746F7220D5
:10A21000657863657074696F6E202A2A2A2A2A0A73
:10A22000002A2A2A2A2A20257320256429202A2A5E
:10A230002A2A2A0A00464C4153485F3000535241B3
:10A240004D5F3000696E746572727570742D636F46
:10A250006E74726F6C6C65724035383030303830E7
:10A2600030000A0605050401030102010101000195
:10A2700061646340343030313234303000726363B3
:10A28000403538303030303030006770696F4034DE
:10A2900038303031633030006770696F40343830A7
:10A2A0003030383030006770696F403438303030CB
:10A2B000343030006770696F4034383030303030BF
:10A2C000300069326340343030303538303000721D
:10A2D000657365742D636F6E74726F6C6C6572005C
:10A2E00073657269616C4034303030383030300022
:10A2F00073657269616C403430303133383030000E
:10A300006D61696E002A2A2A20426F6F74696E6738
:10A31000205A6570687972204F53206275696C64A9
:10A320002076342E332E302D323239322D673030B4
:10A3300036613935313332333836202A2A2A0A0039
:10A34000616E006E66696E69747900696E66006E92
:0CA35000616E00286E756C6C2900000026
:10A35C0000000000000000000000000000000000F1
:10A36C009D590008000000000000000000000000E3
:10A37C0020000020200000201578000800000000BC
:10A38C0000000000000000000000000000000000C1
:10A39C0040000020400000200000000001000000F0
:10A3AC0050000020500000200000000001000000C0
:10A3BC000000000000000000000000000000000091
:10A3CC000000000000000000000000000000000081
:10A3DC000000000000000000000000000000000071
:10A3EC000000000000000000000000000000000061
:10A3FC000000000000000000010000003B76000897
:10A40C0000000000E57600080000000000000000DD
:10A41C0000000000D0000020000000000000000040
:10A42C0000C201000001030000000000E800002051
:10A43C000000000000000000802500000001030067
:10A44C0000093D00C8000000F8000020F8000020C2
:10A45C009201019A989694050301E3E5FFFFFFFF33
:0CA46C00FFFFFFFFFFFFFFFFFFFFFFFFF0
:10A4780000000000000000000000000000000000D4
:08A488000000000000000000CC
:10A49000340100203401002080000000080000008A
:10A4A000401B0020401F0020401B0020401B0020BC
:08A4B0000000000000000000A4
:04A4B80015E015E0B6
:040000050800307946
:00000001FF
