:020000040800F2
:10000000001B0020A52700087B6600089127000838
:1000100091270008912700089127000800000000A0
:10002000000000000000000000000000652800083B
:10003000912700080000000005280008893F0008FB
:10004000B5290008B5290008B5290008B529000818
:10005000B5290008B5290008B5290008B529000808
:10006000B5290008B5290008B5290008B5290008F8
:10007000B5290008B5290008B5290008B5290008E8
:10008000B5290008B5290008B5290008B5290008D8
:10009000B5290008B5290008B5290008B5290008C8
:1000A000B5290008B5290008B5290008B5290008B8
:1000B000B5290008B5290008B5290008B5290008A8
:1000C000B5290008B5290008B5290008B529000898
:1000D000B5290008B5290008B5290008B529000888
:1000E000B5290008B5290008B5290008B529000878
:1000F000B5290008B5290008B5290008B529000868
:10010000B5290008B5290008B5290008B529000857
:10011000B5290008B5290008B5290008B529000847
:10012000B5290008B5290008B5290008B529000837
:08013000B5290008B5290008FB
:1001380081F0004102E000BF83F0004330B54FEA90
:1001480041044FEA430594EA050F08BF90EA020FFD
:100158001FBF54EA000C55EA020C7FEA645C7FEA90
:10016800655C00F0E2804FEA5454D4EB5555B8BFB3
:100178006D420CDD2C4480EA020281EA030382EA24
:10018800000083EA010180EA020281EA0303362DB6
:1001980088BF30BD11F0004F4FEA01314FF4801C89
:1001A8004CEA113102D0404261EB410113F0004F9B
:1001B8004FEA03334CEA133302D0524263EB430352
:1001C80094EA050F00F0A780A4F10104D5F1200EF0
:1001D8000DDB02FA0EFC22FA05F2801841F100014B
:1001E80003FA0EF2801843FA05F359410EE0A5F11F
:1001F80020050EF1200E012A03FA0EFC28BF4CF050
:10020800020C43FA05F3C01851EBE37101F0004505
:1002180007D54FF0000EDCF1000C7EEB00006EEB12
:100228000101B1F5801F1BD3B1F5001F0CD349089C
:100238005FEA30004FEA3C0C04F101044FEA4452F3
:1002480012F5800F80F09A80BCF1004F08BF5FEA7A
:10025800500C50F1000041EB045141EA050130BD5A
:100268005FEA4C0C404141EB0101013C28BFB1F56C
:10027800801FE9D291F0000F04BF01460020B1FAB7
:1002880081F308BF2033A3F10B03B3F120020CDA8A
:100298000C3208DD02F1140CC2F10C0201FA0CF068
:1002A80021FA02F10CE002F11402D8BFC2F1200CCD
:1002B80001FA02F120FA0CFCDCBF41EA0C01904083
:1002C800E41AA2BF01EB0451294330BD6FEA0404CC
:1002D8001F3C1CDA0C340EDC04F11404C4F12002B7
:1002E80020FA04F001FA02F340EA030021FA04F3C9
:1002F80045EA030130BDC4F10C04C4F1200220FA20
:1003080002F001FA04F340EA0300294630BD21FA5D
:1003180004F0294630BD94F0000F83F4801306BF23
:1003280081F480110134013D4EE77FEA645C18BF17
:100338007FEA655C29D094EA050F08BF90EA020FAE
:1003480005D054EA000C04BF1946104630BD91EAA6
:10035800030F1EBF0021002030BD5FEA545C05D1A9
:100368004000494128BF41F0004130BD14F58004E8
:100378003CBF01F5801130BD01F0004545F0FE415C
:1003880041F470014FF0000030BD7FEA645C1ABF91
:10039800194610467FEA655C1CBF0B46024650EAC8
:1003A800013406BF52EA033591EA030F41F40021F4
:1003B80030BD00BF90F0000F04BF0021704730B57A
:1003C8004FF4806404F132044FF000054FF000014F
:1003D80050E700BF90F0000F04BF0021704730B510
:1003E8004FF4806404F1320410F0004548BF4042E5
:1003F8004FF000013EE700BF42004FEAE2014FEA3A
:1004080031014FEA02701FBF12F07F4393F07F4F14
:1004180081F06051704732F07F4208BF704793F017
:100428007F4F04BF41F40021704730B54FF460742A
:1004380001F0004521F000411CE700BF50EA01022D
:1004480008BF704730B54FF000050AE050EA0102D6
:1004580008BF704730B511F0004502D5404261EB46
:1004680041014FF4806404F132045FEA915C3FF487
:10047800D8AE4FF003025FEADC0C18BF03325FEA24
:10048800DC0C18BF033202EBDC02C2F1200300FAD5
:1004980003FC20FA02F001FA03FE40EA0E0021FAFA
:1004A80002F11444BDE600BF70B54FF0FF0C4CF4E8
:1004B800E06C1CEA11541DBF1CEA135594EA0C0F9A
:1004C80095EA0C0F00F0DEF82C4481EA030621EAD5
:1004D8004C5123EA4C5350EA013518BF52EA033510
:1004E80041F4801143F4801338D0A0FB02CE4FF0C2
:1004F8000005E1FB02E506F00042E0FB03E54FF0F2
:100508000006E1FB03569CF0000F18BF4EF0010EE9
:10051800A4F1FF04B6F5007F64F5407404D25FEAE5
:100528004E0E6D4146EB060642EAC62141EA555198
:100538004FEAC52040EA5E504FEACE2EB4F1FD0CDA
:1005480088BFBCF5E06F1ED8BEF1004F08BF5FEA58
:10055800500E50F1000041EB045170BD06F000460A
:1005680046EA010140EA020081EA0301B4EB5C04B7
:10057800C2BFD4EB0C0541EA045170BD41F48011AF
:100588004FF0000E013C00F3AB8014F1360FDEBFD4
:10059800002001F0004170BDC4F10004203C35DAB0
:1005A8000C341BDC04F11404C4F1200500FA05F333
:1005B80020FA04F001FA05F240EA020001F00042D4
:1005C80021F0004110EBD37021FA04F642EB06014A
:1005D8005EEA430E08BF20EAD37070BDC4F10C0474
:1005E800C4F1200500FA04F320FA05F001FA04F238
:1005F80040EA020001F0004110EBD37041F1000124
:100608005EEA430E08BF20EAD37070BDC4F120052E
:1006180000FA05F24EEA020E20FA04F301FA05F296
:1006280043EA020321FA04F001F0004121FA04F23E
:1006380020EA020000EBD3705EEA430E08BF20EA0E
:10064800D37070BD94F0000F0FD101F00046400048
:1006580041EB010111F4801F08BF013CF7D041EACA
:10066800060195F0000F18BF704703F000465200CE
:1006780043EB030313F4801F08BF013DF7D043EA9F
:100688000603704794EA0C0F0CEA135518BF95EA55
:100698000C0F0CD050EA410618BF52EA4306D1D1DC
:1006A80081EA030101F000414FF0000070BD50EAFB
:1006B800410606BF1046194652EA430619D094EA85
:1006C8000C0F02D150EA013613D195EA0C0F05D16F
:1006D80052EA03361CBF104619460AD181EA0301C3
:1006E80001F0004141F0FE4141F470014FF000007B
:1006F80070BD41F0FE4141F4780170BD70B54FF016
:10070800FF0C4CF4E06C1CEA11541DBF1CEA135595
:1007180094EA0C0F95EA0C0F00F0A7F8A4EB050477
:1007280081EA030E52EA03354FEA013100F088806E
:100738004FEA03334FF0805545EA131343EA126337
:100748004FEA022245EA111545EA10654FEA0026EC
:100758000EF000419D4208BF964244F1FD0404F5A5
:10076800407402D25B084FEA3202B61A65EB030501
:100778005B084FEA32024FF480104FF4002CB6EBBE
:10078800020E75EB030E22BFB61A754640EA0C003E
:100798005B084FEA3202B6EB020E75EB030E22BF7E
:1007A800B61A754640EA5C005B084FEA3202B6EBBF
:1007B800020E75EB030E22BFB61A754640EA9C007E
:1007C8005B084FEA3202B6EB020E75EB030E22BF4E
:1007D800B61A754640EADC0055EA060E18D04FEA0C
:1007E800051545EA16754FEA06164FEAC30343EAAC
:1007F80052734FEAC2025FEA1C1CC0D111F4801F79
:100808000BD141EA00014FF000004FF0004CB6E771
:1008180011F4801F04BF01430020B4F1FD0C88BF10
:10082800BCF5E06F3FF6AFAEB5EB030C04BFB6EB1B
:10083800020C5FEA500C50F1000041EB045170BD0E
:100848000EF0004E4EEA113114EB5C04C2BFD4EB3B
:100858000C0541EA045170BD41F480114FF0000EBF
:10086800013C90E645EA060E8DE60CEA135594EA3B
:100878000C0F08BF95EA0C0F3FF43BAF94EA0C0F3E
:100888000AD150EA01347FF434AF95EA0C0F7FF4B3
:1008980025AF104619462CE795EA0C0F06D152EA07
:1008A80003353FF4FDAE1046194622E750EA4106EB
:1008B80018BF52EA43067FF4C5AE50EA41047FF4FC
:1008C8000DAF52EA43057FF4EBAE12E74FEA41025F
:1008D800B2F1E04324BFB3F5001CDCF1FE5C0DD996
:1008E80001F0004C4FEAC0024CEA5070B2F1004FE0
:1008F80040EB830008BF20F00100704711F0804FE3
:1009080021D113F13872BCBF01F00040704741F4A7
:1009180080114FEA5252C2F11802C2F1200C10FAAB
:100928000CF320FA02F018BF40F001004FEAC1238F
:100938004FEAD32303FA0CFC40EA0C0023FA02F333
:100948004FEA4303CCE77FEA625307D150EA013309
:100958001EBF4FF0FE4040F44000704701F00040D9
:1009680040F0FE4040F40000704700BF80F00040B7
:1009780002E000BF81F0004142001FBF5FEA41036F
:1009880092EA030F7FEA226C7FEA236C6AD04FEA6F
:100998001262D2EB1363C1BFD218414048404140B4
:1009A800B8BF5B42192B88BF704710F0004F40F466
:1009B800000020F07F4018BF404211F0004F41F482
:1009C800000121F07F4118BF494292EA030F3FD04E
:1009D800A2F1010241FA03FC10EB0C00C3F1200361
:1009E80001FA03F100F0004302D5494260EB4000F0
:1009F800B0F5000F13D3B0F1807F06D340084FEA5B
:100A0800310102F10102FE2A51D2B1F1004F40EB4F
:100A1800C25008BF20F0010040EA030070474900B7
:100A280040EB0000013A28BFB0F5000FEDD2B0FA54
:100A380080FCACF1080CB2EB0C0200FA0CF0AABF77
:100A480000EBC25052421843BCBFD0401843704715
:100A580092F0000F81F4000106BF80F4000001321B
:100A6800013BB5E74FEA41037FEA226C18BF7FEAF2
:100A7800236C21D092EA030F04D092F0000F08BF34
:100A88000846704790EA010F1CBF0020704712F01B
:100A98007F4F04D1400028BF40F00040704712F15A
:100AA80000723CBF00F50000704700F0004343F0BF
:100AB800FE4040F4000070477FEA226216BF0846F5
:100AC8007FEA23630146420206BF5FEA412390EAB8
:100AD800010F40F4800070474FF0000304E000BFAE
:100AE80010F0004348BF40425FEA000C08BF70475F
:100AF80043F0964301464FF000001CE050EA010223
:100B080008BF70474FF000030AE000BF50EA010237
:100B180008BF704711F0004302D5404261EB410124
:100B28005FEA010C02BF84460146002043F0B64349
:100B380008BFA3F18053A3F50003BCFA8CF2083A6E
:100B4800A3EBC25310DB01FA02FC634400FA02FC77
:100B5800C2F12002BCF1004F20FA02F243EB02007E
:100B680008BF20F00100704702F1200201FA02FCE0
:100B7800C2F1200250EA4C0021FA02F243EB0200D3
:100B880008BF20EADC7070474FF0FF0C1CEAD05217
:100B98001EBF1CEAD15392EA0C0F93EA0C0F6FD0D8
:100BA8001A4480EA010C400218BF5FEA41211ED0B6
:100BB8004FF0006343EA501043EA5111A0FB0131A2
:100BC8000CF00040B1F5000F3EBF490041EAD37177
:100BD8005B0040EA010062F17F02FD2A1DD8B3F1F3
:100BE800004F40EBC25008BF20F00100704790F062
:100BF800000F0CF0004C08BF49024CEA502040EAB4
:100C080051207F3AC2BFD2F1FF0340EAC250704779
:100C180040F400004FF00003013A5DDC12F1190FB7
:100C2800DCBF00F000407047C2F10002410021FA29
:100C380002F1C2F1200200FA02FC5FEA310040F141
:100C4800000053EA4C0308BF20EADC70704792F0BA
:100C5800000F00F0004C02BF400010F4000F013AF2
:100C6800F9D040EA0C0093F0000F01F0004C02BFED
:100C7800490011F4000F013BF9D041EA0C018FE75C
:100C88000CEAD15392EA0C0F18BF93EA0C0F0AD062
:100C980030F0004C18BF31F0004CD8D180EA010088
:100CA80000F00040704790F0000F17BF90F0004F21
:100CB800084691F0000F91F0004F14D092EA0C0F03
:100CC80001D142020FD193EA0C0F03D14B0218BF96
:100CD800084608D180EA010000F0004040F0FE40DC
:100CE80040F40000704740F0FE4040F44000704778
:100CF8004FF0FF0C1CEAD0521EBF1CEAD15392EAF7
:100D08000C0F93EA0C0F69D0A2EB030280EA010CE6
:100D180049024FEA402037D04FF0805343EA11117F
:100D280043EA10130CF000408B4238BF5B0042F1DD
:100D38007D024FF4000C8B4224BF5B1A40EA0C0082
:100D4800B3EB510F24BFA3EB510340EA5C00B3EBB4
:100D5800910F24BFA3EB910340EA9C00B3EBD10FA2
:100D680024BFA3EBD10340EADC001B0118BF5FEAF4
:100D78001C1CE0D1FD2A3FF650AF8B4240EBC2501D
:100D880008BF20F0010070470CF0004C4CEA5020DE
:100D98007F32C2BFD2F1FF0340EAC250704740F42D
:100DA80000004FF00003013A37E792F0000F00F01F
:100DB800004C02BF400010F4000F013AF9D040EA9D
:100DC8000C0093F0000F01F0004C02BF490011F431
:100DD800000F013BF9D041EA0C0195E70CEAD15329
:100DE80092EA0C0F08D142027FF47DAF93EA0C0F10
:100DF8007FF470AF084676E793EA0C0F04D14B02F4
:100E08003FF44CAF08466EE730F0004C18BF31F0A5
:100E1800004CCAD130F000427FF45CAF31F000439F
:100E28007FF43CAF5FE700BF4FF0FF3C06E000BF38
:100E38004FF0010C02E000BF4FF0010C4DF804CD5B
:100E48004FEA40024FEA41037FEA226C18BF7FEA6B
:100E5800236C11D001B052EA530C18BF90EA010F6D
:100E680058BFB2EB030088BFC81738BF6FEAE170FC
:100E780018BF40F0010070477FEA226C02D15FEA98
:100E8800402C05D17FEA236CE4D15FEA412CE1D004
:100E98005DF8040B704700BF844608466146FFE7CB
:100EA8000FB5FFF7C9FF002848BF10F1000F0FBDAD
:100EB8004DF808EDFFF7F4FF0CBF012000205DF8A6
:100EC80008FB00BF4DF808EDFFF7EAFF34BF01202B
:100ED80000205DF808FB00BF4DF808EDFFF7E0FFC4
:100EE80094BF012000205DF808FB00BF4DF808ED15
:100EF800FFF7D2FF94BF012000205DF808FB00BF78
:100F08004DF808EDFFF7C8FF34BF012000205DF859
:100F180008FB00BF53B94AB9002908BF00281CBF05
:100F28004FF0FF314FF0FF3000F00CB8ADF1080C76
:100F38006DE904CE00F01BF8DDF804E0DDE90223DA
:100F480004B07047704700BF430803F05533C01A18
:100F580000F03333800800F03330184400EB1010F1
:100F68004FF0013300F00F305843000E70472DE961
:100F7800F04786468C460846089E1546744619462C
:100F8800002B40F0C2808542B2FA82F245D94AB1BC
:100F9800C2F1200300FA02FC2EFA03F3954043EA5B
:100FA8000C0C94404FEA154EA8B2BCFBFEF8230C7B
:100FB8000EFB18CC08FB00F943EA0C43994528D9E5
:100FC800EB1808F1FF3704D2994502D9A8F10207B6
:100FD8002B44A3EB0903A4B2B3FBFEFC0EFB1C33AA
:100FE8000CFB00F044EA0344A04214D92C190CF17C
:100FF800FF3304D2A04202D9ACF102032C44241AD4
:1010080043EA07401EB1D440002334607360BDE852
:10101800F0874746DDE76346F1E792BB431B0121B2
:101028004FEA154EAFB2B3FBFEFC200C0EFB1C338F
:101038000CFB07F840EA0343984562D9EB180CF11A
:10104800FF3004D2984502D9ACF102002B44A3EB3F
:101058000803A4B2B3FBFEFC0EFB1C330CFB07F722
:1010680044EA0344A7424ED92C190CF1FF3304D2A9
:10107800A74202D9ACF102032C44E41B43EA004026
:10108800C0E7C2F1200320FA03F1954090402EFA00
:1010980003F303434FEA154EAFB2B1FBFEFC0EFB60
:1010A8001C10190C0CFB07F841EA0041884504FAAA
:1010B80002F422D969180CF1FF3004D2884502D90C
:1010C800ACF102002944A1EB08019BB2B1FBFEFC84
:1010D8000EFB1C110CFB07F743EA01439F420ED994
:1010E800EB180CF1FF3104D29F4202D9ACF1020196
:1010F8002B44DB1B41EA004192E76046E3E7614687
:10110800F7E76046A3E76346B7E7834206D916B90F
:10111800002108467BE7C6E900E0F9E7B3FA83F760
:101128008FB9834201D3724508D8BEEB020460EB45
:10113800030301209C461EB9002168E73846FAE7F8
:10114800C6E9004CF8E7C7F1200CBB4022FA0CF4C2
:101158001C432EFA0CF120FA0CF3B84001434FEA75
:1011680014490EFA07F5B3FBF9F81FFA84FE09FBD8
:1011780018300B0C08FB0EFA43EA00439A4502FAB2
:1011880007F240D9E31808F1FF3004D29A4502D992
:10119800A8F102002344A3EB0A0389B2B3FBF9F8D0
:1011A80009FB183308FB0EFE41EA03418E452CD992
:1011B800611808F1FF3304D28E4502D9A8F1020361
:1011C800214443EA0040A0FB0298A1EB0E014145EF
:1011D800CE46434602D306D14D4504D2B9EB020EA2
:1011E80068EB04030138002EA6D0B5EB0E0261EBC4
:1011F800030101FA0CFC22FA07F34CEA0303F94055
:10120800C6E9003198E74046C5E74346D9E70000FC
:1012180008B5114B1868836810495B689847011E28
:1012280004DABDE808400E4805F00DBA0D4BB3F9D5
:1012380000001E38FFF7CEF805A3D3E90023FFF717
:101248005DFAFFF743FB084B186008BDAFF3008059
:1012580033333333335344403004002088030020B1
:101268005E8B0008E8050020200400200A4B0122BC
:101278001A700A4A13680133042BA8BF0123012BF3
:10128800136006D0022B0CBF01230223044A1370FB
:1012980070470023FAE700BF82060020A80000205C
:1012A800010600201FB50B46094901910221029150
:1012B8008DF80C109DF80C20816842F002028DF820
:1012C8000C208C68012201A9A04704B010BD00BF02
:1012D800FE05002010B586B00B4600218DF80810D9
:1012E8000A4900920122CDE90312019207228DF8E2
:1012F80014209DF81420816842F002028DF8142011
:101308008C6802226946A04706B010BD000600207E
:1013180008B508484FF4B01105F00BF906484FF42A
:10132800B01105F006F9BDE8084004484FF4B011C3
:1013380005F0FFB8408300083883000830830008B0
:101348002DE9F0471F4D20492B68204EDFF880809B
:1013580020480B600024AB883480C8F800008B80DC
:101368008368DFF874901B6898471C4B18601C4B07
:101378004FF0140A52462146184606F002FA194957
:10138800D5F806300B600122C0E901266B89A9F85F
:10139800004002270C26C76006748B80D8F800002E
:1013A80083681B689847104B1860104B52462146BB
:1013B800184606F0E6F92022C0E90129C76006743C
:1013C800BDE8F087FC7F0008E2050020EA05002060
:1013D80030040020D07C0008E805002084030020A9
:1013E8009C030020DC0500208003002088030020E7
:1013F80070B50F4D0F4C2868012380262921637092
:101408002670FFF74FFF032005F099F8286826702B
:10141800032329216370FFF745FF81232370D52318
:10142800637028682921BDE87040FFF73BBF00BF03
:1014380038040020FE05002038B50A4C0A4D2A233E
:10144800286823701D2101236370FFF72BFF0E23EB
:1014580023700023637028681D21BDE83840FFF71A
:1014680021BF00BFFE050020380400202DE9F04F01
:10147800A74B1B7885B0002B7CD1A64BA64A1B88AE
:1014880012889A4206D2A54A12889A4202D20120AC
:1014980000F050FCA04B9F4A1B8812889A4206D243
:1014A8009E4A12889A4202D2022000F043FC9B4BCB
:1014B800984A1B8812889A4206D2974A12889A42FA
:1014C80002D2032000F036FC954B1868FEF794FF13
:1014D80002460B46934805F0B6F8934B1868FEF79A
:1014E8008BFF02460B46914805F0ADF80022002319
:1014F8008F49904803F068F88D498F4805F0A3F8A4
:10150800864B844A1B8800938C49834B12881B881E
:1015180009888B4805F097F88A4B1868FEF76CFF26
:10152800894B044618680D46FEF766FFCDE90201AF
:10153800864B1868FEF760FF2246CDE900012B466E
:10154800834805F080F8834B1868FEF755FF824BF7
:10155800044618680D46FEF74FFF2246CDE9000104
:101568002B467E4805F06FF87D4B00221A7005B0B7
:10157800BDE8F08F6A4A013B012B1768A4D86A4B73
:10158800DFF8E0B11E68734B1D68734B1C686D4B28
:10159800D3F800A06D4BD3F800906B4BD3F80080C4
:1015A8006F4B1A78704B002A46D0DF601F606F4B74
:1015B800CBF80C60C3F800A0C3F80C90C3F804A0E3
:1015C800C3F80890C3F81080C3F81480684BCBF8B0
:1015D8000060DD601D60674BDC601C60DFF888819F
:1015E8003946D8F804005F4FFFF7C6F93146C8F806
:1015F800040078685E4EFFF7BFF929467860706886
:101608005C4DFFF7B9F9214670606868FFF7B4F9D7
:10161800404B68601A88404B1988404B8A421B88A7
:1016280000F2CB80C0F0D0809A42BFF44DAF524A4E
:1016380093680133936047E7D8683946FFF742FC5F
:10164800494B00283DD0DF60DBF80C103046FFF72F
:1016580057FC00283ED0CBF80C60DFF814B12846C0
:10166800DBF80C10FFF74CFC00283DD0CBF80C50F1
:10167800DFF800B12046DBF80C10FFF741FC00282A
:101688003CD0CBF80C40DFF8E4B05146DBF8000062
:10169800FFF718FC002871D0CBF800A0DBF8080091
:1016A8004946FFF70FFC002872D0CBF80890DBF80A
:1016B80010004146FFF706FC002873D0CBF81080D5
:1016C8008CE718683946FFF71BFC0028BCD0264B6E
:1016D8001F60B9E7DBF800103046FFF7F3FB00287E
:1016E800BBD0CBF80060B8E7DBF800102846FFF75E
:1016F800E9FB0028BCD0CBF80050B9E7DBF80010B4
:101708002046FFF7DFFB0028BDD0CBF80040BAE742
:1017180001060020F0050020EC050020EE05002061
:101728001C04002034870008200400204B87000890
:1017380002060020340100205A870008F205002024
:10174800638700082C0400202404002028040020BB
:10175800978700081804002014040020E087000878
:1017680000010020E4030020D4030020BC03002073
:1017780004040020F4030020B0030020DBF8040078
:101788005146FFF7BDFB002888D0CBF804A085E7B9
:10179800DBF80C004946FFF7B3FB002887D0CBF8ED
:1017A8000C9084E7DBF814004146FFF7A9FB0028FA
:1017B8003FF414AFCBF8148010E79A420BD9084ACB
:1017C8001368013313607FE6994204D9044A5368C9
:1017D8000133536078E69A42BFF476AE994224E723
:1017E800B003002010B5FFF713FD00F0F3FA00F086
:1017F80043FB00F0BDFB00F07FFC064C237823B9C7
:10180800FFF734FE0123237010BD012004F097FE7A
:10181800F4E700BF0101002037B5324805F049FE62
:10182800002845D1304804F00EFF304C206805F000
:1018380040FE10B92E4804F006FF2E4B186805F03C
:1018480038FE10B92C4804F0FEFE2C4B186805F041
:1018580030FE10B92A4804F0F6FE2A4B1968002910
:1018680002DA294804F0EFFE284B1968002902DA49
:10187800274804F0E8FE274D20682921A922FFF710
:1018880029FD297811B1244804F0DDFE0D232068D4
:101898008DF807300DF107021D21FFF71BFD2B788E
:1018A8001A2B10D01D4803B0BDE8304004F0CBBE61
:1018B8000C4805F0FEFD0028B4D0194805F0F9FDE4
:1018C8000028AFD0B1E7E72320688DF807300DF185
:1018D80007024021FFF7FEFC08B11248E3E703B016
:1018E80030BD00BF507C00081B8800083804002069
:1018F80030880008340400203F88000830040020A5
:101908004F880008800300205E88000884030020B8
:101918008688000800060020A3880008BE88000802
:10192800707C0008DF8800082DE9FF4704466348FB
:10193800634F644E644D04F086FE2046FFF7D0F8EE
:10194800804601467868614CFFF7D2F941468246E5
:10195800B8607068FFF7CCF94146B0606868FFF777
:10196800C7F94146A8606068FFF7C2F9A060386807
:10197800FEF742FD8046F8688946FEF73DFDCDE951
:1019880002015046FEF738FD42464B46CDE90001BC
:101998004F4804F058FE3068FEF72EFD8046F06888
:1019A8008946FEF729FDCDE90201B068FEF724FD5E
:1019B80042464B46CDE90001464804F044FE2868FB
:1019C800FEF71AFD8046E8688946FEF715FDCDE961
:1019D8000201A868FEF710FD42464B46CDE900011A
:1019E8003D4804F030FE2068FEF706FD8046E068BA
:1019F8008946FEF701FDCDE90201A068FEF7FCFC6F
:101A08004246CDE900014B46344804F01CFE002351
:101A18006360334C7B6073606B60D4E9003293423F
:101A280005DDA268934202DD2E4804F00CFED4E9DD
:101A38000023934205DDA268934202DD2A4804F0A0
:101A480002FED4E90123934205DD2268934202DDB8
:101A5800264804F0F8FD0023C4E90033A360244CB1
:101A68006068FEF7C9FC064660690F46FEF7C4FCCD
:101A7800CDE90201E068FEF7BFFC32463B46CDE9FE
:101A880000011C4804F0DFFD2068FEF7B5FC06469F
:101A980020690F46FEF7B0FCCDE90201A068FEF709
:101AA800ABFC3246CDE900013B46134804F0CBFDC0
:101AB800124B01221A7004B0BDE8F087F6880008BE
:101AC80004040020F4030020E4030020D4030020D1
:101AD8000889000864890008B4890008FB8900089F
:101AE800B00300203E8A0008568A0008708A000861
:101AF800BC030020898A0008D98A00080001002058
:101B080070B511484FF4803104F013FD0F48846814
:101B1800A56965B103691B6813F0010F14BF4FF085
:101B280000734FF080634FF0A0720021A847084966
:101B3800084B4B60E36901228A601BB1BDE8704025
:101B48000248184770BD00BF48830008707C000831
:101B58003C040020751200082DE9F047FFF7D8FB78
:101B6800674B684A1A60684B684A1A60FFF7E8FBD7
:101B7800FFF73EFCFFF760FCFFF7C2FF6448654FC4
:101B88004FF4B01104F0D5FC63484FF4B01104F0E1
:101B9800D0FC62484FF4B01104F0CBFC604D2C78B7
:101BA800002C5FD02C78012C1ED1002000F0C2F848
:101BB8005C4804F048FD5C4B55481C70002104F05B
:101BC800A4FC5648002104F0A0FC2146524804F029
:101BD8009CFC04F092FC4FF0000804460E4643F6C5
:101BE80098292B78012B60D02B78022BD6D1002096
:101BF80000F0A0F84D4804F026FD4548002104F007
:101C080084FC4648012104F080FC4348002104F08C
:101C18007CFC04F072FC4FF0000804460E462B785A
:101C2800022BBBD1FFF7DEFD04F067FC4EF6602304
:101C3800001B61EB0601984271F1000108F10108EF
:101C480008DB4046FFF770FE04F057FC4FF0000831
:101C580004460E4642F210793B78002B49D0002307
:101C68003B70DCE7324804F0EEFCFFF7D5FD28486E
:101C7800012104F04AFC2948214604F046FC264884
:101C8800214604F042FC2B78002B8BD1FFF7AAFDEC
:101C98004FF4FA643B7813B100233B70F3E701205B
:101CA80004F04DFC013CF5D1EDE7FFF79BFD04F096
:101CB80024FC001B61EB0601484571F1000108F1A5
:101CC800010808DB4046FFF72FFE04F016FC4FF032
:101CD800000804460E4641F2883A3B7813B10023C7
:101CE8003B707EE7012004F02AFCBAF1010AF4D126
:101CF80077E7012004F023FCB9F10109ACD18EE7A4
:101D080038040020F07C000834040020B07C00086F
:101D18002883000882060020208300081883000812
:101D280001060020368B000800010020448B0008C3
:101D38002A8B000810B500210446144804F004FC5E
:101D48001348002104F000FC1248002104F0FCFBB9
:101D5800032C19D8DFE804F0021012150B480021F3
:101D680004F0F2FB0021094804F0EEFB00210748CB
:101D7800BDE8104004F0E8BB0121F8E70448012160
:101D8800F6E704480121F3E710BD00BF40830008CF
:101D9800388300083083000810B586B0012201920C
:101DA80000228DF808200A4A009103920721022296
:101DB80004928DF814109DF81430816813438DF83F
:101DC80014308C6829236946A04706B010BD00BFAF
:101DD8008306002038B50F4D0F4C10492868FFF7CF
:101DE800DBFF0F4B22880F4928681A80FFF7D4FFC2
:101DF8000D4B22880D4928681A80FFF7CDFF0C4B40
:101E080022880C4928681A80FFF7C6FF0A4B2288E7
:101E18001A8038BD38040020830600200501002000
:101E2800F205002004010020F00500200301002035
:101E3800EC05002002010020EE05002010B586B058
:101E48000122019200228DF808200A4A009103928B
:101E58000721022204928DF814109DF8143081682D
:101E680013438DF814308C681D236946A04706B0CB
:101E780010BD00BF85060020F8B5224E224C23492C
:101E88003068234D234FFFF7D9FF23882249306854
:101E9800DBBA9B102B80FFF7D1FF23881F493068DE
:101EA800DBBA9B103B80FFF7C9FF24881C4BB5F9B0
:101EB8000000E4BAA4101C80FEF712FE1949FEF7D0
:101EC80063FE4FF06651FEF75FFE174B1860B7F9D7
:101ED8000000FEF705FE1349FEF756FE4FF0665167
:101EE800FEF752FE114B18602046FEF7F9FD0D492A
:101EF800FEF74AFE4FF06651FEF746FE0C4B18609F
:101F0800F8BD00BF38040020850600200801002025
:101F1800F8050020F6050020070100200601002032
:101F2800F40500200AE81C412C04002028040020A5
:101F38002404002010B586B00122019200228DF8F9
:101F480008200A4A009103920721022204928DF880
:101F580014109DF81430816813438DF814308C6880
:101F680040236946A04706B010BD00BF8706002081
:101F780070B5244E244D25493068254CFFF7DAFF0B
:101F88002B88244930685BBA2380FFF7D3FF288861
:101F9800214B40BA188080B2FEF79EFD1F49FEF71C
:101FA800F3FD4FF05E51FEF7EFFD1D49FEF7E2FC31
:101FB8001C4B054618602088FEF78EFD1A49FEF76F
:101FC800E3FD4FF05E51FEF7DFFD1849FEF7D2FC46
:101FD800174B1849186004462846FEF7D5FD04F04B
:101FE8004DFA1449FEF784FE134B12491860204637
:101FF800FEF7CAFD04F042FA0E49FEF779FE0F4BD0
:10200800186070BD38040020870600200A010020EF
:10201800FC05002009010020FA05002052B82F43D2
:1020280066663B42480400200000FA420000C040B7
:102038004C0400200000C8421804002014040020AA
:102048002DE9F04F254FA1B0DFF8949099F8008062
:10205800B8F1000FF8D0DFF88CA0234E4FF0000B3A
:1020680031E07E2C2FD8621C3260204A13552AE0BA
:1020780039469847054660BB3B780D2B23D00A2B81
:102088003468EED1DFF864B019490BF804508022A7
:10209800684605F068FB7F2C28BF7F2422465946F6
:1020A800684605F060FB04F180030DEB030404F8B7
:1020B800805C104800220023694605F028FAC346D0
:1020C80089F800503560DAF8000083681B68002B37
:1020D800CED1BBF1000FB9D0B6E700BF890600200A
:1020E8000101002034040020500400208A0600204A
:1020F800088000083401002008B50B4B1868836875
:102108000A495B6898470A4BB3F90000FEF7E8FCF8
:102118000849FEF72FFC0849FEF736FD0749FEF788
:10212800E7FD074B186008BD300400209C03002021
:10213800EA0500200000C8430000C84200602945A5
:102148001C040020014B1B68184700BFAC0000208E
:10215800014B1860704700BFAC00002030B585B057
:1021680004460D4610220021684605F00AFB0223AA
:102178008DF802302A46044B01932146684603F045
:102188001DF905B030BD00BF4D21000880B50546DA
:102198000E461746984602F041FD034605F0B6FC88
:1021A800DFF81890044649F8003042463046394670
:1021B800A84754F8090000F00BFB00BF0800000016
:1021C800034A536823F0020353600020704700BF9E
:1021D800002004E0EFF31180102383F31288BFF38B
:1021E8006F8F094B1A683AB9084A116841F480712F
:1021F80011601168C905FCD51A6801321A6080F3AC
:102208001188BFF36F8F70475804002000040058EE
:10221800EFF31180102383F31288BFF36F8F114BF4
:102228001A689AB9BFF35B8F0F4B012253E8001F5E
:10223800002904D143E8002CBCF1000FF6D1BFF30C
:102248005B8F80F31188BFF36F8F7047012A01BF3E
:1022580006490A6822F480720A601A68013A1A600C
:10226800EFE700BF58040020540400200004005881
:10227800084B1A6842F400721A601A6842F48062C5
:102288001A601A6842F480721A60034B034A1A6093
:10229800704700BF00400058F000002000093D00D2
:1022A800014B0360002070475083000808B50348BD
:1022B800034A0021121A04F0D4F908BD6001002075
:1022C800100700200748084A084908B5121A04F000
:1022D800CAF90748074A0849BDE80840121A04F035
:1022E800C2B900BF000000205C01002078900008FF
:1022F80000000020000000207890000838B505464E
:102308000C4699B1D1E901230F48096804F09BF9FB
:10231800D4E90423E1680D4804F095F9E1690C4813
:1023280004F091F9A1690B4804F08DF9012D05D14C
:10233800EFF305810848103904F085F9214628464D
:10234800BDE8384001F0AABF7D8B0008AD8B0008BE
:10235800DD8B0008ED8B00081C8C000830BFFFF7F0
:10236800FDBF00BF2DE9F0410B4EDFF8308006EBD2
:102378000807CC1B054632460949204605F0F3F903
:10238800A01942460021083C05F0FBF92C6707F12B
:102398000800BDE8F08100BF000000000400000054
:1023A800F07F0008054B5A699B689A421FBF044A90
:1023B800536843F080535360704700BFB005002056
:1023C80000ED00E02DE9F8432B4D80462B481746D9
:1023D800894604F038F9AB6ADA0622D5284804F0B1
:1023E80032F91124AB6A1B0703D5264804F02BF9F0
:1023F8001224214DAB6A9E0715D5234804F023F912
:102408006E6BAB6A1C0634D52048314604F01BF9C4
:10241800B9F1000F03D0AB6A23F08003AB62132439
:1024280003E01024DEE76FF01506134DAB6AD807FA
:1024380003D5174804F007F91424AB6AD90602D467
:10244800AB6A9A070BD50C4B5B681B0507D5414651
:10245800304600F065FA10B180F309880224064A74
:10246800936A43F0FF03936200233B702046BDE864
:10247800F8836FF01506D2E700ED00E0308C000815
:10248800478C00087B8C00088F8C0008A88C0008FB
:10249800BF8C000810B51D4C1D4804F0D4F8A36A81
:1024A800990130D51B4804F0CEF81E20A36ADA0142
:1024B80003D5194804F0C7F81F20144CA36A1B035E
:1024C80003D5164804F0BFF82120A36A590303D5A1
:1024D800134804F0B8F822200C4CA36A9A0303D5D9
:1024E800104804F0B0F82320A36ADB0303D50E4894
:1024F80004F0A9F82420054A936A6FEA03436FEAB7
:102508001343936210BD1D20D0E700BF00ED00E02B
:10251800DF8C0008F88C00080C8D0008278D000857
:10252800468D00086C8D0008878D000870B5204C1A
:10253800064620480D4604F086F8A36AD90435D526
:102548001D4804F080F81720A36A1A0503D51B4814
:1025580004F079F81820164CA36A9B050FD5184883
:1025680004F071F8A16BA36A180407D5154804F0A4
:102578006AF81EB1A36A23F40043A36219200C4C25
:10258800A36A5A0503D5104804F05DF81A20A36A17
:10259800DB0503D50D4804F056F81B20044A936A5E
:1025A80043F47F43936200232B7070BD1620CBE762
:1025B80000ED00E0B38D0008CA8D00087B8C000890
:1025C800DC8D0008F68D00080C8E0008288E0008A7
:1025D8002DE9F0415B4B5F688AB00446C7F30806F3
:1025E800002585F31188BFF36F8F02F07F43B3F1A5
:1025F8007F4F06D102F00C03082B13D1524804F088
:1026080022F800252C464FF00008F31E8DF80780AD
:10261800092B00F28680DFE803F00A7A7E7684844C
:102628008484848210074CBF0C460125EBE7474899
:10263800444E04F008F88DF80780F36A9A0704D529
:10264800434804F000F8002330E0F36A002B01DA75
:102658004048F6E7F36A5B00F5D53F4803F0F3FF1F
:102668007369A26943F480737361BFF34F8FBFF33B
:102678006F8F736932F8022C23F480737361BFF390
:102688004F8FBFF36F8F4DF602739A4209D0B36A2A
:10269800DBB253B30DF1070201212046FFF792FE8A
:1026A80033E021682D4803F0CEFF23689DF807200A
:1026B800C2B902AE04F1200720686168324603C23D
:1026C8000834BC421646F7D1099AB5B3C2F30801DB
:1026D80021B96FEA52226FEA4222099202A91846EA
:1026E800FFF70CFE0AB0BDE8F081B36A13F47F4F20
:1026F80005D00DF107010120FFF718FF05E0B36AC7
:10270800B3F5803F9FD3FFF7C5FE0346CEE70DF133
:1027180007020021C1E70DF107010020ECE710488E
:102728008FE7104B1049114817F4F87FA6F11002F3
:1027380018BF194603F087FF85E722F4FF7222F0DD
:102748000102CAE700ED00E06F8E00089B8E0008CA
:10275800B38E0008D58E0008E48E0008048F0008A8
:10276800218F0008568E0008418E0008468F000809
:10277800044B5A6942F010025A615A6922F0080261
:102788005A61704700ED00E0EFF30880EFF309812C
:1027980001B57246FFF71CFF01BD00BF0A4880F370
:1027A8000888102080F3118808484FF40461401805
:1027B80080F30988EFF314800221084380F314881A
:1027C800BFF36F8F03F060FF001B0020800900201B
:1027D800084B9B6883420BD1EFF3058343B1064B4B
:1027E8005A6842F080525A605A6A22F400425A6289
:1027F80002F01ABAB005002000ED00E014498A681A
:102808004FF030001044EFF3098C80E8F01F1020DF
:1028180080F31288BFF36F8F0E4F4FF000664A693E
:102828008A603E60106F0C4C2060506F0023536725
:1028380080F3118804B5104600F0D6F8BDE80440CE
:1028480002F1300090E8F01F8CF30988704700000F
:10285800B005002004ED00E05C0400201EF0040F29
:102868000CBFEFF30880EFF30980816911F8021CAF
:102878000229FFD001B5724603F0F7FE01BD00BF83
:1028880040B2002807DB044A4109012300F01F0079
:10289800834042F82130704700E100E040B2002850
:1028A800A8BF00F1604001F10101B8BF064B4FEA33
:1028B8000111ACBF00F5614000F00F00C9B2B4BF10
:1028C800195480F80013704714ED00E0044B054AD2
:1028D80023F07F039360BFF34F8FBFF36F8F704771
:1028E8000000000800ED00E042F8203C009B42F8A0
:1028F8001C3C0A49019B42F8183C029B42F8143CD4
:1029080021F001014FF0807342F8043C42F8081CA2
:102918000023203A02654367704700BF95210008ED
:10292800094A0346906870B113F1160F006E05D07E
:10293800A0F140029A4205D8834203D2814228BFBF
:102948000020704700207047B005002008B51546E4
:102958000B4A0C4B9060026F1A600E4600F044F868
:102968002C4686F309880020034B9847204600210F
:1029780000220023014C2047AD660008952100087D
:10298800B00500205C040020014B10221A6170473A
:1029980000ED00E0044800231021C21801333E2B4B
:1029A80082F80013F9D1704700E100E008B5EFF3B1
:1029B8000583064A103B02EBC30152F8330049680D
:1029C8008847BDE80840FFF7EDBC00BF107D000850
:1029D800024B034A0348012100F076B800000120A9
:1029E8000000002050830008026E054B403A1A6030
:1029F800044A4021C3E901121846012100F06EB8CB
:102A08006004002000000B15084AC2F898000B6803
:102A180023F01F03034343F01003C2F89C308B6874
:102A280043F00103C2F8A030704700BF00ED00E09A
:102A38002DE9F043DFF8608085B00E461F46044656
:102A48004FF00009B14523DA6068D8B13FB1411EA3
:102A580008421BD11F2819D92368194216D12368A7
:102A6800019303F033FEA36803430393D8F890500F
:102A7800C5F30725D0B2013DA84207D801A9FFF741
:102A8800C3FF421C09F101090C34DBE76FF01502A2
:102A9800104605B0BDE8F08300ED00E0044B0522C8
:102AA800C3F89420BFF34F8FBFF36F8F704700BFF9
:102AB80000ED00E0BFF35F8F024B0022C3F89420C3
:102AC800704700BF00ED00E010B5034C01232278E9
:102AD800FFF7AEFF207010BD0A07002008B50B4AAB
:102AE80000231278FFF7A4FF10F1160F07D0084A49
:102AF8000021D2F89030C3F30723984200DB08BDC9
:102B0800C2F89800C2F8A0100130F2E70A070020C6
:102B180000ED00E02DE9F043534B544CD3F89030CE
:102B28002568C3F307239D4285B000F29A80FFF71A
:102B3800C1FF00200C2685421AD14D4C4D4F2570FF
:102B48006846FFF7ADFBDFF82081DFF82C910646D9
:102B58000025AE4213D1237843490020D1F89020B4
:102B6800C2F30722934276DBFFF798FF002042E08A
:102B7800616806FB0011FFF747FF0130DBE70098AB
:102B880000EB05114FEA051CCB683B40B3F5000F7D
:102B980048D00AD8B3F5001F30D0B3F5800F36D02F
:102BA800B3F5801F10D00135D3E7B3F1807F42D051
:102BB800B3F1007FF7D150F80C3088684A6803F009
:102BC80085FD40F4802009E050F80C3088684A6898
:102BD80003F07CFD40F0885040F43020CDE901231B
:102BE8000390D8F890302078C3F30723013B98422C
:102BF8002AD96FF0150005B0BDE8F08350F80C3005
:102C080088684A6803F062FD40EA0900E6E750F880
:102C18000C3088684A6803F059FD40F0C06040F401
:102C28000030DBE750F80C3088684A6803F04EFD46
:102C380040F08270D2E750F80C3088684A6803F098
:102C480045FD40F08870C9E701A9FFF7DDFE23784C
:102C580001332370A7E7C1F89830C1F8A000013309
:102C68007CE74FF0FF30C6E700ED00E05C8300082A
:102C78000A0700200000F0FF0000081108B5024B09
:102C88001B689847002008BD6C040020034B044AC9
:102C98001860937843F00203937070476C04002027
:102CA800B000002008B50649064821F00701C1F127
:102CB800005202F5803203F087FC002008BD00BFF7
:102CC800471F002070040020044B184400230133E0
:102CD800994200F8012BFADC704700BF0B01002075
:102CE8002DE9F041104F054600264FF001086B789A
:102CF800F4B2A34201D8BDE8F0812B781C442046E9
:102D080000F0C6F868B1204600F0D6F857F834301D
:102D18003BB107EBC40204F01F04516808FA04F041
:102D280098470136E3E700BF7C040020034670B1F2
:102D3800B0FA80F2C2F11F02D2B206498856064A9A
:102D4800D2F880100B43C2F88030FFF799BDFF22FC
:102D5800F3E700BF0B01002000080058034AD2F82F
:102D6800803023EA0003C2F880307047000800581A
:102D7800032921D8DFE801F0020C10190F4B1A685B
:102D880022EA00021A605A6822EA00025A60704772
:102D98000A4B1A680243F5E7084B5A6802435A601F
:102DA8001A6822EA00021A607047044B1A68024344
:102DB8001A605A6810435860704700BF00080058EE
:102DC80030B5B0B1B0FA80F3C3F11F03DBB20B48E2
:102DD80050F833408C4204D100EBC3056D6895422E
:102DE80005D044B940F8331000EBC300426000201E
:102DF80030BDFF23EBE76FF00F00F9E77C040020FC
:102E080060B1B0FA80F3C3F11F03DBB2044A0021BA
:102E180042F8331002EBC30251607047FF23F5E715
:102E28007C04002000F00302043292000F23934038
:102E380043EA900000F003030233064A52F82320C5
:102E4800030C02EA104093FAA3F3B3FA83F3D840D1
:102E5800704700BF0000014013B50C4C204604F039
:102E680028FB60B14FF480735422CDE90023A36896
:102E78001B683BB169462046984702B010BD6FF009
:102E88001200FAE76FF05700F7E700BFB07B0008C1
:102E98003F280DD800F01F0201239340054A1F2840
:102EA80094BFD268D26A93430CBF012000207047B8
:102EB800002070470008005800F01F0201233F2837
:102EC80003FA02F307D81F28044A02D8D360002067
:102ED8007047D362FBE76FF0150070470008005891
:102EE800F0B5456895F83C30DB0602D40B799F06AF
:102EF8001BD40B78092B18D14B78042B15D14A8891
:102F0800B2B143F6FF739A421BD0930B032B0CD13B
:102F1800264F05F12606002336F8024F3C43A4B29B
:102F2800A24206D00133082BF6D16FF0150007E056
:102F3800134695F93820012A05DC002AF5DB002024
:102F4800F0BD0723F5E7022AEFD10C7901692A6859
:102F580091F9A600461C04F01F0401D098420ED136
:102F680081F8A63051694FF48070A04021EA000131
:102F78005161516921F007010B435361DFE791F972
:102F8800A700451C01D09842CFD181F8A7305569D8
:102F980007484FF48071A140684001406940516181
:102FA800516921F0700141EA0313E6E700C0FFFF11
:102FB80004FFFF0338B52F4B1A68D10644BF10220F
:102FC8001A601A68520745D52B4C1A6CD4F89430FD
:102FD800991CC4F894101A8094F8A53094F8A42089
:102FE8000133DBB29A4284F8A530254632D100235A
:102FF80084F8A530636E9BB3E36FB4F888203BB1C7
:103008001E4804F164019847012811D0022822D0F3
:10301800B4F88830B4F884209A421CD90133A4F853
:103028008830A36F4BB9BDE83840134803F0E7BBBD
:10303800D4F89830C4F89430F3E7BFF35B8F55E8C1
:10304800003F5A1E45E800210029F8D1BFF35B8FE5
:10305800012BE8DC38BDA36F13B1094804F05FFB0E
:103068004FF6FF73A4F8A6300648BDE8384001F0D3
:103078000DBB00BF0024014000000020D07C0008E8
:10308800080000205000002073B5466835680446E3
:10309800284603F0F3FB606803F0A4FB96F83C3085
:1030A8009B0602D5606803F09DFB0748616883684A
:1030B800DB6808310BB101AA9847284602B0BDE881
:1030C800704003F0C2BB00BFB07B00082DE9F74F8A
:1030D800456806692F680446DFF81CA1504604F0CD
:1030E800E8F9002800F085804FF6FF73C6F8904095
:1030F800A6F8A630D4F80480DAF808B04146DBF820
:10310800003051F8089B63B350469847024640BBCD
:1031180098F83C30D9071BD498F83C309A0708D562
:10312800DBF8183008F11801DBB133480022984762
:10313800B8B9D8F8202022F00043B3F1804F43D12A
:10314800D9F8103023F040431343C9F8103008E091
:10315800DBF8183008F110011BB1504698470028D9
:10316800DAD0686A01AA002103F019FF00283BDBC6
:10317800019B00221979186800F086FC002833DBCF
:1031880095F93B3073B1BB6823F0104323F0170364
:1031980043F08053BB6095F93B30012B02D11420DA
:1031A80004F061F96B6803B198472046FFF76CFF9C
:1031B800FB6823F45C63FB60B36C1BB906F1400049
:1031C80001F064FA002011E0B2F1004FB8D00B49C9
:1031D800D1F8083723F470131343C1F80837D9F826
:1031E800103023F04043B0E7831CC9D003B0BDE8DA
:1031F800F08F6FF01200F9E7B07B00080020014063
:103208002DE9F04F036985B006460D4603F14008E5
:103218004FF0FF324FF0FF33404601F06BFA73680E
:103228003469D3F80090AB68C4F894306F68C4F878
:10323800A0703846FDF788FE002384F8A40084F8BF
:10324800A53047B96FF01504404601F01FFA204633
:1032580005B0BDE8F08F7268106892F93D103C32F5
:103268008B4201DB12D1EDE752F8047F95F810C0CC
:10327800BCEBD74F40F08D80FBB2FF2BC7F3042285
:10328800C7F3423BC7F3024A40F085803369706850
:10329800D3F8A0204FF0010C0023002A40F09580BD
:1032A80090F939204AB90268C3F31103936213688D
:1032B8009904FCD54FF40053136094F8A4302A689D
:1032C8005B0012B1928902FB0333EA689A42C0F0AC
:1032D800B880D6F804B095F811A0DBF80000BAF170
:1032E800000F7ED10369DA0705D503F0C7FA036931
:1032F80023F001030361AB7C13B13046FFF7C4FE32
:10330800484603F0A2FA1023C9F80030D9F804306F
:1033180043F00403C9F804302F460FCF04F16406C4
:103328000FC63B683360002626662B68002B00F02A
:1033380084800FCB04F1780585E80F006566A4F852
:103348008860002879D0BFF35B8F54E8003F44E8D9
:103358000062002AF9D1BFF35B8FA06F633046F19A
:10336800000164220023FDF7D5FD0022CDE900010C
:10337800002304F1080001F035FF4FF0FF324FF051
:10338800FF3304F1500001F0B5F900B12066246E56
:103398005AE7013364E7C3580392D3400BEA0303A7
:1033A8009A453FF473AF03F069FA7368039A196892
:1033B80007F0FC070BFA02FBCB590AFA02FA23EAD8
:1033C8000B0343EA0A03CB5160E792FAA2F1B1FA80
:1033D80081F10CFA01F747EA81610B4322EA0702FF
:1033E8005BE7BAF1080F3FF62DAF0369DB0705D499
:1033F80003F044FA036943F001030361124B53F8E5
:103408002A709BF93A30012B7FF475AF0F4B53F8B4
:103418002AA0036903F01C039A4505D1036903F444
:10342800F0739F423FF467AF03F028FA036947EA55
:103438000A0723F4FE733B435CE7204603F0DFF9F9
:103448009BE76FF00B04FFE610840008EC8300088C
:1034580038B5294B18680B88C3F30B030B2B0D46A3
:10346800144622D813B96FF085002FE0013B0A2BD0
:10347800F9D801A252F823F0C9340008EB34000847
:10348800AD340008E3340008E7340008C934000804
:10349800C9340008C93400086F340008D73400085C
:1034A800D73400084FF4FA400AE003F6B873C3F3C0
:1034B8000B031C2BD7D8114A22FA03F3DB07D2D50A
:1034C80020602B68B3F5805F0ED2002038BD00F075
:1034D800E1F8062358434008F2E70948F0E70020DE
:1034E800EEE74FF40040EBE7C3F313330133B0FBCF
:1034F800F3F02060E9E700BFF0000020110111118E
:103508000024F40070B5604D03F060FA284603F01B
:103518005CFA00F003FE4FF0B0435C4AD3F8083180
:1035280003F00F0352F823601368B0FBF6F6B5FBFF
:10353800F3F5AE4202D2284600F05EFE03F0BBF976
:10354800012809D04FF0B042136843F48073136028
:1035580003F0B1F90128FBD14FF0B044D4F894300E
:1035680043F00103C4F89430D4F894309B07FBD59A
:10357800FEF730FED4F8903043F00103C4F89030E1
:103588004FF0B043D3F890209407FBD5D3F89020A0
:1035980042F08002C3F890204FF0B044D4F8903045
:1035A8001805FBD5FEF734FEA36803F00C030C2BBB
:1035B8001CD103F080F9012807D0236843F48073F5
:1035C800236003F078F90128FBD14FF0B0439A68E3
:1035D80022F0030242F001029A609A6802F00C029B
:1035E800042AFAD19A6822F0F0029A604FF0B044A7
:1035F800236823F08073236023689901FCD4E3686F
:1036080023F0606343F00073E360E36843F0807382
:10361800E36000F043F8236843F0807323604FF0C1
:10362800B0431A689201FCD59A6822F0F0029A60B9
:103638009A6842F003029A604FF0B042936803F030
:103648000C030C2BFAD1AE4202D3284600F0D4FD6D
:103658000F4B0D4A1A604FF0B04300209A6822F4CD
:10366800E0629A609A6822F460529A60D3F808215E
:1036780022F0F002C3F80821D3F8082122F00F0243
:10368800C3F8082170BD00BF006CDC021886000872
:10369800F0000020004870470024F4004FF0B043C9
:1036A8000549DA681140054A0A43DA60DA6842F0E7
:1036B8008052DA60704700BF8C80FF1F020600202E
:1036C80008B5074803F0F5FE38B10648FFF7DEFAFB
:1036D8000448FEF73DFD002008BD6FF01200FBE72F
:1036E800907C0008F13600080A2838B5074D0446D2
:1036F80004D1AB680D215B6828469847AB6803483E
:103708005B68E1B29847204638BD00BF907C00084E
:103718002DE9F843D0F80480D0F81090D8F80800C4
:1037280017460D461E4603F02FF8B7F5001F04464E
:1037380016D12846D8F80840FFF774FB84420CD10C
:10374800294603F021F80446FFF708FB2046FFF757
:1037580057FB00212046FFF70BFB0020BDE8F8834C
:10376800B7F5800F20D0B6F1806F19D0B6F1C06FD1
:1037780018D0B6F1007F1AD1022610494A462046D1
:10378800FFF71EFBB0B9D8F80810284603F001F877
:1037980020463146FFF7ECFA2046FFF7C7FADCE788
:1037A8000126EAE70326E8E76FF08500D6E76FF021
:1037B8001500D3E76FF00F00D0E700BF436C000897
:1037C80038B50369044658600A4D284603F071FE6F
:1037D80060B1AB6861681B680C3123B12846984713
:1037E80000EAE07038BD6FF05700F9E76FF012009B
:1037F800F8E700BFB07B0008F7B5044643680669E0
:103808001948DD680F4659688368DB680022019211
:1038180023B96FF00404204603B0F0BD01AA98470D
:103828000028F6DB376206F110074FF0FF324FF041
:10383800FF33384600F05EFF2B6823F001032B604E
:10384800204696F8521003F088FA019900F084F89F
:1038580096F8513004461BB12B6843F001032B60E6
:10386800384600F013FFD6E7B07B000870B5044671
:10387800466805694FF0FF320021284603F04EFEE6
:10388800336820469847002385F8503085F8523031
:103898000122114605F1100003F040FE1A4803F01A
:1038A80008FE68B3204600F039F83169174B994291
:1038B80020D013D8164B99421ED0164BCB1A59421A
:1038C8005941890041F010012046FFF795FF002873
:1038D80003DB012385F85030002070BD0E4B994260
:1038E8000CD003F5C31303F5206399420CBF0A21DA
:1038F8000021E7E70621E5E70221E3E70821E1E700
:103908006FF01200E9E700BFB07B000840420F00EB
:10391800A0860100801A060040E1330013B5446810
:1039280001AA6069002103F03AFB002810DB019B23
:1039380000221979186800F0A7F8002808DB054864
:10394800616883681B680BB1984708B16FF0040081
:1039580002B010BDB07B00082DE9F74F4468036939
:103968000193E568E369DFF80881DFF80891DFF87B
:1039780008A1DFF808B100930020009B8342019B57
:103988001A6A33D1C2F34202012A61D0022A6BD1EA
:1039980040F2145E4FF4167C4FF4FA7740F2771633
:1039A800DFF8DC800220421EB1FBF2F2B8FBF2F233
:1039B800BCFBF2F4013CFF2C53D8BEFBF2F3013BF5
:1039C800FF2B4ED8B6FBF2F9B9F10F0F49D8B7FB68
:1039D800F2F2013A0F2A44D843EA0943023843EA8B
:1039E800007343EA025343EA04231DE00C23D4F88E
:1039F80018C0DFF890E003FB00F70CEB07067368CC
:103A080073451DD015D853451CD05B4514BF002302
:103A180001239B00C2F34202B2EB530F16D15CF8AC
:103A280007308B4212D1B3682B61002003B0BDE888
:103A3800F08F434508D04B450CBF0A230023E9E724
:103A48000623E7E70223E5E70823E3E7013094E7E5
:103A580041F25C2E4FF47A6C40F2E2474FF4FA766A
:103A68009EE7013011289ED16FF01500DEE700BFF8
:103A780040E13300404B4C00A0860100801A06004C
:103A880000CA9A3B40420F002DE9F0471E4F0446FA
:103A980000EBC1060025B44201D1002014E02068E3
:103AA800C30600F01F0911D4656845F02005C0F36E
:103AB800481AC0F34420192823D857F82080B8F1B1
:103AC800000F0DD16FF01200BDE8F087B9F1100FAB
:103AD80004D0B9F1110FEAD16568E8E73025E6E7C7
:103AE800404603F0E6FC0028ECD04B462A460AF094
:103AF8000F01404603F0B7F8002804F10804CADAB9
:103B0800E2E76FF01500DFE7CC840008012912D046
:103B1800022907D089B90068094BC01A18BF0120CB
:103B2800000370470068064B984214BF4FF440509A
:103B38004FF400507047002070474FF40050704712
:103B48000080004043681B6803F1080252E8002F18
:103B580042F0010203F1080040E800210029F3D1F6
:103B6800094A934203D0A2F57442934203D15A689A
:103B780042F040025A6053E8002F42F4807243E852
:103B880000210029F7D170470038014043681B68BD
:103B980003F1080252E8002F22F0010203F10800A5
:103BA80040E800210029F3D1094A934203D0A2F545
:103BB8007442934203D15A6822F040025A6053E893
:103BC800002F22F4807243E800210029F7D17047C2
:103BD8000038014070B51D46094B002633F8122005
:103BE8003346FDF797F9090241EA10616C080002B3
:103BF80020182A46334641F10001FDF78BF970BDC4
:103C08001C870008F7B5436802691D680C4619B996
:103C18006FF0150003B0F0BD1068D9688368DB68E1
:103C2800002B45D001AA98470028F3DB224B9D4280
:103C380030D1019F214E00252346AAB238460021E3
:103C4800FFF7C8FFA0F54070B04203D901350C2D2D
:103C5800F2D1DDE7184EF36A23F00F032B43F3622A
:103C6800174B33F81520002319463846FDF752F94B
:103C7800090241EA106163080002C01822464FF0A9
:103C8800000341F10001FDF745F9C0F31300F060AE
:103C98000020BFE72B6823F400432B60019800EB5A
:103CA8005400B0FBF4F10F29B2D989B2E960EFE70B
:103CB8006FF05700AEE700BF00800040FFFC0F0028
:103CC8001C8700082DE9F84306460A7940683369DD
:103CD80004685F68012A0D461AD0931ED3F10008C4
:103CE80048EB03084FEA88286979FFF70FFF95F832
:103CF8000690B9F1020F03460DD0B9F1040F0ED0AA
:103D0800AAB1033A012A0CD86FF08500BDE8F88300
:103D18004FF4C068E8E73AB94FF0805008E0002A4D
:103D2800F2D14FF4805003E0033A012AECD9002085
:103D3800B3F5805F30D0B3F5405F2FD0002B0CBFB8
:103D4800012303239942DFD1414603F073F98145EA
:103D5800DAD1EB7963B1012B22D1134B9C4207D006
:103D6800A3F574439C4203D003F570539C42CBD116
:103D7800236823F0010323602946304603F0D4FA70
:103D88000028C1DB236843F00103236095E80300A2
:103D980087E803000020B9E70023D3E70223D1E72F
:103DA800032BDAD0B0E700BF003801402DE9F3411A
:103DB8000469476806464F48206003F07AFB20B93B
:103DC8006FF0120002B0BDE8F0812068F9688368DE
:103DD8001B68002B00F08B8098470028F2DB386ABC
:103DE80001AA002103F0DBF80028EBDB019B00228D
:103DF80019791868FFF748FE0028E3DB756833690E
:103E08002C68D3F80480236823F0010323606868D2
:103E180003F04FFB0028D3D0D5E901018368DB68A4
:103E280003B1984754E8003F43F00C0344E80032DC
:103E3800002AF7D14146304603F076FA002802DA24
:103E48006FF01500BEE72B7D1BB1A36843F0080394
:103E5800A3606B7D1BB1636843F400436360AB7D73
:103E68001BB1636843F480336360EB7D1BB1636807
:103E780043F4003363602B7E23B31F4B9C4207D06F
:103E8800A3F574439C4203D003F570539C42D7D1E9
:103E980073681A68936843F48043936023686A7E62
:103EA80023F0787343EA425323602368AA7E23F4FD
:103EB800F81343EA02432360EB7E1BB1A36843F483
:103EC8000043A3602B7F1BB1236843F0005323609A
:103ED800236843F001032360E3699A02FCD5E36990
:103EE8005B02FCD530467B6A984700206AE76FF092
:103EF800570067E7B07B00080038014010B54FF065
:103F0800E0230F499C691A6908689B690D4902F406
:103F1800803234B993B903464AB90A681044C01AC2
:103F280010BD002B08BF03460AB9A342F5D90A6899
:103F380002440A604FF0E0221269EEE70446F3E714
:103F4800AC050020A00500200A4B102283F823208E
:103F5800094B4FF496521A60084B002018604FF036
:103F6800E02341F2BF225A6198611A6942F00702C0
:103F78001A61704700ED00E0AC050020A0050020A4
:103F8800684620F007018D4601B5FFF7B7FF0D4BD6
:103F98000D4A186811680844106000221A600B4A1C
:103FA80013684FF49651C01AB0FBF1F001FB0033CF
:103FB800136001F01DF8FEF7F5F9BDE801408546EC
:103FC800704700BFA0050020A8050020A405002018
:103FD8002DE9F041334E91B1421C0AD14FF0E02255
:103FE800136923F0010313614FF07F433360BDE889
:103FF800F0813468012807DC4FF000080BE0431C0F
:104008003468F7D140F6A65040F6A7539842A8BFA7
:10401800184600F1FF38EFF31185102383F3128857
:10402800BFF36F8FFFF76AFF4FF0E023DFF878C028
:104038009F69DCF8003018441C4B00221A601C4BA6
:104048001A68831A2AD44FF4965E0EFB083303F5D8
:1040580095531F33B3FBFEF1131A0EFB0133B3F56F
:10406800806F144A38BF4FF48063934228BF1346C9
:104078004FF0E022336091698F42A7EB010703F10B
:10408800FF3338BF3F195361384400239361CCF89C
:10409800000085F31188BFF36F8FA8E74FF48063A2
:1040A800E6E700BFAC050020A8050020A005002019
:1040B800A405002080E8FF0038B5EFF31185102330
:1040C80083F31288BFF36F8F084B1C68084B1B687B
:1040D800E41AFFF713FF85F31188BFF36F8F4FF4CE
:1040E80096532044B0FBF3F038BD00BFA80500206C
:1040F800A405002038B5EFF31185102383F3128847
:10410800BFF36F8F044B1C68FFF7F8FE85F3118827
:10411800BFF36F8F204438BDA805002010B54FF0BD
:10412800B0439A68D96812F00C0205D00C2A4AD11B
:1041380001F00303012B51D14FF0B0412B480B681C
:1041480013F0080306D00B6813F0080337D1D1F831
:10415800941007E00C68240756BFD1F8943009681A
:10416800C3F3032350F82330002A0CBF184600205D
:104178004FF0B0418A6802F00C020C2A1ED1CA68BE
:1041880002F00302022A2ED0032A06D10B68184A2D
:1041980013F4801F174B18BF13464FF0B042D06876
:1041A800D168D268C0F306205843C1F30213013323
:1041B800B0FBF3F0530F0133B0FBF3F010BD0B6805
:1041C800C3F30313CEE7042A05D0082A06D11B68D7
:1041D80013F4801305D006480023C9E700231846C6
:1041E800C6E70448C4E7024BD7E700BFD8850008F4
:1041F8000024F4000048E8011F4A034607CA84B0B7
:104208000DF1100C0CE9070018463BB31B4B1B685B
:1042180003F4C063B3F5007F22D1194B984229D823
:10422800184B984224D9184B98428CBF0220012081
:10423800164904AB03EB80000B6850F80C2C23F0F4
:10424800070313430B60086800F0070082421CBF95
:10425800086800F00700831A5842584104B07047B4
:104268000B4B984206D80B4B984201D90A4BDBE717
:104278000020DDE70020F1E7F07F00080004005887
:10428800006CDC0280A81201005125020040005891
:104298000024F400808D5B00001BB70038B5EFF3F5
:1042A8001185102383F31288BFF36F8F064B9C6828
:1042B80003F012F985F31188BFF36F8F2046BDE82C
:1042C8003840FEF785BA00BFB005002038B50A4B64
:1042D80053F82040013053F82050A54200D838BD8B
:1042E800606830B1037FDB0701D403F0CAF80834F3
:1042F800F3E723689847FAE75886000870B52A4B11
:104308002A4C2B4D012286B003201A70FFF7DEFFDE
:1043180000F0A0FF0420FFF7D9FF2646AE4204F1C3
:10432800300410D300F086FB204C224EAC4226D33A
:1043380000F094FBFDF710FC1F4A137B23F00103E8
:10434800137306B070BD54F80C3C059354F8103C38
:10435800049354F8143C039354F8183C029354F80B
:104368001C3C019354F8203C009354E90A2354E977
:104378000C0100F0E5F954F8303C5E65CDE7D4E96E
:104388000A23B3F1FF3F08BFB2F1FF3F05D052EA5D
:104398000301206803D100F01DFC3034C6E7314624
:1043A800183000F095FDF8E70B070020007F0008A3
:1043B800307F00082B7600086002002070B50023CB
:1043C80086B00122CDE90423134E144D01930F2228
:1043D800CDE902321249142303FB005506EBC0163F
:1043E80004464FF4A07000FB04110E4B00954FF4E7
:1043F8008072304600F0A4F9737B0B4AEE6023F01C
:10440800040373734FF4046304FB033313442C74E1
:104418006B6006B070BD00BFE0010020B005002051
:10442800C0110020E774000880090020BFB50020F3
:10443800FFF74CFF284B83F30888284C284F636903
:1044480043F4007363610025F02384F82230E57794
:1044580025766576A57684F82050636A43F4E023D0
:104468006362FEF785F9FEF78FFA4FF0FF33A36218
:10447800E362FEF74FFBFEF7ABFA1A481A4C00F05E
:10448800ABF9FDF7F5FE0120FFF720FF0220FFF74B
:104498001DFF00F017FB154B15495C61154B059383
:1044A8000123CDE903534FF400623B46CDE90155A2
:1044B8000095204600F044F9627B064622F004028B
:1044C8002046627303F070F82846FFF777FF3A46F4
:1044D80031462046FEF73AFAC011002000ED00E010
:1044E80005430008E002002060020020B00500201B
:1044F80000130020259000082DE9F34104460E46DC
:104508009DF8200004F10808EFF31187102181F3CA
:104518001288BFF36F8F256AE1688D4241D2256802
:10452800AC4219D0C5B1284602F0E4FF05F11800E5
:1045380003F0C7F8A26828693146002403F013F98C
:104548002846AC6703F030F84046394600F04CFA8C
:10455800204602B0BDE8F081A268A8B1E069314602
:1045680003F001F9E369A26813446269E3619342C5
:1045780001D12369E361236A01332362002087F3B1
:104588001188BFF36F8FE4E7A1692369994204BFDB
:104598006369A361A069801AA061314603F0E3F85A
:1045A800E9E752EA03010AD00649896840460E61E4
:1045B800CDE900233946224600F0F4F9C9E76FF047
:1045C8002200DCE7B0050020F7B5044604F108072F
:1045D8000846EFF31186102181F31288BFF36F8F1D
:1045E800216A002939D0A268A16903F0BCF8A3693F
:1045F800A268256813446269A361934204BF2369D2
:10460800A361236AAC4203F1FF33236233D0284607
:10461800002D31D002F06EFF05F1180003F051F8BB
:10462800A2682969E06903F09EF8E369A268134467
:104638006269E361934204BF2369E361236A01333A
:10464800236200242846AC6702F0AEFF38463146A4
:1046580000F0CAF9204603B0F0BD52EA030110D0B9
:10466800094989680861CDE9002331462246384660
:1046780000F098F9EFE7002086F31188BFF36F8FF9
:10468800E9E76FF02200F7E7B005002070B5EFF317
:104698001186102383F31288BFF36F8F0468A0423A
:1046A8001AD0CCB1D4E9003213605A60637B00257C
:1046B80023F002036373C4E90055A56004F11800F0
:1046C80002F0FFFF2046A56702F06EFF314608485A
:1046D800BDE8704000F088B9D0E902329A4218BFAC
:1046E8000133836086F31188BFF36F8F70BD00BFFD
:1046F8000C07002013B5EFF31181102484F31288FE
:10470800BFF36F8F846844B1013C846081F31188E2
:10471800BFF36F8F002002B010BD52EA030406D128
:1047280081F31188BFF36F8F6FF00F00F3E7CDE9C6
:1047380000230246014800F035F9ECE70C07002099
:104748002DE9F043073285B022F007020E461F46D6
:104758001099017300F158037F32C0E916330446FB
:10476800002322F03F020421836041733F2A0F98FF
:10477800A073C4E90633E37306F14009A2F14008C7
:1047880005D883F31188BFF36F8F084602DFB51889
:1047980029462046FDF7E6FD07300E9B20F007006E
:1047A800A066C4E9189802930D9B01932D1A0C9BDF
:1047B80000932A463B4631462046FEF795F80023EB
:1047C8006365044B9B6803B1DB6EE366284605B05E
:1047D800BDE8F083B005002040F201138381002377
:1047E800C0E91833C366014B98607047B0050020D4
:1047F800094A93686FF00A019967084958674B6836
:1048080043F080534B60002383F31188BFF36F8F0D
:104818009368986F704700BFB005002000ED00E076
:1048280070B590F90D20437B002A36DBD90634D1C8
:104838001B4C63F07F032246437352F8183FE1692B
:10484800934207D1C0E900210860E06111E0994274
:10485800F8D01B68002BF5D090F90E5093F90E6034
:10486800B542F4D0AE42F2DD5968C0E900310860C3
:104878005860A569954200D005B9E568A3685A7BD8
:10488800D20604D1DA897F2A01D9AA6932B1AB42AA
:1048980002D0284600F096FA656170BD6361FCE7B6
:1048A800B005002038B590F90D20437B002A014659
:1048B80004DA03F07F03437302F03CFE0D4D2A46F1
:1048C800AB6852F8184F944200D004B9EC688B4298
:1048D80007D05A7BD20604D1DA897F2A01D9A26986
:1048E8002AB1A34202D0204600F06CFA23466B613D
:1048F80038BD00BFB0050020B3F1FF3F08BFB2F1DB
:10490800FF3F03D00249183000F0E2BA704700BFF9
:104918002B76000870B590F90D20437B002A0146DC
:1049280004DA03F07F03437302F004FE4B7B1C4C54
:1049380063F07F0322464B7352F8183FE0699342B5
:1049480007D1C1E900200160E16111E09842F8D087
:104958001B68002BF5D091F90E5093F90E60B54203
:10496800F4D0AE42F2DD5868C1E900300160596008
:10497800A569A368954200D005B9E5688B4207D0C0
:104988005A7BD20604D1DA897F2A01D9AA692AB1C9
:10499800AB4202D0284600F015FA2B46636170BD81
:1049A800B0050020F8B50E4B0C4611460D4A986824
:1049B8001060DDE90667EFF31182102282F3128896
:1049C800BFF36F8F9D68284602F0C6FD2846324621
:1049D8003B46FFF791FF2046BDE8F840FFF708BFC8
:1049E800B0050020D005002049B9EFF3058030B9A3
:1049F800054B5A699B689A4201D0FFF7F9BE81F3CB
:104A08001188BFF36F8F7047B0050020034648B97F
:104A1800EFF3058232B9064A51699268914201D092
:104A2800FFF7E6BE83F31188BFF36F8F704700BFAF
:104A3800B0050020EFF31181102383F31288BFF330
:104A48006F8F054B9A68D37B013BD37381F3118831
:104A5800BFF36F8F704700BFB005002070B5EFF34C
:104A68001186102383F31288BFF36F8F144DAB6840
:104A7800DA7B0132DA732A4652F8184F944200D092
:104A880004B9EC685A7BD20604D1DA897F2A01D9A5
:104A9800A2692AB1A34202D0204600F093F9234626
:104AA8006B6186F31188BFF36F8FEFF311801023CA
:104AB80083F31288BFF36F8FBDE87040FFF7A6BF7E
:104AC800B0050020024B03F11802C3E90622704723
:104AD800B005002070B5EFF31186102383F3128818
:104AE800BFF36F8F1B4CA168E0690B68814214BF4C
:104AF8001A46002249680B605960A368E1692AB91F
:104B0800154AC3E900210B60E3610CE093F90E003C
:104B180092F90E50A84218D0854216DD5168C3E9B3
:104B280000210B605360A5690B4B9D4200D005B96D
:104B3800E568A3689D4202D0284600F043F9656104
:104B48003046BDE87040FFF753BE8A42D8D012689D
:104B5800D5E700BFB0050020C8050020F8B550EA29
:104B6800010306460C4603D1FFF7B4FF0020F8BD49
:104B7800EFF31187102383F31288BFF36F8F124D61
:104B8800124BA8681860FFF78DFEA86810492346E5
:104B98003246183000F09CF9AA68537B43F00403AE
:104BA800537304463846FFF723FEAB68D3E90A235C
:104BB800B3F1004F08BF002AD8D102F0AAFD201A8D
:104BC80020EAE070D3E700BFB0050020D005002040
:104BD8002B76000838B50446EFF31185102383F3CC
:104BE8001288BFF36F8F437B5B070FD5183002F035
:104BF80068FD637B23F0040320466373FFF710FE10
:104C080029460548BDE83840FFF7EEBE85F3118810
:104C1800BFF36F8F38BD00BF0C070020014B9868A9
:104C2800704700BFB00500202DE9F8430446077B14
:104C3800EFF31185102383F31288BFF36F8F437B43
:104C4800190705D585F31188BFF36F8FBDE8F88381
:104C5800D90943F008025DD14273A36813B1204615
:104C680002F070FC04F1180002F02BFDA66D04F1AF
:104C78005808B04511D04FF0000976B1304602F01F
:104C880061FC06F1180002F01CFDC6F87890304669
:104C9800FFF7C6FDA66DB045EFD1DFF8C080D8F8A4
:104CA80008309C423ED1EFF30589B9F1000918BFDD
:104CB8004FF00109D8F81860294A964200D00EB979
:104CC800D8F80C60B34202D0304600F07BF820469A
:104CD800C8F8146001F0E3FCB9F1000F02D02148D4
:104CE800FFF77AFDD8F808309C4231D1EFF30583FD
:104CF80073BB227BD20718D42846FFF779FDFB0740
:104D0800A4D5002383F31188BFF36F8F04231846BB
:104D180002DF9BE703F07F0343F00803437302F0CD
:104D280009FC9AE74FF00009C4E785F31188BFF33F
:104D38006F8F83F31188BFF36F8F0423184602DF48
:104D4800EFF31180102383F31288BFF36F8FD4E73A
:104D580085F31188BFF36F8FD1E700BFB00500203E
:104D6800C8050020E0020020044BC01A044BC01004
:104D78005843044B01221A54704700BF60030020B7
:104D8800ABAAAAAA0C070020C3897F2B12D80A4B0A
:104D98001B6863B1094B90F90E201B689A4209DB26
:104DA800437BDB0606D1064BC31A18BF012303F069
:104DB800010070470023FAE7F4000020D405002022
:104DC800E001002070B50E4B0E4C1E7C06EB46032E
:104DD80004EBC3040546204602F073FC0A4B00228C
:104DE80028469A55FFF7D0FF48B1084B08491A687A
:104DF800013A2046D317BDE8704000F069B870BD8D
:104E0800B0050020600300200C070020F4000020FB
:104E1800714D000838B5EFF31185102383F312881C
:104E2800BFF36F8F104B114A9C681068A04206D1DF
:104E3800FFF7C8FF85F31188BFF36F8F38BD0021D6
:104E48001B7C11600A4AD35C002BF3D02046FFF785
:104E58009BFF0028EED0637BDB0602D12046FFF7DC
:104E680059FD2046E4E700BFB0050020D00500202A
:104E78000C070020024B1868984208BF00207047B2
:104E8800F8000020034B1B680BB9FFF715B9002089
:104E9800704700BFD805002030B570B10B4B5B6878
:104EA80098420AD0036843B1D3E90421D0E9044504
:104EB800121941EB0501C3E90421D0E9003213605E
:104EC8005A600023C0E9003330BD00BFF80000205D
:104ED800B3F1FF3F08BFB2F1FF3F2DE9F84F044699
:104EE800994615461F467AD08160EFF31188102342
:104EF80083F31288BFF36F8FB9F1000FDFF8E4A0D6
:104F080020DBFFF7BFFFDAE90027013549F1000987
:104F18002D1849EBE073C4E90453AD18064643EB7A
:104F280007074FF00109FFF7A5FFDFF8BCE0DEF83F
:104F380004A00346EBB9C4E900EACAF80040CEF879
:104F4800044028E0DAE900126FF001035B1A4FF021
:104F5800FF3161EB02025B1B62EB0902012B72F16C
:104F68000001BCBF01230022C0E904324FF0000950
:104F7800D9E7D3E9041CD4E904208A4270EB0C0B6E
:104F880024DA891A5A686CEB0000C3E90410C4E9F2
:104F9800003214605C60FFF76DFF84420ED1134B42
:104FA8001B685BB9B9F1000F02D1FFF76BFF06462A
:104FB800304602F06FFB0021FFF70AF888F31188EA
:104FC800BFF36F8F28463946BDE8F88F521A60EB59
:104FD8000C009A45C4E90420ADD01B68AAE7002557
:104FE8002F46EFE778030020F8000020D8050020BE
:104FF8002DE9F047EFF31185102383F31288BFF3EF
:105008006F8FDFF8A490DFF8A480C9F80000FFF7DD
:1050180031FF00260027D9F80030D8E900ECD9176D
:1050280050B1D0E90442A34271EB020A1CDAE41A37
:1050380062EB0102C0E9044213EB0E034FF00004D7
:105048004CEB01012046C8E90031C9F8004002F0E4
:1050580021FB2146FEF7BCFF85F31188BFF36F8F54
:10506800BDE8F047FFF7D6BE14EB0E024CEBE47335
:10507800C0E90467C8E90023FFF70EFF85F311882C
:10508800BFF36F8F83689847EFF31185102383F37D
:105098001288BFF36F8FD9F800301B1BC9F8003096
:1050A800FFF7E8FEB7E700BFD80500207803002027
:1050B80010B5EFF31184102383F31288BFF36F8FB9
:1050C800FFF7E0FE054A0346D2E90001181841EB54
:1050D800E37184F31188BFF36F8F10BD780300204C
:1050E800F8B50646EFF31187102383F31288BFF350
:1050F8006F8F026822B187F31188BFF36F8FF8BDF5
:10510800D0E90A54691C44F10003022973F1000331
:1051180034D3013D44F1FF34002CBCBF15462C4666
:1051280002F0FBFA013041F10001401944EB0101A2
:10513800012871F1000149DB02F0EFFA013041F179
:1051480000016FF00203401944EB010183426FF044
:1051580000438B413FDB02F0E0FA013041F10001EE
:105168006FF00102401944EB01044FF0FF33121AAB
:1051780063EB04031A493046FFF7AAFE336B013389
:105188003363336A6BB187F31188BFF36F8F336A68
:1051980030469847EFF31187102383F31288BFF343
:1051A8006F8F334653F8184F9C42A4D0002CA2D0DE
:1051B800204602F008FA0023A36787F31188BFF39B
:1051C8006F8F2046BDE8F84002F0EEB96FF001029B
:1051D8004FF0FF33CEE700224FF00043CAE700BF8D
:1051E800E95000082DE9F04105461C4690461F4647
:1051F800EFF31186102383F31288BFF36F8FB4F196
:10520800FF3F08BFB2F1FF3F05D186F31188BFF316
:105218006F8FBDE8F081002C09DB012A74F10003CF
:10522800BCBF0122002412F1FF3844F1FF372846A1
:1052380002F047FADDE906010023C5E90A012B63FC
:1052480042463B4628460249FFF742FEDDE700BFDB
:10525800E9500008014801F0F6B900BF2A9000089B
:1052680038B5064C064DAC4201D3002038BDD4E910
:105278000112204602F06FFA1434F4E734010020DA
:10528800340100202DE9F04101260746B24201DC35
:10529800BDE8F0813B461F4613F8014B002CF7D0C0
:1052A800252CF8D11C78252C07F10207F2D0002311
:1052B800DFF804819C461D461F2D18D8A4F1200E46
:1052C800BEF1100F09D9A4F1300EBEF1090F1ED896
:1052D8000A2404FB03E3202504E028FA0EFE1EF04E
:1052E800010F06D017F8014B002CE5D128E07F2DDF
:1052F8001CD8A4F1300EBEF1090FE9D9242C10D125
:10530800BCF1000F46D0B34246D00023EAE724F0B0
:10531800040EBEF12A0FF8D06C2C09D145F0800597
:10532800E0E724F0040EBEF12A0FEED06C2C22D058
:105338006C2C1BD8682C23D06A2C28D04C2C26D057
:10534800BCF1000FA4D0B445A0D144F02007A7F1C8
:10535800650CBCF1020F0B6801D9612F1ED1073310
:1053680023F0070308330B6001368EE7742CB9D09D
:105378007A2CB7D0E4E72C0648BF45F40075CDE792
:10538800EC0548BF45F4007545F48075AAE745F477
:105398002075A7E79C46B8E76324D6E7692C02D0B6
:1053A80007D8632C03D02F0601D5AC05D7D4043316
:1053B800D9E7732CF6E700BF892801002DE9F04FE3
:1053C80095B043680393837880469807CDE908121F
:1053D80017D50D920B4600251F78A7B1252F16D09B
:1053E80001330793039B414638469847002805F147
:1053F800010580F2398498F8023043F0040388F8F4
:1054080002304FF0FF35284615B0BDE8F08F5F78C1
:105418009A1C252F0792E5D000242646A246A346CB
:10542800BBF11F0F32D8A7F12003102B0AD8DFE8F1
:1054380003F02409092A0909091B0909092209276E
:1054480009091900A7F13003092B2DD92A2F39D1C1
:1054580054B90D9B1BF0400F53F8042B0D9329D022
:10546800164601E04BF0010B079B13F8017B0793ED
:10547800002FD5D15BE04BF0020B4BF0040BF3E7A8
:105488004BF0080BF0E74BF0100BEDE7BBF17F0F8B
:105498003FD8A7F13003092BD8D81BF0400F03D011
:1054A8000A2202FB0636DFE70A2202FB0A3A4BF021
:1054B800200BD9E7B2F1000AF9DACAF1000A4BF079
:1054C800280BD1E72E2F05D11BF0400F9BD14BF0B5
:1054D800400BC9E7242F1CD1002C00F04281099B06
:1054E8000D931BF0400F0AD1524608980DA9FFF7FB
:1054F800C9FE0D9B1A1DD3F800A00D92B4E73246E1
:1055080008980DA9FFF7BEFE0D9B1A1D1E680D9287
:10551800AAE76C2F00F0128100F20981682F00F0D1
:1055280015816A2F00F01A814C2F00F0178134B1D1
:10553800099B08980D9322460DA9FFF7A3FE002E9C
:1055480047F02009B8BF2BF0400BA9F16503BCBF99
:105558001FFA8BFB0026022B40F20881B9F1610F7C
:1055680040F06782FF4307F0200306930D9B073343
:1055780023F007031BF0400FD3E9000103F10802F1
:1055880008BF4FF0FF36069B0D9200930EAA3346D4
:1055980002F028FA0130C3B2B3424BF4C05404936A
:1055A80001DB049B5E1E01230E9F0593A3464FF06B
:1055B800700907F10903122B0DD907F16303C62BF4
:1055C80040F20F8107F2E73340F2CE72934294BF64
:1055D8000323042305939DF83C2002F00C0312F0EA
:1055E800010240F019811BF0020F40F012811BF0FC
:1055F800040400F0F880002B40F0118120231BF4F4
:10560800405F1FD1049A5032002E6A4408BF012619
:10561800133A049921B112F8011D302900F036819E
:105628001BF0100F049A18BF3246391DC0F233819F
:10563800B74280F23081BA424BF4005B40F32D81CF
:105648007E1C961B1BF400520A9200F0288127EA60
:10565800E774013403B10134002E00F02881721C74
:105668001444A245CCBFAAEB040400241BF0090F84
:1056780004D12C44A54240F01F81002443B11846B0
:105688004146039B9847002805F10105FFF6B3AE94
:105698001BF4006F13D0039B414630209847002825
:1056A800FFF6A9AE069BC3F178004146039B00F0C4
:1056B800F8009847002805F10205FFF69CAE1BF09C
:1056C800080F05D12C44AC4240F002812546002445
:1056D8000A9B002B00F01C8127EAE77AA7EB0A0750
:1056E8007642049BBB4284BF0EABFB180AF1FF3A1B
:1056F80088BF5879039B98BF3020564505F10109AA
:10570800414600F3EF809847002807F10107FFF6AC
:1057180072AEBAF1FF3F08D1039B41462E2098474D
:105728000028FFF668AE05F102094D46D9E7742F47
:105738003FF49AAE7A2F3FF497AEF8E61BF0800F4D
:1057480018BF4BF4007B4BF0800B8DE61BF4807F79
:1057580018BF4BF4007B4BF4807B85E64BF4207B31
:1057680082E62646B3465446B2467DE6FF4307F036
:10577800200306930D9B073323F007031BF0400F0C
:1057880003F1080208BF0626B9F1650FD3E9000145
:105798000D9213D1731C0022DBB24BF4805B1446CC
:1057A800112BCDE9002428BF11230EAA00F0FCFA22
:1057B800C3B2049302230E9F0593FAE6B9F1660F6C
:1057C80005D14BF4005B344601221123E8E7F3B21C
:1057D800012B4FF0000238BF012314464FF0650932
:1057E800DEE70223F6E6002B3FF409AFBAF1030F18
:1057F8003BDC9DF83C30A64E13F0080FA54B08BFC4
:105808001E463746B94617F8010BB0BBAE1BB1446C
:105818007BE033BB2B23F2E62BBB2D23EFE62022C4
:10582800BAF1040F13DD1BF0080FAAF104040FD11D
:105838002C44039B0492414620209847002805F1F8
:105848000105FFF6D8ADA542049AF2D19AB1002419
:10585800039B414610469847002805F10105C8DA20
:10586800C9E52B22DCE72D22DAE71BF0080FAAF1A5
:105878000304BED1DCE71446BBE7069BC01A4146C9
:10588800039BC0B298470028BCDAB4E504990139F3
:10589800C9B20491BDE6561ED4E60026D2E61BF432
:1058A800006F059A0CBF032405241444D2E61BF0AC
:1058B800100F18BF0134D4E60B934146039B2020F8
:1058C800984700280B9B05F10105BFF6D3AE92E57A
:1058D800039B414630209847002805F10105BFF693
:1058E800F2AE88E598470028FFF685AD1BF0100F4B
:1058F8000BD0BAF1FF3F08D105F1020941462E202D
:10590800039B98470028FFF676AD4D464C4433E29A
:105918009DF83D00039B414698470028FFF66BAD74
:10592800002E69DD039B41462E2098470028FFF68C
:1059380062AD4FF0010A049B9A45BBBF0EAB5344BE
:1059480030205879039B414698470028D346FFF6F4
:1059580052AD0AF1010A5645EDDA02355D44069B5F
:10596800A9EB03004146039BC0B298470028FFF605
:1059780042AD002FB4BF2D202B20039B4146B8BF5A
:105988007F4298470028FFF636AD059B042B41D18E
:105998004FF47A79B7FBF9F606F13000039B4146DC
:1059A800C0B29847002805F10305FFF624AD09FBAE
:1059B80016774FF06409B7FBF9F606F13000039B40
:1059C8004146C0B29847002805F10105FFF613AD1E
:1059D80009FB16774FF00A09B7FBF9F606F1300014
:1059E800039B4146C0B29847002805F10105FFF620
:1059F80002AD09FB167715E01BF0100F01D1013538
:105A0800ADE7039B41462E209847002805F1020583
:105A1800A5DAF0E4059B032B05F10205C9D0059B27
:105A2800012BD7D107F1300005F101094146C0B279
:105A380066E7A7F16303122B00F2FF80DFE813F09B
:105A480013005700FD00FD00FD00FD005700FD009C
:105A5800FD00FD00FD00FD001701F800FD00FD0040
:105A68002C00FD00B9000D9B1A1D1B680D928DF8C6
:105A7800383001240EAF1BF0080F2ED03E19B9465E
:105A8800B1452CD1EF1BB944AAEB04043DE700BF94
:105A98006B900008679000080D9B1A1D0D921F68F7
:105AA800AB4B002F08BF1F461BF0400F14BF3146F9
:105AB8004FF0FF31384601F06CFE0446DBE7039BEC
:105AC8004146202098470028FFF695AC013EB44295
:105AD800F5D35544AD1BB246D0E75646F7E719F85B
:105AE800010B039B414698470028C9DA83E41BF061
:105AF800800F0D9B35D01BF4007F2DD0073323F08A
:105B08000703D3E9000103F108020D922BF01009F5
:105B180000291FFA89F936DA404261EB410149F45C
:105B280080690DF1380B0A235A4601F03EFE19F040
:105B3800400FA0EB0B0B65D029F001025E4592B235
:105B480040F3B280002F00F0A98019F0100334460A
:105B5800914626D002345CE01A1D18680D92C117D0
:105B6800D4E71A1D1BF4807F19680D9201D10846ED
:105B7800F5E71BF4007F15BF48B208B241F3C01126
:105B880041F3C031C2E750EA0103CAD11BF0400F0C
:105B9800C7D0002EC5D12BF0110B1FFA8BF9344654
:105BA800B34640F2064319EA03031CBF013400233D
:105BB8002FE02BF0100B1FFA8BFB0A231BF080043D
:105BC8000D9A57D01BF400711DBF073222F007024F
:105BD80002F10801101D19BF0D91D2E900010D90C5
:105BE800106850EA010252D12BF016091BF0400F41
:105BF8001FFA89F94FD0002E4DD12BF0170B1FFA41
:105C08008BF9B34619F0100352D0002F4ED10BF187
:105C1800010419F0080F5ED119F0010F06D0A24552
:105C28006EDDAAEB040404EB0B06544622464DE055
:105C38004BF0100B10237827C0E7B9F1780F04D187
:105C4800C7F1780343F01003B8E7039B41462520CA
:105C580098470028FFF6CFAB039B41463846984744
:105C68000028FFF6C8AB0235079BFFF7B5BB082332
:105C78000027A3E7111D0D911BF480711068B0D0A7
:105C88001BF400711ABFC0B2214680B2A9E72BF0FD
:105C9800060B1FFA8BF90DF1380B45E729F01109AE
:105CA8001FFA89F934467CE79146ABE75C4651E731
:105CB8005C4676E7CDE904234146039B20209847BC
:105CC8000028FFF698AB049A059B01329245F1DC57
:105CD8002C1BA5181446F3B1039B41463020984766
:105CE8000028FFF688AB6FB90135A9462E44A6EB0C
:105CF80009035B4521DC5D460EAE5DBBD944C3E6B6
:105D08005E4693E7023541463846039B984700288C
:105D1800EBDAFFF770BB40F2064319EA030FE4D051
:105D280019F0020F14BF2B20202019F4806F05F101
:105D38000105414618BF2D20E7E7039B4146302067
:105D48009847002809F10109D1DAFFF754BB00BFD1
:105D58006F900008013D039B705D414698470028FD
:105D6800CBDAFFF748BB039B414620209847002821
:105D780005F10105FFF63FAB631B002BF3DC73E76E
:105D88001FB502AB0093074A4FF0CC3301F0F0FD8A
:105D9800DDE90201C00840EA4170C90805B05DF8B4
:105DA80004FB00BFCDCCCCCC2DE9F04F9BB0044612
:105DB80005920A460A93C2F30A559DF890300B9350
:105DC800D20FC1F313030992090D7DB950EA0302FA
:105DD8001BD1059A30235371099B156043F00203C8
:105DE8001371012738461BB0BDE8F08F40F2FF72EF
:105DF80095424AD10343099B059A14BF43F008030F
:105E080043F0040313710027ECE700F00102089245
:105E18004FEA83080122AC4D48EA907887009A46F9
:105E28001646C5F1000B5846069200F011FAB5F176
:105E3800FF3FACBF8146A0F10109ABEB090B09EBB1
:105E480005035846049300F009FA16A9A0F17D0548
:105E5800584600F023FA12AB069A0193A9EB050500
:105E680010AB0292009320462B4616AA514601F029
:105E7800C4FCB9F1010F04460D4600F2D280089B1C
:105E8800002B40F0C58001276BE043F4801A00F036
:105E980001024FEA8A080343A5F23545089248EA09
:105EA80090784FEA800749D140F2FE7319420CBF3F
:105EB80001260026002D3246B3DB284600F0C2F941
:105EC800032DC8BF0138049000F0C8F9049B7C304A
:105ED8005D1B054416A9184600F054FA12AB01934D
:105EE80010AB009320462B46029616AA514601F0A5
:105EF80084FC049B152B04460D4600F2868014ABE7
:105F0800724A009338464FF0CC33414601F030FDD9
:105F1800149B159A9B0843EA827303EB8303BB42E5
:105F2800DDE9109A0CD13846414600F09FF9049BF0
:105F380083428CBF00270127002612E00126B9E71B
:105F4800089B002B51D1013F48F1FF31B81B61F18B
:105F5800000100F08BF9049B089F83428CBF002648
:105F680001260B9B002B40F09180DDF828B04FF004
:105F78000008CDE906884FF00A0ADDE91001FFF7AD
:105F8800FFFE129B0E93CDE90C0118461399FFF7FB
:105F9800F7FE0C9B0D9A0F9198420B469341814650
:105FA80080F08E8020462946FFF7EAFE0E9A0AFB0B
:105FB80009F3934214BF002606F001060C9B1093C8
:105FC8000D9BCDE911390F9B1393079BB8F1000F77
:105FD80014BF002707F0010701330AFB10485FFAD6
:105FE80088F8079304460D46C7E7B81C48F1000136
:105FF80000F03CF9049B83428CBF00200120B9EBE0
:1060080000006AF10002CDE9100200273E46A8E729
:10601800109B119A013B42F1FF32CDE91032012762
:106028008AE7B9F13E0FF0D84FF0FF33A9F120000D
:1060380003FA09F203FA00F0C9F1200123FA01F189
:1060480002430A4303FA09F327EA030728EA020886
:1060580057EA08070CBF012700276DE700FB02FC81
:10606800A1FB0012013362448C4275EB020CF5D29D
:10607800049ADDF828B01344259A1344D20F9342AA
:10608800B8BF13469B45A8BF9B4670E70A2100226C
:1060980001230846E8E70AFB03F0A2FB0A230131C3
:1060A8000344944275EB0300F5D2594510DDBBF16A
:1060B800000F02D154EA05030AD00123069371E7C1
:1060C8000A2200230121ECE7CCFBFFFFCDCCCCCC8E
:1060D800002E2FD04FF00A0A129B13990D931846E1
:1060E800FFF74EFE0D9B0C910AFB00F29A42814687
:1060F80020D1DDE91001FFF743FE0E900D912046F7
:106108002946FFF73DFE0D9B0E9A1092CDE91139F5
:106118000C9B1393079BB8F1000F14BF002707F0DF
:10612800010701330AFB10485FFA88F80793044611
:106138000D46D1E7DDF81090079B9944002F5AD0FF
:10614800B8F1050F57D114F001034AD1069A32B9B4
:10615800DDE912239D4208BF94425FD0069B1819BF
:106168004FF00A0445F10001002201262546A0420D
:1061780071EB020755D2EBB1B3451BDA0B9B6BB140
:10618800259ADDF828B006EB09031344012BB8BFA4
:1061980001239B45A8BF9B465E450BDD05304FF0AC
:1061A8000A024FF0000341F10001FAF7B3FE09F1CA
:1061B8000109013E5E45A8BF5E4637B20FFA89F96C
:1061C800059B09FA86F607F10508013E98444FF049
:1061D8000009B9452CDB059B1A461E60099B137103
:1061E80000E6069B2BB9DDE912239D4208BF9442C5
:1061F80009D00123B3E7069B53B9DDE912239D4279
:1062080008BF944204D1089B002BF2D1002EF0D095
:10621800B8F1040F94BF00230123A0E74FF004084E
:10622800F1E705FB02F7A4FB054201363A449EE775
:106238000A220023FAF76EFE303208F8012D09F120
:106248000109C6E7014B5843800C704741340100EF
:10625800014B5843000D7047FB2E0B00024B58436F
:10626800C00C0130704700BF4F9312000A4A70B546
:1062780003464FF0CC3600204FF0333506FB03F4CD
:1062880002FB0144A3FB023121449D4275EB01044A
:1062980001D30130F2E770BDCDCCCCCC2DE9F04F65
:1062A8001A23354EB0FBF3FA03FB1A0389B00446F0
:1062B8000D4606EB0A1653B9D6E90023C1E90023B7
:1062C800D6E90201C5E9020109B0BDE8F08F2B4A01
:1062D80002EBC303D3E9008904AB0093D6E9022398
:1062E8004046494601F044FB06AB0093D6E900233B
:1062F80083460F464046494601F03AFBDDE906620F
:1063080016EB0B0652EB07084FF0000328BF0123DA
:10631800814633B1049B059A013342F10002CDE96D
:10632800043220460391FFF799FF07461A2000FB25
:106338000AF0FFF793FF3F1A324643460399009746
:10634800484601F030FB4FEA141C0D4A640004F083
:106358001E0352F82C40DC4004F00304241841F1D9
:106368000001C5E90041DDE90423009730464146B4
:1063780001F019FBA6E700BF5881000888800008D3
:10638800708600082DE9F04F1A27DFF8E4A000F125
:106398001905B5FBF7F56F433A1A4FEA051B89B0A3
:1063A80004460E460AEB05150AD1D5E90023C1E9D2
:1063B8000023D5E90201C6E9020109B0BDE8F08F62
:1063C8002C4B03EBC203D3E9008904AB0093D5E956
:1063D80002234046494601F0CBFA5AF80B206B6875
:1063E800013ACDE9020106A963F100030091404694
:1063F800494601F0BDFADDE906528A4602996D1850
:10640800039952EB01084FF0000328BF012381468E
:1064180033B1049B059A013342F10002CDE90432FD
:106428003846FFF71BFF07462046FFF717FF3F1ABE
:106438002A46434600974846514601F0B4FA4FEAC7
:10644800141C0D4A640004F01E0352F82C40DC4072
:1064580004F003040134241841F10001C6E90041A5
:10646800DDE9042300972846414601F09CFAA2E79B
:106478002882000888800008C4860008C0F3C75333
:106488007F3B162B10B5014614DC002B07DA0133CD
:1064980000F0004101D141F07E51084610BD084A84
:1064A8001A410242F9D04FF480011941014421EA0E
:1064B8000201F2E7802BF0D1FAF75EFA0146ECE729
:1064C800FFFF7F007047F0B41346D402876806695F
:1064D80006D512F4402F03D0DA0748BF83F44023CF
:1064E800346801258D4023F48012DB074CBF2C4310
:1064F800AC4334603B68F0BC184708B501F00DF9AF
:106508000A220023FAF706FD08BD03460A4600687A
:106518001979012303FA01F103691B68194218BFAD
:1065280082F0010212B18368DB68184783681B692F
:10653800FBE7C2880A4301790068FFF7C4BF0A2154
:1065480080FB010101F087B803460A460068197903
:10655800012303FA01F103691B68194218BF82F08D
:10656800010212B18368DB68184783681B69FBE77F
:1065780000EBC100408840087047F8B50346FFF7B4
:10658800F7FFB0FA80F0C0F11F0003EB800CCA00DF
:10659800DCF81060171D0C4606328DB256B9012181
:1065A80001FA00F0D9680143D960CCF81040DD53F6
:1065B8009D52F8BDF1000431585AD85303EBC0007E
:1065C8009E52C5805D52F4E7043A2DE9F041CC1D96
:1065D800114424F0070421F007010E1BF708B7FA4D
:1065E80087F2C2F12405AD004FF000080735C2F16B
:1065F8002002ED0804604146A760C4F80C809200B0
:1066080004F1100001F0BDF86B0043F00103638052
:1066180004EBC5027B1B5900A4F800805180A21925
:1066280024F83550A2F80280A35304EBC703294687
:106638005A8842F001025A802046BDE8F041FFF72F
:106648009CBF002070470FB407B504A951F8040B8C
:106658000191FBF783FD03B05DF804EB04B07047CC
:10666800704701F08EB801F07EB801460068FBF76C
:1066780045BE08B5FBF772FEBDE80840FBF792BEC1
:1066880000210120FBF73ABE08B5FCF71FF9FBF71C
:106698000DFEFBF717FEFCF77DF9FDF7C7FE6FF05F
:1066A8008500704761B662B680F31188BFF36F8FBB
:1066B800704772B6002383F31188BFF36F8FBFF35F
:1066C8004F8F30BF62B6BFF36F8F7047202809D94C
:1066D800B0F1004F08D80138B0FA80F0C0F11F00BF
:1066E80040007047082070473E20704708B5FCF707
:1066F800C5FA002008BD08B5062201210020FCF7D4
:10670800E3FA002211460620FCF7C8F801210846E2
:106718000722FCF7D9FA002211460720FCF7BEF839
:10672800082201210220FCF7CFFA00221146082096
:10673800FCF7B4F8092201210320FCF7C5FA00226E
:1067480011460920FCF7AAF80A2201210420FCF7C7
:10675800BBFA002211460A20FCF7A0F805210846DA
:106768001622FCF7B1FA002211461620FCF796F81B
:10677800292206210A20FCF7A7FA0022114629201F
:10678800FCF78CF8002008BD01F01F0101208840AB
:10679800704700F00302043292000F23934043EA4B
:1067A800900010B500F003039B0003F1804303F54C
:1067B8008033020C9C6892FAA2F2B2FA82F202F0DA
:1067C8000F0224EA104091400143996010BD08B5BA
:1067D800002212201146FCF761F8BDE8084012209B
:1067E800FCF74EB80268936823F0004323F01703C0
:1067F80043F0004393609368002BFCDB7047D0E9BB
:106808002432C0F898205B681A68936823F0004324
:1068180023F0170343F004039360704710B4034652
:106828000838BFF35B8F50E8002F511C40E8001474
:10683800002CF8D1BFF35B8F12B910BCFFF7DFBF94
:106848006FF00F0210BC9A65704738B58368DA0795
:10685800044612D401230360836823F0004323F025
:10686800170343F0010383600A252368DB0704D478
:10687800642000F0F8FD013DF7D138BD8368DB07DF
:1068880018D5836859070AD5836823F0004323F095
:10689800170343F01003836083685A07FCD48368A6
:1068A80023F0004323F0170343F002038360836857
:1068B800DB07FCD470474FF0B0431868C0F3802062
:1068C80070470B88C3F30B0303F6B872C2F30B02CD
:1068D8001C2A82B010D803F1B04348681A680243F2
:1068E8001A600B88C3F30B0303F1B04300201B6845
:1068F8000193019B02B070476FF08500FAE70B889F
:10690800C3F30B0303F6B872C2F30B021C2A9FBF32
:1069180003F1B04349681A688A439ABF00201A6095
:106928006FF08500704701380A2809D840F2EF63F4
:10693800C34013F0010F14BF00206FF085007047AB
:106948006FF08500704738B50888C0F30B00FFF773
:10695800EAFF00281EDB4A68FF2A1AD090B2C2F369
:10696800415500F1B04001350123AB400468C2F342
:106978000442013B934024EA030303604A6891B24E
:1069880001F1B041130E0868C2F304429340034377
:106998000B60002038BD0888C0F30B0008B500F66E
:1069A800B873C3F30B031C2B08D800F1B0404B6835
:1069B8000268934314BF0120022008BDFFF7B3FF0C
:1069C800002814BF01200220F7E77047704743688A
:1069D8005B681B690B600020704743685B685869F7
:1069E80042400A4042405A610020704743685B6851
:1069F80000209961704743685B680020996270477E
:106A080043685B685A69514059610020704710B566
:106A180003699868F8B1884219D1DC6808689860F9
:106A2800A14200D1D860002008602AB19A680A60A3
:106A3800DA68996002B9D960002010E0814206D175
:106A480008682060D8688142EDD1DC60EBE7044635
:106A580000680028F2D1002AE8D16FF0150010BDB7
:106A6800F0B544680120676888401E46C2F3801369
:106A780027EA00078B403B43636090FAA0F7B7FA18
:106A880087F7D4F808C04FF0030E7F000EFA07F717
:106A98002CEA070C90FAA0F7B7FA87F7C2F3C113EC
:106AA8007F00BB4043EA0C03A36090FAA0F3B3FA5B
:106AB80083F3E7685B000EFA03F327EA030790FA0B
:106AC800A0F3B3FA83F302F030055B00C2F341226E
:106AD8009A403A43202DE26016D107292BD890FA24
:106AE800A0F3226A2BB3B3FA83F39B000F2101FAB8
:106AF80003F322EA030290FAA0F3B3FA83F39B00AC
:106B080006FA03F31343236290FAA0F3B3FA83F36C
:106B1800226890FAA0F05B000321B0FA80F02D09FA
:106B280001FA03F3400022EA030385401D43256070
:106B3800F0BD2B46D9E7030A616A93FAA3F282B142
:106B4800B2FA82F292000F2793FAA3F3B3FA83F30F
:106B580007FA02F29B0021EA02029E40164366628F
:106B6800D2E72A46EEE712F4003CF8B50C46134685
:106B78001DD0960714D555075CD55022D90611D5D6
:106B880042F4007203F4C061B1F5806F42D0B1F5F0
:106B9800C06F19D0B1F5007F18D142F0800215E01E
:106BA8001022EBE79F06EDD542F48062EAE7D603B0
:106BB80005D5D50605D4C2F340129202E2E7302289
:106BC800E0E74FF40072DDE742F4C07213F4403698
:106BD800056908D02F6927FA04F1C9075FBF0121A9
:106BE800A14039432961BCF1000F06D01F03416859
:106BF80013D549680123A3408B61406800232146CF
:106C0800FFF72EFF26B92B6923FA04F2D2070BD41B
:106C18000020F8BD42F48072D8E75F0341BF01232A
:106C28004968A3408B62E8E70122A24023EA0203F5
:106C38002B61EDE76FF08500EBE770B50B468968CF
:106C4800054611B15E680C6801B970BD8A682A40B2
:106C580002D04B68304698471CB1236821461C4631
:106C6800F2E72346FAE7F8B51F46044640680E46A1
:106C78001546FFF7F5FE112F08D1012303FA06F692
:106C880063685B682A054CBF9E619E620020F8BD60
:106C9800036993F850201AB11B6A0B6000207047F3
:106CA8006FF00400704708B5002211462020FBF75A
:106CB800F5FD2020FBF7E4FD002221201146FBF71B
:106CC800EDFDBDE808402120FBF7DABD2DE9F743CB
:106CD80098460B7A066943F0040315460B7207467B
:106CE8000C460B460122AA420AD906F110094FF0B8
:106CF800FF324FF0FF334846FDF7FCFC002620E04A
:106D08000AD2197A187D81EA000C1CF0010F01D013
:106D180040071FD589071DD401320C33D2B2E2E7F0
:106D2800012D14BF04F114030023CDE900383846BF
:106D380094E80E0000F0B0F8061E04DB013D0C34A8
:106D4800EDB2002DECD14846FDF7A0FC304603B06B
:106D5800BDE8F0836FF01506F8E742680369D2686A
:106D680083F8521019B9136823F44013136070475D
:106D780000F021B800F06EB843680169DB681A6852
:106D880022F002021A601A6822F004021A601A68D5
:106D980022F020021A601A6822F010021A601A689B
:106DA80022F040021A6091F851201AB91A6822F0AC
:106DB80080021A60704710B543680469DB689A69F5
:106DC800D10607D5DA6942F01002DA610122A2631E
:106DD8009B6910BD91060CD5DA6942F02002DA6190
:106DE80001229A61FFF7C8FF2046BDE81040FDF771
:106DF8004DBC510709D5E26C596A1170A26C013A71
:106E0800A264E26C0132E264E2E7110612D5A16CD9
:106E18005A680029E6D0FF2901D95A60D8E722F438
:106E28007F0242EA014294F840100029F5D122F08D
:106E38008072F2E7910703D5E26C12789A62DDE777
:106E48005106C5D5626C127A9207CBD55A6842F4BE
:106E58008042E2E710B543680469DA6893699B05E4
:106E68000DD5D36943F40073D36101236363FFF73E
:106E780083FF2046FDF70AFC6FF0040010BD9369FC
:106E880013F4807306D0D36943F48073D36101236C
:106E9800E363ECE71846F1E7F0B585B001AD85E8A6
:106EA8000E0043680269D968029B9364019BD3640E
:106EB8000023C2E90D33D363012355648B610B684A
:106EC800BDF82C400A9E43F001030B604B68156A1D
:106ED8008F6923F07F7323F44233ED0723F47F7324
:106EE8009DF80C5023F0030346BF44F40064234389
:106EF80043EA440315F0020447D1002E47D0367800
:106F0800760702D443F08073012482F84040029C43
:106F1800FF2C86BF43F0FF7343F4803343EA0443F6
:106F28003E0610D4EC0734D4946C44B1D46C247865
:106F38008C62946C013C9464D46C0134D46423F462
:106F4800806343F400534B600B6843F0F6030B6017
:106F58009DF80C5004694668002341F288322046A7
:106F6800FDF7C8FBA36BBBB9636B184314D194F846
:106F7800513043B915F0020005D01846F26813687D
:106F880023F00103136005B0F0BD0024BDE73446CB
:106F9800BBE743F48063D4E76FF00400EEE730B555
:106FA800036813600579046804EBC504A34202D39F
:106FB8006FF0010030BD5C798C4201D00833F0E7F6
:106FC8000020F7E74368C1F34B101B6801F01F016D
:106FD800C05801238B40034214BF012300231370C0
:106FE8000020704710B54368C1F34B101A6801F0D0
:106FF8001F01845801238B4023438350002010BD78
:1070080010B54368C1F34B14186801F01F012358E9
:1070180001228A4023EA02032350002010BD38B51C
:1070280004460D46FFF7DEFF29462046FFF7E8FF36
:10703800002038BDB0F5805F07D0B0F1805F09D17E
:10704800002914BF012002207047002914BF032023
:1070580004207047002914BF0220032070474368AA
:107068001B68D869DA69D107DA69C0F3C00048BF7C
:1070780040F002009207DA6948BF40F00400510767
:10708800DA6948BF40F02000D20542BF4FF4807251
:1070980040F008001A62C10744BF08221A6282073A
:1070A80044BF01221A62410744BF02221A628206C3
:1070B80044BF04221A62704743681A6852E8003FC6
:1070C80043F0400342E800310029F7D17047436894
:1070D8001A6852E8003F23F0400342E800310029D3
:1070E800F7D1704743681A6852E8003F43F020031D
:1070F80042E800310029F7D1704743681A6852E81E
:10710800003F23F0200342E800310029F7D17047FF
:1071180043681B68D869C0F3401070470120704766
:107128000369C3E902127047026993680BB1D16819
:107138001847704708B5002224201146FBF7AEFB1C
:10714800BDE808402420FBF79BBB08B50022262099
:107158001146FBF7A3FBBDE808402620FBF790BBD0
:1071680043681B68D869C0F38010704743681B6880
:10717800D86910F080001CBF1868C0F380107047F1
:1071880010B50269526812680A604268126812688B
:1071980002F4C062B2F5806F04460B4633D0A2F504
:1071A800C060424242411A7162681268526802F431
:1071B8004052B2F5805F28D0B2F5405F27D0002A50
:1071C8000CBF012203225A716268126810681168A4
:1071D80000F0102001F4C061FFF72CFF987162687D
:1071E8001268926802F44072A2F540714A424A411C
:1071F800DA7161680968896811F4804F18BF032241
:10720800DA71002010BD0222CDE70022DBE702225E
:10721800D9E738B543681B680C461868196800F048
:10722800102001F4C061FFF705FF04281AD0D869BF
:1072380010F0800015D0EFF31181102080F3128830
:10724800BFF36F8F0020151A002D06DDDD692D06AE
:1072580003D5255C9D620130F5E781F31188BFF302
:107268006F8F38BD6FF08500FBE710B543681B686A
:107278001020DA691206FCD5EFF3118280F3128828
:10728800BFF36F8FDC69240604D482F31188BFF33F
:107298006F8FEEE7996282F31188BFF36F8F10BD8D
:1072A80043681B68DA69910602D51A68920607D402
:1072B800D86910F0400004D01868C0F380107047F7
:1072C8000120704738B543681B680C461868196870
:1072D80000F0102001F4C061FFF7ACFE042810D0C4
:1072E80000200821151A002D0DDDDD69AD060AD52F
:1072F8005D6A2554DD692D0700F10100F2D5196298
:10730800F0E76FF0850038BD43681B68DA6910073D
:1073180044BF08221A62DA69920643BF5B6A0B709F
:1073280000204FF0FF3070472DE9F0410A790369DA
:10733800D0F804805E68012A04460D4611D0901EDC
:1073480047424741BF0269794046FCF7DFFBAB790A
:10735800022B09D0042B33D0131E18BF01231B03A3
:1073680006E04FF4C067EEE7B2FA82F35B091B0749
:10737800EA79D8F80010012A14BF4FF0000C4FF436
:10738800407CAE421FD10A6822F0805222F4B052EB
:107398003A431A430A604B6823F4405303434B6053
:1073A80063681A68936823F4407343EA0C03936094
:1073B80031682046FCF726FC00EAE070BDE8F08161
:1073C8004FF48053D4E7D1F800E00EF4C06E77454F
:1073D8001FBFD1F800E02EF4C06E4EEA07070F6019
:1073E80061680F68796801F4405188421FBF796865
:1073F80021F440510143796061680868016801F02F
:1074080010218B421FBF016821F010210B4303603C
:10741800636819688B6803F440739C451FBF8B68C9
:1074280023F4407343EA0C038B6063681B68996814
:10743800490405D5032A09D09A6822F4804204E059
:10744800032A03D19A6842F480429A602968336813
:10745800994206D02046FCF7D5FB0028AEDB2B6806
:1074680033600020AAE738B5044648B1FCF742FE6D
:10747800302305465C43FCF73DFE431BA342FAD389
:1074880038BD10B5436904463BB90020E26853781B
:1074980043F001035370404210BD98470028F4D0D0
:1074A8000028B8BF4042E368FF28A8BFFF20187033
:1074B800ECE740B1C368587810F001001EBF187897
:1074C800B0FA80F040097047EFF31183102383F37B
:1074D8001288BFF36F8FFEE708B5FFF7F5FF08B511
:1074E8001024EFF3118384F31288BFF36F8FFFF733
:1074F800E0F8F6E7D0E9003213605A60427B0023D7
:1075080022F00202C0E9003342738360704713B56A
:1075180001240094FCF7F0FF02B010BD3AB18A4292
:1075280005D3C0E90212C0E90000002070476FF0DF
:1075380015007047D0E9003213605A600023C0E993
:107548000033704708B5FFF7F5FF437B23F00203CC
:1075580043730023836008BD38B504460D46FDF724
:10756800A1F9637B43F002036373E5B1A5602B685F
:107578009D4209D16B68C4E900531C606C6012E03D
:107588006A689A42F6D01B68002BF3D094F90E2053
:1075980093F90E108A42F3D09142F1DD5A68C4E99A
:1075A800003214605C6038BD10B5EFF3118410230D
:1075B80083F31288BFF36F8FFDF732F984F31188D4
:1075C800BFF36F8F10BD08B5EFF31181102282F35E
:1075D8001288BFF36F8F83680BB1FFF7B3FF81F396
:1075E8001188BFF36F8F08BD10B50146EFF3118402
:1075F800102383F31288BFF36F8F437B13F0280F98
:107608000AD183680BB1FFF79DFF4B7B23F004037E
:107618004B730846FDF704F984F31188BFF36F8FA5
:1076280010BD01211838FFF7DFBF08B50346EFF397
:107638001181102282F31288BFF36F8F0068834292
:1076480007D008B1FFF77EFF81F31188BFF36F8F72
:1076580008BD0020F8E738B504460D46FDF77EFA68
:10766800B5F1FF3F08BFB4F1FF3F0346204610D0F5
:1076780013F109004FEAE37141F100010A220023E6
:10768800F9F748FCB0F1004F71F1000128BF6FF025
:10769800004038BD08B50246FDF7ECFB70B1D0E9F3
:1076A80004319B1A61EBE272B3F1004F72F10001F1
:1076B80004DA002AACBF1846002008BD6FF000406D
:1076C800FBE738B50246EFF31185102383F31288E0
:1076D800BFF36F8F0368CBB1FDF7CCFB04461046B0
:1076E800FDF7DAFB00224FF000438442C0E904238F
:1076F80006D1FDF7C7FBFFF7CDFF0021FCF768FCBB
:10770800002085F31188BFF36F8F38BD6FF0150027
:10771800F7E708B5FDF7CCFC08BDFDF7C9BC10B507
:107728000446FFF7CEFFA8B9636A0BB12046984715
:1077380004F11800FFF779FF60B1FFF735FFEFF3A9
:107748001180102383F31288BFF36F8FBDE81040B8
:10775800FDF75CB910BD10B400F10C04C0E9034496
:1077680010BCFEF731BF0A44914200F1FF3300D14B
:10777800704710B511F8014B03F8014F9142F9D148
:1077880010BD02440346934200D1704703F8011B21
:10779800F9E710B5024601448A42134603D01C7823
:1077A8000132002CF8D1181A10BD2DE9F047C3F1A9
:1077B8003709074688465FFA89F903F01F05164618
:1077C8004FF0000A384641462A465346F9F7A2FBCD
:1077D800D4B2092C88BF4C443A46434688BFE4B229
:1077E800AA4204F1300473EB0A0306F8014B07467A
:1077F8008846E7D23046BDE8F0872DE9F04F87B0DC
:107808000618994602AB41EB010400931546304631
:10781800D2E900232146DDF844B000F0A9F804AB12
:107828000093D5E90223074688463046214600F0F2
:107838009FF8DDE90263841951EB0306049BD5E93F
:1078480000014FF0000228BF0122D218059B43F126
:107858000003381848EB0101B84271EB0801D5E97B
:1078680002C134BF0120002014EB0C0C46EB0101CF
:1078780010EB0C0041F10001A04271EB060C34BF83
:107888004FF0010C4FF0000CCDE90423A9F1410A97
:107898001CEB020243F10003CDF800A000F083F8CE
:1078A800109BC3E90001129B012BDDE9042329D1B8
:1078B800D5E90201D5E900C5201A66EB0101674543
:1078C80078EB050534BF01250025401B61F1000157
:1078D800844276EB010534BF01250025521BCDF803
:1078E80000A063F1000300F05EF8DDE90423CBE9B2
:1078F8000001CDF800A02046314600F054F807B04A
:10790800BDE8F08F17EB070E48EB080C201946EB83
:107918000601BE457CEB080834BF01270027C719BC
:1079280041F10008D5E9000186457CEB010CD5E959
:10793800021534BF01200020381A68F1000C401AE3
:107948006CEB050192185B41A74278EB060534BF42
:1079580001250025521943F10003874278EB0108FD
:1079680034BF01250025521BA9F140050095B8E751
:10797800F0B50F460446A0FB0201A7FB02524919C5
:10798800A3FB044542F10002A7FB0373611845F10C
:107998000004D219059E43F10003121943F10003B4
:1079A800C6E90023F0BDF0B5059CC4F14007C4F159
:1079B800200602FA06F6A4F12005BB4022FA05F5D6
:1079C8003343C4F120062B4301FA06F6A4F120053F
:1079D800E04021FA05F53043BA402843E14010431E
:1079E8001943F0BD2DE9F0410446CD0FC1F30A500B
:1079F800C1F3130154EA0107157140F2FF7607D06D
:107A0800B0420CD145F0080515710020BDE8F081A1
:107A1800002863D0B0425ED145F00405F4E70028A1
:107A280059D10120A0F2FF30002B106059DB0C2B3C
:107A380059DCC3F10D05AD00012005F1FF3CA5F1AE
:107A48002107C5F1210620FA06F600FA07F700FA21
:107A58000CF03743061847EB0708D6F1000E68EB21
:107A6800480C013E48F1FF38264008EA0108B042B8
:107A780077EB08080FDBC5F12008B5F1200601FAFD
:107A880008F824FA05F545EA08055CBF41FA06F648
:107A98003543ED0703D52018044641EB070104EAF6
:107AA8000E0401EA0C019DF81860123218460D25E3
:107AB800C6F127064FF0300E04F00F03240944EAFC
:107AC800017405F1FF3C0911571EB3B9A8420CDA3D
:107AD80065463A46F0E741F48011A3E704460146BB
:107AE800A2E70023DFE70D23DDE782F800E01CF1C1
:107AF800010365463A46DFD188E7092BC8BF9B19C1
:107B08003033A8421370B8BF2846F0E70148006830
:087B1800704700005C0400202E
:087B20005694FF7F01000000F4
:107B280000000000B07B0008C92100080000000028
:107B3800695200080000000000000000D07B000827
:107B480000000000707C000800000000307C000885
:107B580000000000507C000800000000F07B0008D6
:107B680000000000107C0008FF660008000000000C
:107B780000000000907C000800000000B07C0008B5
:107B8800C936000800000000513F0008000000004E
:107B9800AD2C00080000000000000000D07C0008A8
:087BA80000000000F07C000861
:107BB000A28F000800000000887F0008200100203C
:107BC000000000000D35000800000000000000006B
:107BD000F48F000834850008787F00082C0100200D
:107BE0000000000000000000000000000000000095
:107BF000778F000800000000000000001C0100203A
:107C000000000000612E00080000000000000000DD
:107C1000AF8F0008348400083C7F00082201002058
:107C2000FC040020C937000800000000000000002C
:107C3000BD8F0008488400083C7F00082401002014
:107C400010050020C93700080000000000000000F7
:107C5000CB8F00085C8400083C7F000826010020D0
:107C600024050020C93700080000000000000000C3
:107C7000D98F0008708400083C7F0008280100208C
:107C800038050020C937000800000000000000008F
:107C90000590000838850008A47F00082E01002008
:107CA000C0000020B53D00080000000000000000FA
:107CB0001590000888850008A47F00083001002086
:107CC000D8000020B53D00080000000000000000C2
:107CD000958F00087C830008307F00081E0100207B
:107CE00000000020D5300008000000000000000067
:107CF000E78F000884840008607F00082A010020C4
:107D00004C0500207538000800000000000000004D
:107D10000000000089660008000000008966000875
:107D20000000000089660008000000008966000865
:107D30000000000089660008000000008966000855
:107D4000758F0008E92C0008738F0008E92C0008E3
:107D5000718F0008E92C00086F8F0008E92C0008DB
:107D60006D8F0008E92C00080000000089660008FB
:107D70000000000089660008000000008966000815
:107D80000000000089660008000000008966000805
:107D900000000000896600080000000089660008F5
:107DA00000000000BD2F00080000000089660008E8
:107DB00000000000896600080000000089660008D5
:107DC0006B8F0008E92C000800000000896600089D
:107DD00000000000896600080000000089660008B5
:107DE00000000000896600080000000089660008A5
:107DF0000000000089660008000000008966000895
:107E00000000000089660008000000008966000884
:107E1000F07C0008796D0008F07C00087D6D00089A
:107E20000000000089660008000000008966000864
:107E3000B07C00083171000800000000896600086D
:107E4000907C00083171000800000000896600087D
:107E50000000000089660008698F0008E92C00080E
:107E60000000000089660008000000008966000824
:107E70000000000089660008000000008966000814
:107E80000000000089660008000000008966000804
:107E900000000000896600080000000089660008F4
:107EA00000000000896600080000000089660008E4
:107EB00000000000896600080000000089660008D4
:107EC00000000000896600080000000089660008C4
:107ED00000000000896600080000000089660008B4
:107EE00000000000896600080000000089660008A4
:107EF0000000000089660008000000008966000894
:107F00006001002040070020000200004920000816
:107F10000000000000000000000000000100000060
:107F200000000000548B000800000000000000006A
:0C7F3000E92E000809320008E40C0000F3
:107F3C006F6B0008D7690008E3690008F569000851
:107F4C00FF690008096A000819370008176A000859
:047F5C000000000021
:107F600001380008996C0008D56C0008000000007A
:087F7000000000000000000009
:107F7800CD6F0008ED6F0008097000082770000831
:107F8800CB680008076900080000000059340008A1
:0C7F98009F690008000000004F6900080D
:107FA400117300087372000867700008CD3C000864
:107FB400897100081B720008CD720008C1700008A6
:107FC400D770000875710008ED700008037100088F
:107FD40069710008197100084D3B0008953B0008C1
:0C7FE400A972000825710008297100082E
:107FF0000000000001000000020000000904000071
:10800000000009040000050000000000000000005E
:108010000000000000000000000000000000000060
:108020000000000000000000000000000000000050
:108030000000000000000000000000000000000040
:108040000000000000000000000000000000000030
:108050000000000000000000000000000000000020
:108060000000000000000000000000000000000010
:108070000000000000000000000000000000000000
:1080800000000000000000000100000000000000EF
:1080900005000000000000001900000000000000C2
:1080A0007D000000000000007102000000000000E0
:1080B000350C000000000000093D00000000000039
:1080C0002D31010000000000E1F505000000000076
:1080D00065CD1D0000000000F902950000000000C1
:1080E000DD0EE90200000000514A8D0E0000000084
:1080F0009573C24800000000E941CC6B010000000C
:108100008D49FD1A07000000C16FF28623000000B0
:10811000C52EBCA2B1000000D9E9AC2D7803000047
:108120003D9160E45811000031D6E275BC56000064
:10813000F52E6E4DAEB10100C9EA268367780800BE
:10814000ED95C28F055A2A00A1EDCCCE1BC2D300FB
:1081500025A4000A8BCA22040000000000000000D1
:1081600000000000000000100000000000000000FF
:10817000B9340332B7F4AD1410DB1AB30892540EBD
:108180000D307D951447BA1A66088F4D26ADC66D21
:10819000F598BF85E2B74511CA96853D92BD1DEBA6
:1081A000FCA11860DCEF52163C92AE220BB8C1B4B1
:1081B000839D2D5B0562DA1C304C7E8F4E8BB25B4B
:1081C00016F4529F8B56A512FBD4827643ED8AF0AB
:1081D0008FE7F9311565191850F19BD94A13EEB4A0
:1081E000284CF0A686C1251F035FC270CB9E49169E
:1081F000E642889C44EB2014B0650836AD6EA58538
:1082000085F0CA14E2FD031A0B899979D5B13D09AD
:10821000D8DA973A35EBCF10AC363F5E73BB38CF28
:108220003E6752FA44AFBA1501000000000000009A
:108230000000000000000020345065C05FC9A65255
:10824000BB13CBAEC440C21806C8DF7100D5A87CF2
:10825000F56F0FDA58FC27136E4756357D242065DD
:1082600002C7E768E48CA41DE9E60268D7CD39614E
:108270007977FCC2405BEF16798CDE43FFA751F99A
:1082800091F3B278F5BDBE11E857E9D6E8BEE87BB8
:10829000B054AC8F848D751BEA23A499E9F9D38B74
:1082A000B7A3714061DA3E15CEE33ECB73F94808BF
:1082B0008C97B427D51B7010A2BFEFB9EB85321590
:1082C0004DB44DB49BBB6F1996B6076CF8E7EEAD95
:1082D00036D9B4F59135AE13222218AF4E6A684DE7
:1082E00091DAAA3D4F40741E9FBD9EE006A1C09842
:1082F00057C2A7FDA40E90170E7D497173E3208F1E
:10830000B220D87605143B12853D7434811343B0F6
:10831000AD297A5F27F4351C507C00080B00000063
:10832000507C000809000000507C00080F0000008D
:10833000707C000809000100507C00080A00010060
:10834000507C000808000100707C0008000011004B
:10835000000000200000000000000B0602000000EA
:1083600064830008000000085A8F000822000206FB
:1083700000000020628F00081E000B110024014045
:10838000D767000860000000000200000000000045
:10839000000000000000000000000000000000805D
:1083A000CC8300080200040008000D00140028001F
:1083B0005000A10002000101000400000C636000F5
:1083C0000C6351000C6342000C633300D48300083B
:1083D00001000000DC830008020000003002000001
:1083E00000000000B00300000000000000000000DA
:1083F0000000000004000000080000000C00000065
:108400001000000014000000180000001C00000014
:10841000000000002000000040000000600000009C
:1084200080000000A0000000C0000000E00000008C
:1084300000010000FFFF0000001C004807000000D2
:108440004C00000080000000FFFF00000008004812
:10845000020000004C00000004000000FFFF0000CC
:1084600000040048010000004C0000000200000071
:10847000FFFF000000000048000000004C0000006A
:1084800001000000AF6C0008A48400080100000097
:1084900000580040801A0600AC840008CC84000814
:1084A000000000005800000000004000B4840008F4
:1084B00001000000BC8400080200000084010000EC
:1084C000400200006401000040020000707C0008CF
:1084D000507C0008307C0008000000000000000014
:1084E0000000000000000000107C000800000000F8
:1084F000000000000000000000000000000000007C
:10850000000000000000000000000000000000006B
:10851000000000000000000000000000000000005B
:10852000000000000000000000000000000000004B
:10853000000000000000005800800040D07B0008D0
:1085400080070000608500080100000000000000B6
:10855000000000000000000068850008537100085A
:108560005C000000010000007085000801000000B0
:1085700078850008020000004800000000020000AA
:10858000680000000000000000380140D07B0008B7
:108590000E080000B0850008010000000000000087
:1085A0000000000000000000B88500083D710008D0
:1085B0006000000000400000C085000801000000CD
:1085C000C885000802000000C70200000002000089
:1085D000E702000000000000A0860100400D03003B
:1085E000801A060000350C0040420F0080841E00F7
:1085F00000093D0000127A000024F40000366E01EC
:108600000048E801006CDC020000000000000000EF
:108610000000000000000000010000000300000056
:10862000050000000100000001000000060000003D
:108630000A0000002000000002000000040000000A
:108640000800000010000000400000008000000052
:108650000001000000020000287B0008287B0008C1
:10866000907B0008987B0008B07B0008B07B000876
:1086700000000000000000000000000000000000FA
:108680000000004095596959555554551555555692
:10869000040515411054554045515544404550443A
:1086A0005055554500400040400444966555565588
:1086B00045404554514115405591555555554051EA
:1086C000050100005445545445550504001004109C
:1086D00014044000000001405555154154040000A9
:1086E0004400010000000040410000445044455057
:1086F000540055555455655100400040010000019B
:1087000000050100115451515455550500154150B3
:1087100000000440100104050000000001000200F8
:108720000400060008000A000C00100020004000B1
:1087300080000001534F494C204D4F49535455522E
:10874000453A20252E316625250A004C6967687454
:108750003A20252E316625250A004750533A202518
:10876000730A00434F4C4F522053454E534F523AD9
:1087700020436C6561723A202564205265643A207A
:10878000256420477265656E3A20256420426C7529
:10879000653A2025640A00414343454C45524F4DFC
:1087A00045544552533A20585F617869733A202501
:1087B0002E32666D2F73C2B22C20595F61786973B7
:1087C0003A20252E32666D2F73C2B22C205A5F617B
:1087D0007869733A20252E32666D2F73C2B20A0073
:1087E00054454D502F48554D2054656D706572614C
:1087F000747572653A20252E3166C2B0432C095239
:10880000656C61746976652048756D696469747911
:108810003A20252E316625250A0A004C4544207051
:108820006F727473206E6F742072656164790A00D0
:10883000693263206E6F742072656164790A007515
:10884000617274206E6F742072656164790A0061D0
:108850006463206E6F742072656164790A006164DC
:10886000635F6368616E6E656C5F736574757020BD
:108870006272696768746E657373206572726F7275
:108880003A2025640A006164635F6368616E6E6507
:108890006C5F7365747570206572726F723A202513
:1088A000640A005247422073656E736F72207265CE
:1088B000616420206572726F722025780A006163FE
:1088C00063656C65726F6D657465722073656E7338
:1088D0006F722072656164206572726F720A007433
:1088E000656D7020262068756D2072656164206555
:1088F00072726F720A000A0A486F75726C7920757D
:1089000070646174653A0A000974656D706572611E
:1089100074757265206D696E696D756D202D2025E9
:108920002E3166C2B0430A0974656D706572617458
:10893000757265206D65616E202D20252E3166C211
:10894000B0430A0974656D70657261747572652053
:108950006D6178696D756D202D20252E3166C2B050
:10896000430A0A000968756D6964697479206D6944
:108970006E696D756D202D20252E316625250A091D
:1089800068756D6964697479206D65616E202D204C
:10899000252E316625250A0968756D696469747923
:1089A000206D6178696D756D202D20252E3166252D
:1089B000250A0A00096C69676874206D696E696D23
:1089C000756D202D20252E316625250A096C6967D5
:1089D0006874206D65616E202D20252E3166252559
:1089E0000A096C69676874206D6178696D756D201E
:1089F0002D20252E316625250A0A0009736F696C22
:108A0000206D696E696D756D202D20252E316625CE
:108A1000250A09736F696C206D65616E202D202514
:108A20002E316625250A09736F696C206D6178699E
:108A30006D756D202D20252E316625250A005245A5
:108A4000442077617320646F6D696E616E7420637A
:108A50006F6C6F720A00475245454E207761732054
:108A6000646F6D696E616E7420636F6C6F720A0063
:108A7000424C55452077617320646F6D696E616E5D
:108A80007420636F6C6F720A004D696E696D756D4D
:108A90002076616C756573206F6620585F61786918
:108AA00073202D20252E32666D2F73C2B220202018
:108AB000595F61786973202D20252E32666D2F73E2
:108AC000C2B22020205A5F61786973202D20252EA4
:108AD00032666D2F73C2B20A004D6178696D756D93
:108AE0002076616C756573206F6620585F617869C8
:108AF00073202D20252E32666D2F73C2B2202020C8
:108B0000595F61786973202D20252E32666D2F7391
:108B1000C2B22020205A5F61786973202D20252E53
:108B200032666D2F73C2B20A0A000A5445535420AC
:108B30004D4F44450A000A4E4F524D414C204D4F77
:108B400044450A000A414456414E434544204D4F96
:108B500044450A006770735468726561640042722C
:108B6000696768746E657373206164635F726561C1
:108B700064206572726F723A2025640A0072302F89
:108B800061313A2020307825303878202072312F1A
:108B900061323A2020307825303878202072322F08
:108BA00061333A20203078253038780A0072332F2C
:108BB00061343A2020307825303878207231322FD5
:108BC00069703A2020307825303878207231342F7F
:108BD0006C723A20203078253038780A002078707E
:108BE00073723A20203078253038780A0046617553
:108BF0006C74696E6720696E737472756374696FE3
:108C00006E206164647265737320287231352F7031
:108C100063293A203078253038780A00556E68612B
:108C20006E646C6564204952516E3A2025640A00D6
:108C30002A2A2A2A2A204D5055204641554C542094
:108C40002A2A2A2A2A0A002020537461636B696E3B
:108C500067206572726F722028636F6E7465787416
:108C60002061726561206D69676874206265206E9D
:108C70006F742076616C6964290A002020556E7338
:108C80007461636B696E67206572726F720A00208F
:108C90002044617461204163636573732056696F7A
:108CA0006C6174696F6E0A0020204D4D4641522060
:108CB000416464726573733A20307825780A002025
:108CC00020496E737472756374696F6E20416363BB
:108CD0006573732056696F6C6174696F6E0A002A40
:108CE0002A2A2A2A205553414745204641554C54AB
:108CF000202A2A2A2A2A0A002020446976697369D0
:108D00006F6E206279207A65726F0A002020556E9E
:108D1000616C69676E6564206D656D6F7279206145
:108D200063636573730A0020204E6F20636F707257
:108D30006F636573736F7220696E73747275637499
:108D4000696F6E730A002020496C6C6567616C2046
:108D50006C6F6164206F66204558435F52455455DF
:108D6000524E20696E746F2050430A002020496CD7
:108D70006C6567616C20757365206F66207468652B
:108D800020455053520A002020417474656D707460
:108D900020746F206578656375746520756E6465F1
:108DA00066696E656420696E737472756374696F49
:108DB0006E0A002A2A2A2A2A204255532046415563
:108DC0004C54202A2A2A2A2A0A002020537461633C
:108DD0006B696E67206572726F720A002020507294
:108DE00065636973652064617461206275732065D1
:108DF00072726F720A002020424641522041646420
:108E0000726573733A20307825780A002020496D06
:108E10007072656369736520646174612062757343
:108E2000206572726F720A002020496E7374727529
:108E30006374696F6E20627573206572726F720A57
:108E40000052657365727665642045786365707459
:108E5000696F6E20280053707572696F7573206991
:108E60006E746572727570742028495251200053D7
:108E70005053454C20696E20746872656164206DA2
:108E80006F646520646F6573206E6F7420696E6413
:108E90006963617465205053500A002A2A2A2A2ADD
:108EA0002048415244204641554C54202A2A2A2A1F
:108EB0002A0A002020427573206661756C74206F49
:108EC0006E20766563746F72207461626C652072C7
:108ED0006561640A002020446562756720657665D7
:108EE0006E740A0020204661756C7420657363619E
:108EF0006C6174696F6E20287365652062656C6FA4
:108F000077290A00415243485F4558434550542051
:108F10007769746820726561736F6E2025780A0A1C
:108F2000002A2A2A2A2A204465627567206D6F6EFE
:108F300069746F7220657863657074696F6E202A3A
:108F40002A2A2A2A0A002A2A2A2A2A2025732025A0
:108F50006429202A2A2A2A2A0A00464C4153485FBB
:108F600030005352414D5F30000A060505040103ED
:108F700001020101010001696E74657272757074FD
:108F80002D636F6E74726F6C6C6572403538303063
:108F90003038303000616463403430303132343046
:108FA0003000726363403538303030303030006725
:108FB00070696F4034383030316330300067706929
:108FC0006F403438303030383030006770696F406F
:108FD0003438303030343030006770696F403438A6
:108FE000303030303030006932634034303030352A
:108FF0003830300072657365742D636F6E74726FF4
:109000006C6C65720073657269616C40343030302D
:10901000383030300073657269616C403430303103
:1090200033383030006D61696E002A2A2A20426F81
:109030006F74696E67205A6570687972204F53208B
:109040006275696C642076342E332E302D72633154
:109050002D37352D6766306362626130663865662C
:1090600035202A2A2A0A00696E66006E616E002881
:089070006E756C6C2900000014
:1090780000000000000000000000000000000000E8
:10908800E950000800000000000000000000000097
:1090980020000020200000202568000800000000B3
:1090A80000000000000000000000000000000000B8
:1090B80040000020400000200000000001000000E7
:1090C80050000020500000200000000001000000B7
:1090D8000000000000000000000000000000000088
:1090E8000000000000000000000000000000000078
:1090F8000000000000000000000000000000000068
:109108000000000000000000000000000000000057
:109118000000000000000000010000004B6600088D
:1091280000000000F56600080000000000000000D4
:1091380000000000D0000020000000000000000037
:1091480000C201000001030000000000E800002048
:10915800000000000000000080250000000103005E
:1091680000093D00C8000000F8000020F8000020B9
:1091780001019A989694050301E3E5FFFFFFFFFFBD
:0B918800FFFFFFFFFFFFFFFFFFFFFFE7
:1091930000000000000000000000000000000000CC
:0991A300000000000000000000C3
:1091AC003401002034010020800000000800000081
:1091BC00401B0020401F0020401B0020401B0020B3
:0891CC0000000000000000009B
:0491D40015E015E0AD
:04000005080027A523
:00000001FF
