:020000040800F2
:10000000003D0020C54400084F540108B1440008D9
:10001000B1440008B1440008B144000800000000E9
:1000200000000000000000000000000089450008FA
:10003000B1440008000000002545000829F9000827
:100040005D4700085D4700085D4700085D47000800
:100050005D4700085D4700085D4700085D470008F0
:100060005D4700085D4700085D4700085D470008E0
:100070005D4700085D4700085D4700085D470008D0
:100080005D4700085D4700085D4700085D470008C0
:100090005D4700085D4700085D4700085D470008B0
:1000A0005D4700085D4700085D4700085D470008A0
:1000B0005D4700085D4700085D4700085D47000890
:1000C0005D4700085D4700085D4700085D47000880
:1000D0005D4700085D4700085D4700085D47000870
:1000E0005D4700085D4700085D4700085D47000860
:1000F0005D4700085D4700085D4700085D47000850
:100100005D4700085D4700085D4700085D4700083F
:100110005D4700085D4700085D4700085D4700082F
:100120005D4700085D4700085D4700085D4700081F
:080130005D4700085D4700086F
:1001380081F0004102E000BF83F0004330B54FEA90
:1001480041044FEA430594EA050F08BF90EA020FFD
:100158001FBF54EA000C55EA020C7FEA645C7FEA90
:10016800655C00F0E2804FEA5454D4EB5555B8BFB3
:100178006D420CDD2C4480EA020281EA030382EA24
:10018800000083EA010180EA020281EA0303362DB6
:1001980088BF30BD11F0004F4FEA01314FF4801C89
:1001A8004CEA113102D0404261EB410113F0004F9B
:1001B8004FEA03334CEA133302D0524263EB430352
:1001C80094EA050F00F0A780A4F10104D5F1200EF0
:1001D8000DDB02FA0EFC22FA05F2801841F100014B
:1001E80003FA0EF2801843FA05F359410EE0A5F11F
:1001F80020050EF1200E012A03FA0EFC28BF4CF050
:10020800020C43FA05F3C01851EBE37101F0004505
:1002180007D54FF0000EDCF1000C7EEB00006EEB12
:100228000101B1F5801F1BD3B1F5001F0CD349089C
:100238005FEA30004FEA3C0C04F101044FEA4452F3
:1002480012F5800F80F09A80BCF1004F08BF5FEA7A
:10025800500C50F1000041EB045141EA050130BD5A
:100268005FEA4C0C404141EB0101013C28BFB1F56C
:10027800801FE9D291F0000F04BF01460020B1FAB7
:1002880081F308BF2033A3F10B03B3F120020CDA8A
:100298000C3208DD02F1140CC2F10C0201FA0CF068
:1002A80021FA02F10CE002F11402D8BFC2F1200CCD
:1002B80001FA02F120FA0CFCDCBF41EA0C01904083
:1002C800E41AA2BF01EB0451294330BD6FEA0404CC
:1002D8001F3C1CDA0C340EDC04F11404C4F12002B7
:1002E80020FA04F001FA02F340EA030021FA04F3C9
:1002F80045EA030130BDC4F10C04C4F1200220FA20
:1003080002F001FA04F340EA0300294630BD21FA5D
:1003180004F0294630BD94F0000F83F4801306BF23
:1003280081F480110134013D4EE77FEA645C18BF17
:100338007FEA655C29D094EA050F08BF90EA020FAE
:1003480005D054EA000C04BF1946104630BD91EAA6
:10035800030F1EBF0021002030BD5FEA545C05D1A9
:100368004000494128BF41F0004130BD14F58004E8
:100378003CBF01F5801130BD01F0004545F0FE415C
:1003880041F470014FF0000030BD7FEA645C1ABF91
:10039800194610467FEA655C1CBF0B46024650EAC8
:1003A800013406BF52EA033591EA030F41F40021F4
:1003B80030BD00BF90F0000F04BF0021704730B57A
:1003C8004FF4806404F132044FF000054FF000014F
:1003D80050E700BF90F0000F04BF0021704730B510
:1003E8004FF4806404F1320410F0004548BF4042E5
:1003F8004FF000013EE700BF42004FEAE2014FEA3A
:1004080031014FEA02701FBF12F07F4393F07F4F14
:1004180081F06051704732F07F4208BF704793F017
:100428007F4F04BF41F40021704730B54FF460742A
:1004380001F0004521F000411CE700BF50EA01022D
:1004480008BF704730B54FF000050AE050EA0102D6
:1004580008BF704730B511F0004502D5404261EB46
:1004680041014FF4806404F132045FEA915C3FF487
:10047800D8AE4FF003025FEADC0C18BF03325FEA24
:10048800DC0C18BF033202EBDC02C2F1200300FAD5
:1004980003FC20FA02F001FA03FE40EA0E0021FAFA
:1004A80002F11444BDE600BF80F0004002E000BF46
:1004B80081F0004142001FBF5FEA410392EA030F47
:1004C8007FEA226C7FEA236C6AD04FEA1262D2EB91
:1004D8001363C1BFD218414048404140B8BF5B4296
:1004E800192B88BF704710F0004F40F4000020F02F
:1004F8007F4018BF404211F0004F41F4000121F045
:100508007F4118BF494292EA030F3FD0A2F101028E
:1005180041FA03FC10EB0C00C3F1200301FA03F1CC
:1005280000F0004302D5494260EB4000B0F5000FEF
:1005380013D3B0F1807F06D340084FEA310102F1AE
:100548000102FE2A51D2B1F1004F40EBC25008BF60
:1005580020F0010040EA03007047490040EB00002A
:10056800013A28BFB0F5000FEDD2B0FA80FCACF12B
:10057800080CB2EB0C0200FA0CF0AABF00EBC25058
:1005880052421843BCBFD0401843704792F0000F46
:1005980081F4000106BF80F400000132013BB5E799
:1005A8004FEA41037FEA226C18BF7FEA236C21D00F
:1005B80092EA030F04D092F0000F08BF0846704774
:1005C80090EA010F1CBF0020704712F07F4F04D142
:1005D800400028BF40F00040704712F100723CBF55
:1005E80000F50000704700F0004343F0FE4040F47F
:1005F800000070477FEA226216BF08467FEA23633D
:100608000146420206BF5FEA412390EA010F40F427
:10061800800070474FF0000304E000BF10F0004373
:1006280048BF40425FEA000C08BF704743F096435A
:1006380001464FF000001CE050EA010208BF704775
:100648004FF000030AE000BF50EA010208BF7047FC
:1006580011F0004302D5404261EB41015FEA010C11
:1006680002BF84460146002043F0B64308BFA3F109
:100678008053A3F50003BCFA8CF2083AA3EBC253EB
:1006880010DB01FA02FC634400FA02FCC2F120020A
:10069800BCF1004F20FA02F243EB020008BF20F041
:1006A8000100704702F1200201FA02FCC2F12002A7
:1006B80050EA4C0021FA02F243EB020008BF20EA9C
:1006C800DC7070474FF0FF0C1CEAD0521EBF1CEACA
:1006D800D15392EA0C0F93EA0C0F6FD01A4480EAB8
:1006E800010C400218BF5FEA41211ED04FF00063A1
:1006F80043EA501043EA5111A0FB01310CF00040CD
:10070800B1F5000F3EBF490041EAD3715B0040EAF2
:10071800010062F17F02FD2A1DD8B3F1004F40EBC2
:10072800C25008BF20F00100704790F0000F0CF095
:10073800004C08BF49024CEA502040EA51207F3A59
:10074800C2BFD2F1FF0340EAC250704740F4000034
:100758004FF00003013A5DDC12F1190FDCBF00F025
:1007680000407047C2F10002410021FA02F1C2F1D3
:10077800200200FA02FC5FEA310040F1000053EA6F
:100788004C0308BF20EADC70704792F0000F00F0BD
:10079800004C02BF400010F4000F013AF9D040EAC3
:1007A8000C0093F0000F01F0004C02BF490011F457
:1007B800000F013BF9D041EA0C018FE70CEAD15355
:1007C80092EA0C0F18BF93EA0C0F0AD030F0004CD5
:1007D80018BF31F0004CD8D180EA010000F0004089
:1007E800704790F0000F17BF90F0004F084691F047
:1007F800000F91F0004F14D092EA0C0F01D1420281
:100808000FD193EA0C0F03D14B0218BF084608D149
:1008180080EA010000F0004040F0FE4040F4000093
:10082800704740F0FE4040F4400070474FF0FF0C26
:100838001CEAD0521EBF1CEAD15392EA0C0F93EA6D
:100848000C0F69D0A2EB030280EA010C49024FEABF
:10085800402037D04FF0805343EA111143EA101378
:100868000CF000408B4238BF5B0042F17D024FF430
:10087800000C8B4224BF5B1A40EA0C00B3EB510F0B
:1008880024BFA3EB510340EA5C00B3EB910F24BFF4
:10089800A3EB910340EA9C00B3EBD10F24BFA3EB79
:1008A800D10340EADC001B0118BF5FEA1C1CE0D141
:1008B800FD2A3FF650AF8B4240EBC25008BF20F0F4
:1008C800010070470CF0004C4CEA50207F32C2BF48
:1008D800D2F1FF0340EAC250704740F400004FF0E5
:1008E8000003013A37E792F0000F00F0004C02BF16
:1008F800400010F4000F013AF9D040EA0C0093F0E0
:10090800000F01F0004C02BF490011F4000F013B39
:10091800F9D041EA0C0195E70CEAD15392EA0C0FA1
:1009280008D142027FF47DAF93EA0C0F7FF470AFD9
:10093800084676E793EA0C0F04D14B023FF44CAF1C
:1009480008466EE730F0004C18BF31F0004CCAD1B1
:1009580030F000427FF45CAF31F000437FF43CAFED
:100968005FE700BF4FF0FF3C06E000BF4FF0010C0F
:1009780002E000BF4FF0010C4DF804CD4FEA4002F1
:100988004FEA41037FEA226C18BF7FEA236C11D03B
:1009980001B052EA530C18BF90EA010F58BFB2EBEE
:1009A800030088BFC81738BF6FEAE17018BF40F06E
:1009B800010070477FEA226C02D15FEA402C05D122
:1009C8007FEA236CE4D15FEA412CE1D05DF8040BA7
:1009D800704700BF844608466146FFE70FB5FFF73A
:1009E800C9FF002848BF10F1000F0FBD4DF808EDF2
:1009F800FFF7F4FF0CBF012000205DF808FB00BFE3
:100A08004DF808EDFFF7EAFF34BF012000205DF83C
:100A180008FB00BF4DF808EDFFF7E0FF94BF012089
:100A280000205DF808FB00BF4DF808EDFFF7D2FF86
:100A380094BF012000205DF808FB00BF4DF808EDC9
:100A4800FFF7C8FF34BF012000205DF808FB00BF96
:100A58004FEA4002B2F1FE4F0FD34FF09E03B3EBC3
:100A680012620DD94FEA002343F0004310F0004F03
:100A780023FA02F018BF404270474FF00000704759
:100A880012F1610F01D1420205D110F0004008BFF8
:100A98006FF0004070474FF0000070477BB972B9A3
:100AA8000029BEBF00204FF0004106E008BF002823
:100AB8001CBF6FF000414FF0FF3000F057B8ADF1A8
:100AC800080C6DE904CE002909DB002B1ADB00F0C5
:100AD80074F8DDF804E0DDE9022304B07047404211
:100AE80061EB4101002B1BDB00F067F8DDF804E047
:100AF800DDE9022304B0404261EB4101524263EB5D
:100B080043037047524263EB430300F056F8DDF8A5
:100B180004E0DDE9022304B0404261EB4101704783
:100B2800524263EB430300F048F8DDF804E0DDE9E6
:100B3800022304B0524263EB4303704753B94AB9E6
:100B4800002908BF00281CBF4FF0FF314FF0FF30CD
:100B580000F00CB8ADF1080C6DE904CE00F02DF8EA
:100B6800DDF804E0DDE9022304B07047704700BFF8
:100B780010F8012B11F8013B012A28BF9A42F7D03F
:100B8800D01A7047034613F8012B002AFBD1181A14
:100B980001387047430803F05533C01A00F0333367
:100BA800800800F03330184400EB10104FF0013388
:100BB80000F00F305843000E70472DE9F047864685
:100BC8008C460846089E154674461946002B40F088
:100BD800C2808542B2FA82F245D94AB1C2F12003F5
:100BE80000FA02FC2EFA03F3954043EA0C0C9440F9
:100BF8004FEA154EA8B2BCFBFEF8230C0EFB18CC2E
:100C080008FB00F943EA0C43994528D9EB1808F189
:100C1800FF3704D2994502D9A8F102072B44A3EB68
:100C28000903A4B2B3FBFEFC0EFB1C330CFB00F063
:100C380044EA0344A04214D92C190CF1FF3304D21E
:100C4800A04202D9ACF102032C44241A43EA07401B
:100C58001EB1D440002334607360BDE8F087474676
:100C6800DDE76346F1E792BB431B01214FEA154ECE
:100C7800AFB2B3FBFEFC200C0EFB1C330CFB07F8D9
:100C880040EA0343984562D9EB180CF1FF3004D2CF
:100C9800984502D9ACF102002B44A3EB0803A4B297
:100CA800B3FBFEFC0EFB1C330CFB07F744EA0344C2
:100CB800A7424ED92C190CF1FF3304D2A74202D90E
:100CC800ACF102032C44E41B43EA0040C0E7C2F144
:100CD800200320FA03F1954090402EFA03F30343D2
:100CE8004FEA154EAFB2B1FBFEFC0EFB1C10190CFF
:100CF8000CFB07F841EA0041884504FA02F422D9BE
:100D080069180CF1FF3004D2884502D9ACF1020011
:100D18002944A1EB08019BB2B1FBFEFC0EFB1C11A0
:100D28000CFB07F743EA01439F420ED9EB180CF17D
:100D3800FF3104D29F4202D9ACF102012B44DB1BE4
:100D480041EA004192E76046E3E76146F7E760461B
:100D5800A3E76346B7E7834206D916B900210846D8
:100D68007BE7C6E900E0F9E7B3FA83F78FB9834276
:100D780001D3724508D8BEEB020460EB03030120DF
:100D88009C461EB9002168E73846FAE7C6E9004CD8
:100D9800F8E7C7F1200CBB4022FA0CF41C432EFAEA
:100DA8000CF120FA0CF3B84001434FEA14490EFA4B
:100DB80007F5B3FBF9F81FFA84FE09FB18300B0C92
:100DC80008FB0EFA43EA00439A4502FA07F240D9B3
:100DD800E31808F1FF3004D29A4502D9A8F10200BD
:100DE8002344A3EB0A0389B2B3FBF9F809FB1833D0
:100DF80008FB0EFE41EA03418E452CD9611808F123
:100E0800FF3304D28E4502D9A8F10203214443EAF4
:100E18000040A0FB0298A1EB0E014145CE46434697
:100E280002D306D14D4504D2B9EB020E68EB040398
:100E38000138002EA6D0B5EB0E0261EB030101FAD2
:100E48000CFC22FA07F34CEA0303F940C6E9003127
:100E580098E74046C5E74346D9E700001FB5044672
:100E68000DF10F010DF10E0014F040FB9DF80F304D
:100E7800044A009304482346032114F010F904B0EF
:100E880010BD00BF04A90108589A0108F0B585B043
:100E98006E4600AF88B004460D466A46364B53612D
:100EA800364B93614FF4007393830105344B42F83A
:100EB800103F41F4E65133482B4602F05DFA0F2CFF
:100EC800204628BF0F202B46B546394605443C46E8
:100ED8009D421ED100F110033B44002103F8101C71
:100EE800231813F8012D0D2A00F1FF3004D00A2A27
:100EF80002D012F0DF0F02D119700028F1D1224977
:100F08002046FFF735FE70B900F0F4F91437BD46F6
:100F1800F0BD13F8012BA2F16106192E98BF203AF3
:100F280001F8012BD4E719492046FFF721FE08B93B
:100F38000120E9E716492046FFF71AFE08B9022002
:100F4800E2E714492046FFF713FE08B90320DBE760
:100F58006D4688B06A46104BC2E905344FF40073F9
:100F68009383074B42F8103F064800234FF4E4519F
:100F780002F002FAAD46C9E756BD010828A90108E2
:100F880003000001589A010834A9010838A901088A
:100F98003CA9010842A9010847A9010837B5079DDE
:100FA8009DF818400346084A08480094032114F0A5
:100FB80076F83DB134B12946204603B0BDE830404B
:100FC800FFF764BF03B030BD59A90108589A01085A
:100FD8002DE9F04F8F4A9DB0106851688E4A02AFD4
:100FE8003B1D03C31068516807F10C0303C38B4B07
:100FF80007F1200203F1100C07F1040807F10C06B1
:10100800154618685968144603C4083363452246D0
:10101800F7D14FF6FF730024BB82814BC7F8164007
:10102800C7F81A40FC83BB61DFF8F891484617F00F
:1010380010FD0346C0B96C4688B0D9F8001002AA62
:101048007948C2E905014FF400719183774942F864
:10105800101F77484FF4E25102F08EF9A5460020A0
:101068006C37BD46BDE8F08F052003F021FF031E55
:1010780005DA704A6E48012114F007F8EFE704F02A
:10108800E9F8031E01DA6C4AF4E7204604F010F888
:1010980007F1140004F0C8F86848DFF8A49104F0D8
:1010A800D3F8684887F84440C7E90D55C7F8408029
:1010B8003E6312F0A9F918F8011B4846013412F0F2
:1010C800A3F9082CF7D16048DFF8748112F09CF975
:1010D800002416F8011B4046013412F095F9082C3B
:1010E800F7D15A48564E12F08FF9002415F8011B13
:1010F8003046013412F088F9102CF7D1544812F018
:1011080095F9544A4A48032113F0B6FF0021524882
:1011180010F0B8FE514A4648514D454EDFF844811B
:10112800032113F0A9FF00244FF0000907F1300054
:1011380003F0DAFE031E34DB4B4A3D484B4EDFF822
:101148003081032113F098FF00F018F94146306808
:10115800484D494CFFF7B6FA17F0C9FF414681469A
:101168002868FFF7AFFA17F0C2FF2388A7F84830BE
:10117800A7F84C000023062207F148010120A7F830
:101188004A9003F0C7FF10F10B0F034620D13B4AEA
:101198002748012113F079FF00212F4810F072FE33
:1011A800D2E701341F2C08D11E230093344A20486B
:1011B8002346012113F073FF51E7012100942A46C9
:1011C800304613F06CFF4046494610F05BFEADE731
:1011D800002801DA2B4A4DE723882B4A14480321BB
:1011E80013F053FF23883068FE2B9ABF01339BB25C
:1011F80000232380FFF700F9824628688B46FFF713
:10120800FBF85246CDE900015B46204813F02FFB5E
:10121800C2E700BF24AB0108389B01082DAB0108C9
:10122800A50F00089C9501086CA90108030000019E
:10123800589A010882A90108A0A90108650E0008AA
:10124800C6A90108B9A90108CBA90108D8A90108AC
:10125800E5A90108E7A90108A086010005AA010877
:1012680058AA0108E09304008DAA0108F40E002092
:1012780000002041F00E002020220020A6AA01082C
:101288001FAA0108CDAA0108E5AA010807AB0108B1
:1012980010B503460A46006819790469012303FA60
:1012A80001F143681B6819420ED10E490E4A0F48D6
:1012B80040F2A26313F0F1FA0D4813F0EEFA0A486F
:1012C80040F2A26113F0E0FA2368194218BF82F0D5
:1012D800010222B18368DB68BDE8104018478368C3
:1012E8001B69F9E77FAB01084EAB0108BDAB0108EC
:1012F800DAAB010810B5002104460F48FFF7C8FF14
:101308000E480021FFF7C4FF012C0AD0022C0ED092
:1013180084B909482146FFF7BBFF07482146FFF774
:10132800B7FF05482146BDE81040FFF7B1BF0348A5
:101338000121F8E710BD00BFF89D0108F09D0108E4
:1013480010B586B00122019200228DF808200A4AC1
:10135800009103920721022204928DF814109DF83F
:101368001430816813438DF814308C684023694623
:10137800A04706B010BD00BF2822002070B5244E3B
:10138800244D25493068254CFFF7DAFF2B8824497E
:1013980030685BBA2380FFF7D3FF2888214B40BA17
:1013A800188080B2FFF736F91F49FFF78BF94FF025
:1013B8005E51FFF787F91D49FFF77AF81C4B054680
:1013C80018602088FFF726F91A49FFF77BF94FF0D4
:1013D8005E51FFF777F91849FFF76AF8174B184974
:1013E800186004462846FFF76DF913F095F914497B
:1013F800FFF71CFA134B124918602046FFF762F9F1
:1014080013F08AF90E49FFF711FA0F4B186070BDF7
:101418006803002028220020F10500202422002053
:10142800F00500202222002052B82F4366663B4276
:10143800F80E00200000FA420000C040FC0E002018
:101448000000C842F40E0020F00E0020B2F5802FF4
:101458002DE9F0410ED33C493C4A3D4840F2132364
:1014680013F01BFA3B4813F018FA40F213213748DF
:1014780013F00AFA042A0CD83749344A344840F29F
:101488001A2313F00AFA354813F007FA40F21A2122
:10149800EDE7043ACD1D8E1825F0070526F007065E
:1014A800761B172E4FEAD6070CD82D49274A28480D
:1014B80040F2232313F0F1F9284813F0EEF940F233
:1014C8002321D4E7B7FA87F4C4F12002C4F1240435
:1014D800A4000734E408631C4FF00008BB42056011
:1014E800AF60C5F80C800CD91E49184A18484FF44B
:1014F8000E7313F0D2F9194813F0CFF94FF40E71A7
:10150800B5E74146920005F1100017F09FFC630013
:1015180043F001036B8005EBC4023B1B5900A5F89F
:1015280000805180AA1925F83440A2F80280AB53F4
:1015380005EBC70321465A8842F001025A80284623
:10154800BDE8F04113F012B9BAAC0108ECAB0108E0
:10155800BDAB0108D0AC0108E7AC010808AD010833
:1015680021AD01084AAD01082DE9F04F91B00546BB
:10157800009302F004030193C2F3C20301330493FE
:101588008307DDF8689002920E4640F0FC81041D46
:1015980030B1072909D86FF01B0011B0BDE8F08FF2
:1015A80001F007063444C6F10806009B4FF0000816
:1015B8004FF0040B591ECDF80C80474643464FF0B8
:1015C800FF32DA460DB1009820600498002800F335
:1015D800DF809B48DDF800C0844503D399488445E3
:1015E800C0F0D680DDF808C0A4EB050E1CF0020F91
:1015F8004FEA9E0000F0E7804FF0000CD1E07A2817
:1016080062D84B280FD847285ED829282DD82528F6
:1016180059D059D820287DD0A0F12309D9F1000349
:1016280043EB090376E04C382E284DD8DFE800F06C
:10163800724C4C4C4C4C4C4C4C4C4C4C4E4C4C4CBA
:101648004C4C4C4C4C5C4C4E4E5C5C5C724E6F4C43
:10165800724C184E184C4C817E4E4C4C4E4C7E00B1
:10166800002000234FF0040B3CE02A384FF0010E15
:10167800C0B20EFA00F04FF6DA7E10EA0E0F49D12A
:1016880010F0625E30D110F0010343D07046013C87
:101698005C44B4FBFBF40BFB04F4002D5ED0AAEB16
:1016A800050EA644B6453FF676AF002868D1BAF1D4
:1016B800040F43D1E14659F8040B20600434CC46AA
:1016C8004FF0040A26E0013A002323E011F8013C18
:1016D8006C2B30D111F8023C00206C2B0346C1D191
:1016E8004FF0080BDA46D2E70CF1070929F0070C8E
:1016F8000734FCE802AB24F0070435B10598204410
:10170800B0423FF648AFC4E900AB083400234FF0BD
:10171800080BDA4611F8010F002800F0BC80002BF6
:101728007FF46DAF2528F5D1013201234FF0040B6A
:10173800EFE7184695E700200346A8E7BAF1080F37
:1017480040F09B800CF1070929F0070CFCE8029A8D
:10175800C4E9009A08344FF0080ADBE780B9BAF107
:10176800040F02D10CF10409A8E7BAF1080F40F000
:1017780084800CF1070929F0070909F1080CE9E749
:101788000498E1460138049059F8040B009019E7D1
:101798000298800748D5A4EB050E4FEA9E004FF04B
:1017A800010CBEF5007F1DD32749284A28484FF46D
:1017B8001F7313F072F8274813F06FF84FF41F7176
:1017C800224813F061F80F2F0ED8002D46D007F1EC
:1017D800400CEC440CF8200C0CF8102C0398013049
:1017E800039020E00F2F0CD91749184A184840F2E7
:1017F800812313F052F8184813F04FF840F2812172
:10180800DEE7BDB107F1400EEE44C0B20EF8200C81
:101818000EF8102CBCF1000FE0D060F07F000EF83D
:10182800200C08F101080137C5F108000434CC4642
:1018380005906FE7BCF1000F10D00136F3E700BF49
:10184800A492010890E80108DCDC010875AD0108E4
:10185800BDAB0108A3AD0108C4AD0108019802366B
:101868000028E0D100980592CDE90631FFF78AF902
:10187800DDE90631059A0644D5E7444A4449454816
:1018880040F2C62313F009F85146434813F005F80F
:1018980040F2C62194E7631BB3F5806F0CD33C4933
:1018A8003A4A3C4840F2D22312F0F7FF3B4812F084
:1018B800F4FF40F2D22183E71DB9A6F10804E0182D
:1018C8006BE6019A28609B082B709DF80C30C2B11A
:1018D800EB7085F80280B8F1000F05D008A8002247
:1018E800C5F1010C97420ED1C5F101030DF1200994
:1018F8004FF0000A02930DF1300B574512D1601BCF
:101908004BE66B70E5E710F8013B190608D50CEBC0
:10191800040EB64503F07F033FF63DAE04F8013BE5
:101928000132DFE7B8F1000F03D099F90020002A4F
:1019380017DB019BD3B11AF80B2004F8012B002206
:10194800029B18191044B0423FF625AE99F80000E2
:1019580004F8010B00990392204617F069FA039ADC
:1019680014440AF1010A09F10109C6E799F80020AF
:1019780055F822300093019B45F822300098FFF774
:1019880001F9421CDCE76FF00D0006E675AD0108B1
:10199800DCDC0108BDAB0108DEAD0108F3AD0108D0
:1019A8002DE9F04F97B000AF8946D7F880B0FA62BA
:1019B8003B62044658B9A849A84AA94840F2993355
:1019C80012F06BFF40F29931A44812F05DFFCBF39F
:1019D800C00390F802A07B6141B9457800780AEB12
:1019E800800020444D4517D8A0EB0409E378FB613B
:1019F800BAF1000F02D01BF0010F16D1FB6953BBDF
:101A0800FB6A1BB13A6A4946204698474D46284624
:101A18005C37BD46BDE8F08F461C3046FFF7B2F88C
:101A28000130304409F10109DCE7237862687A6201
:101A3800FA6A9900B96104EB8301002A40F0018138
:101A48004D460E4601EB0A094FF000084E454CD1B1
:101A580001EB0A0610E01BF0020FD1D023789A00A0
:101A6800BA6162687A62FA6A04EB8301002A77D164
:101A78004D4601EB0A0690461BF0050F0CBF0223EA
:101A88000123FB62FB6906EB430A0BF00203BB620E
:101A98005645BCD016F8021B16F8013C54F82390A2
:101AA800704B994502D3704B994536D37B69002B0F
:101AB80040D0786A12F0B2FE00283BD0E9468AB0DE
:101AC8006A466A4B53617B6AC2E906314FF4007378
:101AD8001384674B42F8103F664800234FF41251B5
:101AE80001F04AFC023DCD46D2E716F8013BF96207
:101AF80054F82300FFF746F8D7F88430F96A013024
:101B08004BB1D7F8883098453EBFD7F8843023F8D2
:101B1800180008F10108054498E77B6923B1786A41
:101B280012F07CFE0028C9D11BF0010F05D1FB6A19
:101B3800ED1AADE7BB6A002BAAD04846FFF722F89A
:101B4800D7F8843053B1D7F8883098453FBFD7F8D5
:101B58008420431C22F8183008F10108054497E74F
:101B6800BAF1000F73D01BF0040673D0D0460026DC
:101B780007F1480052463B61B96217F059F9B96A52
:101B88003B6901EB0A02BA62FA69F9695200FA6024
:101B9800BA6A02EB41023A610BF00202BA60BA6A11
:101BA80039698A4268D162787A621BF0020F32443E
:101BB8000CBF4FEA580100211BF0010FD2B240F0D0
:101BC800E4801BF0040F14BF404600207B61627064
:101BD800A070E1703A6AB969FB6A20469847051E09
:101BE800FFF615AF7B6923707B6A6370FB69E3704E
:101BF80041463A6AFB6A84F802A007F14800984710
:101C0800B0F10008C0F2F580BB693A6AA9EB0A0195
:101C1800C91AFB68C91AD7E90A0398470028C0F20D
:101C2800EA80A84408EB00054FF0000B07F1380ADA
:101C3800B345C0F0AC8000213A6AFB6A0846984771
:101C4800E5E656464FF0000807F1380092E7564699
:101C5800D04696E7B04694E70AAE010875AD01088C
:101C6800BDAB0108A492010890E8010825AE01085F
:101C780004000001C8990108BA6A12F8021BBA6286
:101C880012F8015C5D4A54F82500904202D35C4A80
:101C9800904218D37A693AB1786A7B6012F0BEFD37
:101CA8007B6800287FF47BAFBA68002A4CD00F2EDF
:101CB80040D95449544A554840F24D4312F0EDFD7D
:101CC80040F24D4180E67A693AB1786A7B6012F059
:101CD800A5FD7B6800287FF462AF1BF0010F0BD0D5
:101CE8000F2E27D94749484A484840F2434312F043
:101CF800D4FD40F2434167E61BF0040F3FF44FAFB9
:101D0800B8F10F0F09D942493F4A404840F24643CB
:101D180012F0C3FD40F2464156E608F1280207F1E9
:101D2800300008F1010102EB000808F8105C5FFAC6
:101D380081F834E706F1280207F13000711C161803
:101D480006F8205CCEB22AE7B8F10F0F09D930495E
:101D58002D4A2E484FF48A6312F09FFD4FF48A6192
:101D680032E608F1280207F1300C08F1010094442A
:101D780007F1580252FA80F008F102080CF8101C1A
:101D88005FFA88F800F8105C09E700201EE71BF8E6
:101D98000A3087F8373054F82390D7F884302BB3BB
:101DA800D7F888309B4521D2D7F8843033F81B8088
:101DB8003A6AFB6A012107F13700984700281ADBC5
:101DC8000544B8F1000F06D14846FEF7DBFE00F1E6
:101DD80001081FFA88F83A6AFB6A4146484698475C
:101DE800002808DB05440BF1010B21E74FF0000840
:101DF800DEE745460BE6054609E600BFA492010862
:101E080090E80108C8AE010875AD0108BDAB01082E
:101E1800E7AE0108014B1860704700BF6C03002053
:101E280080B505460E461746984610F0BDF803469D
:101E380017F02AFADFF83C90044649F80030424689
:101E480039463046A8470C4B1B7873B90B490C4AE6
:101E58000C4840F2463312F020FD0B4812F01DFDED
:101E6800074840F2463112F00FFD54F8090002F01D
:101E78003FFB00BF080000003A23002043AF0108E1
:101E880018AF0108BDAB010856AF010838B50D46BB
:101E980004462022002116F0D9FFEB68E361AB6805
:101EA800A3612B6823626B6863620022A2622A69BD
:101EB80023B1591E194208BF42F0010222610122D2
:101EC800002104F12C0016F0E6FD48B1054906484A
:101ED800064A2F2312F0E1FC04482F2112F0D4FC0B
:101EE80038BD00BF9EAF0108BDAB010878AF01083F
:101EF8002DE9F04F89B0CDE90123436A00278B42D1
:101F08000446884605970797BA4654D300F1140645
:101F1800EFF31185102383F31288BFF36F8F3046D8
:101F2800A94610F0C3FA58B94D4A4E494E4888237D
:101F380012F0B3FC31464D4812F0AFFC882163E043
:101F4800304610F0D7FA079A2AB13946204612F0DF
:101F58008CFD0023079306A9204612F0ABFC0699D6
:101F68004145834630D32268236A13F8221021F0B2
:101F7800030103F8221003EB820A21684246204637
:101F880012F0BCFCE3682060984218D04FF0000BB8
:101F9800304610F099FA50B389F31188BFF36F8F68
:101FA800059929B1A2690AB12046904700230593F3
:101FB800BBF1000FACD1504609B0BDE8F08F2369E2
:101FC80043F008032361E1E718B1204612F0B0FCA2
:101FD800DEE7DDE90132134339D0039116F0CFFD76
:101FE8000399A0BB9DBB304610F06EFA78B91C4A25
:101FF8001F491D484FF49A7312F04FFC31461D4893
:1020080012F04BFC4FF49A71154812F03DFC85F321
:102018001188BFF36F8FDDE9012304F12C000EF066
:1020280077FB8346EFF31189102383F31288BFF3FC
:102038006F8F304610F03AFA00283FF475AF3046FB
:10204800BBFA8BFB10F056FA4FEA5B1BA0E707AB15
:1020580005AA2046276812F088FC834698E700BF47
:10206800A7AF0108D4AF0108BDAB0108E9AF01086B
:10207800FFAF010816B001082DE9F0410446C36915
:1020880008460E46984704F114050746EFF31188F1
:10209800102383F31288BFF36F8F284610F006FAD7
:1020A80068B91B4A1B491C48882312F0F6FB2946CD
:1020B8001A4812F0F2FB8821154812F0E5FB284671
:1020C80010F018FA337843F00103337061683A4628
:1020D800204612F013FC6060204612F0E1FC28460E
:1020E80010F0F2F968B90A4A0D490B484FF49A738F
:1020F80012F0D3FB29460B4812F0CFFB4FF49A712C
:10210800DAE788F31188BFF36F8FBDE8F08100BF6D
:10211800A7AF0108D4AF0108BDAB0108E9AF0108BA
:10212800FFAF010816B001082DE9F0470446002763
:1021380000F11406EFF31188102383F31288BFF31C
:102148006F8F304610F0B2F9054668B93A4A3B49F4
:102158003B48882312F0A1FB31463A4812F09DFB18
:102168008821354812F090FB304610F0C3F92369F6
:10217800A16813F0080F02D16368994200D9636A15
:102188005B1A002B41D0206A10F8213013F00302AB
:1021980000EB81093CD0022A04D150F821205FEAE3
:1021A800920A05D1DA0720D4E3694846984782465F
:1021B800A1685246204612F0A1FB5146A060204675
:1021C80012F0AAFB2F46304610F07EF910BB1A4ACF
:1021D8001D491B484FF49A7312F05FFB31461B48A8
:1021E80012F05BFB4FF49A71BBE743F0020300F86F
:1021F80021304846E369A5689847294602462046A3
:1022080012F07CFB0025A060DDE71D46A946DAE751
:102218001546FBE788F31188BFF36F8F002D89D12E
:1022280037B1B9F1000F03D104F12C000EF0ECF92D
:102238004846BDE8F08700BFA7AF0108D4AF010842
:10224800BDAB0108E9AF0108FFAF010816B00108EE
:102258002DE9F0410446C36908460D46984704F144
:1022680014060746EFF31188102383F31288BFF38F
:102278006F8F304610F01AF968B9284A284929485A
:10228800882312F00AFB3146274812F006FB882102
:10229800224812F0F9FA304610F02CF92B786FF337
:1022A80000032B7023699B0705D5E268236A03EBBB
:1022B80082039D4222D12B786FF341032B70D4E91E
:1022C8000231994204D13A46204612F017FBA06029
:1022D8003946204612F020FB304610F0F5F890B948
:1022E8000E4A12490F484FF49A7312F0D6FA314643
:1022F8000F4812F0D2FA4FF49A71C9E72B6867F3C6
:102308009F032B60E8E788F31188BFF36F8F04F110
:102318002C00BDE8F0410EF077B900BFA7AF010867
:10232800D4AF0108BDAB0108E9AF0108FFAF010850
:1023380016B0010870B5044600F11405EFF31186D4
:10234800102383F31288BFF36F8F284610F0AEF87E
:1023580068B91B4A1B491C48882312F09EFA294673
:102368001A4812F09AFA8821154812F08DFA284670
:1023780010F0C0F82369A06813F0080F02D1636851
:10238800984213D9646A241A284610F09DF878B93F
:102398000B4A0F490C484FF49A7312F07EFA2946FB
:1023A8000C4812F07AFA4FF49A71DDE71C1AEBE741
:1023B80086F31188BFF36F8F201E18BF012070BDF0
:1023C800A7AF0108D4AF0108BDAB0108E9AF010808
:1023D800FFAF010816B00108034A536823F002034F
:1023E80053600020704700BF002004E010B5EFF3F1
:1023F8001184102383F31288BFF36F8F1C4810F0E9
:1024080055F868B91B4A1C491C48882312F045FA3C
:1024180017491B4812F041FA8821164812F034FA7D
:10242800134810F067F8174B1A683AB9164A11683A
:1024380041F4807111601168C905FCD51A680C480F
:1024480001321A6010F040F868B90A4A0F490B487F
:102458004FF49A7312F021FA05490D4812F01DFA4B
:102468004FF49A71D9E784F31188BFF36F8F10BDC9
:10247800080F0020A7AF0108D4AF0108BDAB0108C1
:10248800E9AF0108040F002000040058FFAF01085D
:1024980016B0010810B5EFF31184102383F31288E6
:1024A800BFF36F8F264810F001F868B9254A26490E
:1024B8002648882312F0F1F92149254812F0EDF950
:1024C8008821204812F0E0F91D4810F013F8214B3C
:1024D8001A682ABBBFF35B8F1F4B012253E8001F0A
:1024E800002903D143E800200028F7D1BFF35B8F10
:1024F80004D11A4A1A48022112F0BEFD10480FF002
:10250800E3FFC0B90F4A174910484FF49A7312F005
:10251800C4F90B49144812F0C0F94FF49A71D0E786
:10252800012A01BF11490A6822F480720A601A68F8
:10253800013A1A60E2E784F31188BFF36F8F10BD88
:10254800080F0020A7AF0108D4AF0108BDAB0108F0
:10255800E9AF0108040F0020000F002036B0010881
:10256800A89A0108FFAF010816B001080004005836
:10257800084B1A6842F400721A601A6842F48062C2
:102588001A601A6842F480721A60034B034A1A6090
:10259800704700BF00400058D805002000093D00E2
:1025A8002DE9F7430F4606460821C06ADFF8509028
:1025B80012F0EEFA3C68241A80463C6004EA0905E9
:1025C800AC4203D8002003B0BDE8F08308236A4674
:1025D8002146304612F072FA0028F4D16946304696
:1025E80012F0E0FA40B1BDF80230BDF804203C60BA
:1025F80005EA090513441D44A4EB0804E0E700BFFD
:102608000000FFFF73B504460821C06A124E12F09D
:10261800BFFA4FF6FF726368ADF800208DF8062008
:10262800E268191833401344181A00256060684698
:10263800ADF80210ADF8045012F0A1FA6946204630
:1026480012F070FB2046211D12F071FA63682846CB
:102658003340A36002B070BD0000FFFF2DE9F047D2
:1026680004468AB000F11407384616F00DFAA06A3D
:102678008368DB689847E06250B98D4A8D4801212C
:1026880012F062FA6FF0150528460AB0BDE8F08727
:10269800A06A8368DB6898470368013B1F2B01D950
:1026A800854AEBE7E368B3F5803F08D94FF48032F9
:1026B80000928048814A012112F0F1FCE2E7A06A09
:1026C800216807AA15F0E0F808B17D4AD6E7E56861
:1026D8002DB1089BB5FBF3F203FB12550DB1794AF6
:1026E800CCE7238A012B01D8774AC7E7E36A02952A
:1026F80093F805904FF0FF334FF0FF3238460DF056
:10270800C3FDE06A082112F043FAA8460646238A68
:102718001FFA85FA534508D8238A434523D13846FA
:102728000DF082FE6FF02C05AEE7E1682B04891BE3
:1027380013FA81F14A4608232046029112F0CCF997
:1027480078B102A9204612F0F2F908F101080299BD
:1027580008234A4620461FFA88F812F0BDF90028D7
:10276800DAD00135D3E79A450BD1029908234A46B6
:10277800891B204612F0B0F918B902A9204612F0B8
:10278800D6F902A92046FFF70BFF054618B13846CF
:102798000DF04AFE78E7029B63604FEA13484FEA60
:1027A8000848C4F80880D4E9011399420FD30823D4
:1027B80003AA204612F082F905460028E7D103ABA8
:1027C80013F8012B91453DD10135082DF8D16368E7
:1027D8001B0C1B0402A92046029312F0A8F9E36817
:1027E80002994A46204612F077F9051ECFDB636846
:1027F8007ED006EB03084FF6FF79E368CDF8088032
:102808001FFA88F29B1B9A4238D3304A2948032181
:1028180012F09AF96168204612F098F905460028E6
:10282800B5D163682A4AE16813400B44A3EB460319
:1028380063601340A360204612F09CFA0546002D01
:1028480072D0A4E703A9204612F0ACF9626810B967
:10285800921B6260A7E7BDF81050BDF80E10E06A41
:10286800C4F80880294412F093F940449042A060CB
:10287800EED1002DECD06FF01C0580E0082305AAEE
:102888004146204612F01AF9054600287FF47FAF2A
:1028980005A9204612F086F938B1BDF814304B4529
:1028A80003D1BDF81830002B6FD0B044A5E700BFA6
:1028B8008BB00108109A0108ADB00108CAB0010830
:1028C800F3B001080BB101081FB1010891B101086B
:1028D8000000FFFF5B1A4A46204612F0FDF8051E6D
:1028E800FFF655AF08D0E26AA36812681344A360E4
:1028F800D4E901318B42EDD86168E36801EB460207
:102908009A429CD1DFF8A880A26801EA08039A429B
:1029180095D0204612F01AF9054600287FF437AF03
:10292800636803EA0803A360E368A288A3EB46038D
:102938009A4220D038460DF077FD0123A374E2684F
:10294800238A1C48009203211B4A12F0A8FB6368E3
:102958009AB200921748194A1B0C032112F09FFBE8
:10296800A3689AB200921348154A1B0C032112F06F
:1029780096FB002588E6204612F0E5F9054638461C
:102988000DF052FD002DD8D07EE60E4A09480321ED
:1029980012F0DAF863681B0C1B0402A920460293A4
:1029A80012F0C5F80299204612F0D0F846E700BFA9
:1029B8000000FFFF109A010842B1010859B101084F
:1029C8006BB101087CB101082DE9F04F1D4691B0AB
:1029D800837C02910446009253B9644A64480121F9
:1029E80012F0B2F86FF00C06304611B0BDE8F08F67
:1029F800C26A0821104612F0CBF829460190104609
:102A080012F0C6F8E368019AA3EB8203AB420746CB
:102A1800C0F0A9801DB1009B002B00F0A480636862
:102A2800059306AA05A92046DDF814A012F0F7F8C8
:102A380006460028D8D1BDF81830029A934206D02D
:102A48006268059B9A42ECD1002D36D1CCE706A9E5
:102A5800204612F0A7F80028F2D0BDF81A80BDF879
:102A68001C3045B39D4228D1E36ADDF800B01B68ED
:102A78004FEA1A4A5B424FEA0A4A03F02003D0445D
:102A88000393AA46DDF80C90D14528BFD1464B46A2
:102A980008AA4146204612F011F800284AD14A46B1
:102AA80008A9584616F0DAF938B9BAEB090AC84441
:102AB800CB44E7D198E7002B96D0002F3DD1B846FC
:102AC80004F1140A4FF0FF324FF0FF3350460DF077
:102AD800DBFB238A9E4243D0A168626808EB0103AE
:102AE8009A422FD3029BADF82030FF238DF8263071
:102AF800009AADF822102B462046ADF8245012F06B
:102B0800D8F829460746E06A12F042F8A368034459
:102B1800A36057B908A812F032F808A9204612F0A5
:102B280001F9002814BF07462F4650460DF07CFCDB
:102B38003E4659E7C1DC064656E7019B1F441FFA8B
:102B480087F8BDE72046FFF75DFD07460028ECD172
:102B5800204612F00FF907460028E6D10136B8E7FB
:102B68006FF01B07E1E76FF015063DE777B0010846
:102B7800109A01082DE9FF471E46837CBDF8309066
:102B880004460F4690464BB92C482D4A012111F0B6
:102B9800DBFF6FF00C0004B0BDE8F087C06A0821C5
:102BA80011F0F6FFE368A3EB4003B34243D3D4F834
:102BB80004A0CDF804A000254D455146DDF804A039
:102BC80009D9636853451ED1BDF80830BB421AD0F5
:102BD8006FF00100DFE702AA01A9204612F01FF8F2
:102BE8000028D8D1BDF80830BB4206D102A920463A
:102BF80011F0D8FF08B10135ADB26268019B9A4265
:102C0800DAD15146E0E7BDF80C30002BE0D0A945F9
:102C1800DED8BDF80A00090CB3424FEA014128BFCB
:102C2800334601444246204611F048FF0028B2D1FD
:102C3800BDF80C00AFE76FF01500ACE7109A01087B
:102C480077B0010830B51049104889B0002216F055
:102C580050F80F4D0F4900220023CDE90623002428
:102C68000E23CDE90334CDE901440B4B00944FF416
:102C7800006228460EF034FA084928460EF09EF9FC
:102C8800204609B030BD00BFF12D0008F80B002028
:102C9800500700204023002039310008BFB1010847
:102CA8002DE9F047DFF85880044607464FF0010940
:102CB80014B93846BDE8F08794FAA4F5B5FA85F555
:102CC80009FA05F32E0108EB05156FEA030A24EA51
:102CD80003042B7B002BEBD058F806301B694BB94B
:102CE8004644042273682846196807EA0A0712F05E
:102CF80053F9DDE7284698470028D9D1F0E700BF07
:102D0800F09A01082DE9F047DFF8BC902F4CA9EBA9
:102D180004038F2B80460F460BD92D492D4A2E4888
:102D28004FF4A67311F0B9FD4FF4A671294811F0BC
:102D3800ABFD2A4812F008F9064678B30025284664
:102D4800BDE8F087237B83B12368DB680BB120469D
:102D58009847636883F806A023681B69B3B963685A
:102D680004221968204612F017F9013610344C4530
:102D780018D91B49174A18484FF4AC7311F08DFD48
:102D8800184811F08AFD4FF4AC71CFE720469847F8
:102D98000028E4D00AFA06F31D43E6E705464FF09B
:102DA800010AE4E7CED3B8F1000FC8D0002DC5D092
:102DB8002846FFF775FF0546002FF7D0002164204D
:102DC8000FF060F8F2E700BF009B0108F09A0108D5
:102DD800F4B10108C7B10108BDAB0108200F0020FC
:102DE80024B2010845B2010801480DF00DBC00BF2E
:102DF80004070020014B53F820007047149E010877
:102E080008B5034608462BB1044A136000F0D0FD0C
:102E1800002008BD6FF01500FBE700BF700300201D
:102E280010B5044C237813B903480DF0EDFB0123CA
:102E3800237010BD2A2200200407002010B5044684
:102E48000B4812F081F85CB1BFF35B8F094B53E874
:102E5800001F013943E80012002AF8D1BFF35B8F45
:102E6800054815F052FF0548BDE810400DF0CCBBF1
:102E7800180F00201C0F0020F80B0020040700206A
:102E88000020064BBFF35B8F014653E8000F43E871
:102E98000012002AF9D1BFF35B8F7047180F00208A
:102EA80070B5FFF7EDFF104C104E0546B44219D926
:102EB8000F49104A10484FF4037311F0EEFC0F4805
:102EC80011F0EBFC0B484FF4037111F0DDFC636863
:102ED8005B792BB123685B6813B129462046984774
:102EE8001034E3E7F3D370BDF09A0108009B0108A2
:102EF80024B20108C7B10108BDAB010845B20108F9
:102F080010B5044C04492046FEF7C0FF034B1C6073
:102F180010BD00BF48060020009E01080C0F0020CD
:102F2800154A1648002310B51370154A1360154A40
:102F38004FF47A711360FFF763FFFFF7E1FF124B5D
:102F4800124918468B4215D91149124A124840F2C3
:102F5800271311F0A2FC114811F09FFC0D4840F214
:102F6800271111F091FC1A1A5C68121101322271B2
:102F78001033E7E7F7D310BD2B2200206B4F010871
:102F8800180F00201C0F0020F09A0108009B010870
:102F980024B20108C7B10108BDAB010845B2010858
:102FA8000146002201480023FEF7A2BF4806002080
:102FB8000148FFF7B9B800BF48060020024B014698
:102FC8001868FFF745B900BF0C0F00200148FFF74C
:102FD800B1B900BF4806002070B52E4B18780028FC
:102FE80056D0FFF7E5FF054600283DD12A4B2B4C6C
:102FF8001B68002B12DD15F034FE0A220023FDF7B2
:103008009DFDD4E90032C01A40F2E93361EB0201B8
:10301800984271F1000101D3FFF742FFD4E9003271
:1030280013F57A7342F10002C4E90032BDE870403A
:10303800FFF7CCBF63685B7923B1236829461B6817
:10304800204698471034B44211D91549154A1648F4
:103058004FF4007311F021FC144811F01EFC1148C4
:103068004FF4007111F010FC114C124EEBE7E1D354
:103078002846FFF7A3FFBFF35B8F0F4B53E8001FF2
:10308800013943E80012002AF8D1BFF35B8FADE79E
:1030980070BD00BF2A220020180F0020F00B00206E
:1030A80024B20108C7B10108BDAB010845B2010847
:1030B800F09A0108009B01081C0F002070B5154DFF
:1030C800297829BB0120FFF71DFE134C134EB4428B
:1030D80017D91349134A144840F2C51311F0DDFB00
:1030E800124811F0DAFB0F4840F2C51111F0CCFB81
:1030F80063685B791BB1236820469B689847103446
:10310800E5E7F5D3FFF768FF0028FBD101232B7013
:1031180070BD00BF2B220020F09A0108009B010817
:1031280024B20108C7B10108BDAB010845B20108C6
:103138002DE9F047384B394FFB1A1B090AD138499A
:10314800384A394840F2A93311F0A7FB40F2A931B7
:10315800344819E000210846FFF7D4FD0446A8B119
:103168004FF4FA784FF00009304B1B789BB930497F
:10317800304A2D4840F2463311F08FFB2E4811F0AB
:103188008CFB2C4840F2463111F07EFB4FF0FF38A3
:103198004FF0FF39E8E716F077F8284B284A1B5814
:1031A800136033B1274B1B68092B02DD26480DF04D
:1031B8002BFADFF894A0002544B12046FFF770FDF4
:1031C800044618B94FF0FF384FF0FF39FFF704FFF6
:1031D800064628B935B942464B4650460DF098FA8E
:1031E8003546E9E70C4D08E0F5D22B689B691BB121
:1031F80000221146284698471035BD42F4D9134994
:10320800084A094840F29D3311F047FB104811F075
:1032180044FB40F29D319BE7F09A0108009B0108AE
:1032280064B20108C7B10108BDAB01083A23002008
:1032380043AF010818AF010856AF010808000000A5
:10324800140F00201C0F00200407002024B20108DE
:1032580045B2010813B52C4811F076FE2B4B1B78AC
:10326800002B35D0EFF31184102383F31288BFF3BA
:103278006F8F27480FF01AF968B9264A2649274858
:10328800882311F00AFB2249254811F006FB882102
:10329800204811F0F9FA1E480FF02CF9FFF79CFEB0
:1032A8001B480FF011F968B91A4A1E491B484FF418
:1032B8009A7311F0F2FA16491B4811F0EEFA4FF41E
:1032C8009A71E5E784F31188BFF36F8F02B010BDE0
:1032D800164B1B68002BF9D050B900220023CDE90A
:1032E8000023134842F2107200230FF033FCEDE77D
:1032F8000928EBD10E4815F008FD0E4802B0BDE8CC
:1033080010400DF081B900BF1C0F00202B220020B7
:10331800100F0020A7AF0108D4AF0108BDAB01080A
:10332800E9AF0108FFAF010816B00108140F00202B
:10333800F80B00200407002010B5064B1B68044654
:1033480098472146A0600448FEF796FEBDE8104065
:10335800FFF780BF7003002048060020044A054B91
:103368009B1AB1EBD30F34BF52F8310000207047DD
:10337800B8990108F09A01082DE9F04F8FB004AF11
:10338800C1F34A28B8600D4691467B600C0DB8F130
:10339800000F68D0002607F114034FF0040B4FF01C
:1033A8000A0AC7F80C80C7E907667E620193CDF860
:1033B80008B0CDF800A007F11C03F968324648466A
:1033C800FEF7EEFAB0F5006F03461CD36C468AB0E0
:1033D800D9F8041004AB2C48C3E9050140F2FF7189
:1033E800D9611A464FF400711984284B42F8103FEE
:1033F800274833464FF41251FFF7BEFFA5462C3736
:10340800BD46BDE8F08FC0F30A0804F11700184460
:1034180020F0070080083B60FFF7C2FD68F35325E2
:10342800044640B33B681B4AC7E9083600F110015F
:1034380007F11403F961CDE900A3CDF808B0F968E4
:1034480007F11C034846FEF7ABFA002813DA1249C5
:103458001248134A4FF4A37311F01FFA10484FF49F
:10346800A37111F011FA04F1170020F00700800889
:10347800FFF796FD044668F353257B68B9682A462A
:10348800204611F0A9FDBAE78DB201080400000139
:10349800389A0108B34F0108F9B20108BDAB010819
:1034A800CCB201082DE9F04F87B0DDE91279DDE9EA
:1034B800106A044603919346984627B3CDF80090C6
:1034C8003B46524610210020CDF81490FEF74CF8E8
:1034D800051E0BDA2649274A274840F2651311F0E2
:1034E800DCF940F26511234811F0CEF9B5F5006F0B
:1034F8000ADB224A224840F2FF73022107B0BDE8E6
:10350800F04F11F0C2BD3D4606F11700284420F0E7
:10351800070004F007048008FFF742FD0BF0070BD3
:10352800E40044EA8B1444EA452444EA0654064677
:10353800A0B19FB1CDF800903B46524629461030C5
:10354800FEF712F8002809DA09490A4A0A484FF42E
:10355800C47311F0A2F94FF4C471C4E70399434648
:103568002246304607B0BDE8F04F11F035BD00BF28
:10357800F8B20108CCB20108BDAB010802B30108DA
:10358800389A0108406820B1034BC01A40F3CF00B5
:1035980070474FF0FF307047B89901080EB403B573
:1035A80003AB014653F8042B0448019301F0EAFAEF
:1035B80002B05DF804EB03B0704700BFE5350008C2
:1035C800CA0605D48B064CBF02490349FFF7E6BF7C
:1035D800704700BF9CDF01083AB3010838B54B6853
:1035E8001A68CB689A4205460C4602D1084611F083
:1035F80070FD6368BFF35B8F53E8002F511C43E8ED
:1036080000100028F8D1BFF35B8FA3689D5463684E
:103618001A68E3689A4209D905490648064A722396
:1036280011F03BF90448722111F02EF9002038BD41
:103638006CB30108BDAB01083DB301082DE9F04F9B
:1036480089B09B46149B06939DF84CA0159B059347
:10365800169B179E049304460D469046BAF1000F38
:1036680000F0AD80BAF1040F0BD9A349A34AA448CE
:1036780040F24D2311F011F940F24D219F4811F00D
:1036880003F906F48073079311F084FC06F002092D
:10369800024600283FD09B492046FFF77FFF074698
:1036A800B9F1000F08D016F0440F36D196492A46D2
:1036B8002046FFF773FF074406F0010353B1934B0D
:1036C800934953F82A20934B2046002A08BF1A46EC
:1036D800FFF764FF06F48073002B4AD006F0080356
:1036E800002B64D1B8F1000F67D08B4942462046C1
:1036F800FFF754FF0546069B3D44002B6ED1049B03
:10370800002B40F08380F30700F1F080314620461B
:10371800FFF756FFE4E00746C2E7804B1868002829
:10372800C9D07F4B4FF47A791B68B5FBF3F54FF49A
:103738006163B5FBF0F100FB115509FB05F54FF08E
:103748003C0CB1FBF3F203FB1211B5FBF0FEB1FB2D
:10375800FCF300FB1E550CFB131109FB05F500914A
:10376800B5FBF0F56F49CDE901E52046FFF716FFF7
:10377800A1E706F00803EBB16B4B6C4953F82A201C
:103788002046FFF70BFF0546B8F1000F05D0624948
:1037980042462046FFF702FF0544BBF1000FAAD0BE
:1037A80063495A462046FFF7F9FE0544A3E74FF060
:1037B800000BE1E706F00805E6E745469BE7BBF1A5
:1037C800010F069B06D1DBB9049B002B00F0888013
:1037D80000251BE0002BF7D0564812E05648069B00
:1037E8005649224610F0E9FF00280CDA5449434AAA
:1037F800434840F2A72311F050F840F2A7213DE7D3
:103808004D485546EBE7049B002B65D0DFF8348123
:10381800DFF83491049F3146102F204628BF102727
:10382800FFF7CEFE4FF0000B5D4542DC059B494695
:103838001A782046FFF7B2FE4FF0010B1BF0070F76
:1038480003D141462046FFF7A9FE5F4538D9059BBD
:10385800494613F80B202046FFF7A0FE0BF1010B99
:10386800BBF1100FEAD1394920464FF0000BFFF7A2
:1038780095FE5A46059B9A5CA2F120015F2928BF54
:103888002E2233492046FFF789FE0BF1010BBBF1CD
:10389800100F1AD01BF0070F03D141462046FFF73F
:1038A8007DFE5F455A46E5D841462046FFF776FE3D
:1038B800EBE741462046FFF771FE0BF1010BB3E73A
:1038C80024492046FFF76AFEC8E7059B3B44059359
:1038D800049BDB1B04939DD1BAF1000F7FF413AF57
:1038E800204609B0BDE8F04F11F0F3BB094A08497A
:1038F8002046FFF753FE09E7A1B301083DB30108CD
:10390800BDAB0108ACB30108B0B30108249E01089F
:1039180056BD01089CB30108D5B30108280F002043
:10392800240F0020B9B30108389E0108D9B3010853
:10393800DFB30108F5500108E53500088D4B000894
:10394800E4B30108F5B30108EDB30108F7B30108C2
:10395800F9B30108F3B3010873B542F20F738B4250
:1039680028BF0B4605680F4A0446052168460FF034
:103978007DFD63680C495B6806460B22284611F0FA
:103988009AFB63683246694628465B6811F093FBE8
:10399800636806495B681B22284611F08CFB02B05D
:1039A80070BD00BF19D1010818B40108FCB30108A3
:1039B800074A00210123904206D8064A01B901238B
:1039C8001360054B1860704740085B000121F2E75F
:1039D80040420F00240F0020280F0020F8B5074FA1
:1039E8000D4604464618B44201D12846F8BD14F8DD
:1039F800011BBB680148DB699847F4E7D8940108C4
:103A080010B543681C68094815F023F848B90849F7
:103A18000848094A992310F040FF0748992110F0F7
:103A280033FF23685B685C6010BD00BFD894010851
:103A380082B40108BDAB010844B40108014B03601E
:103A480000207047809E010870B5104B1C680D4619
:103A5800B4B10F4B196800238B4202DB6FF00100F1
:103A680070BD224612F8106B864202D0013314460C
:103A7800F2E7E06814F0EDFF28B12C600020EFE7D2
:103A88006FF00C00ECE76FF01200E9E77C03002010
:103A9800809E010810B588B0436802938368C068A7
:103AA800CDE903320A680023CDE906230C4601AAB2
:103AB8000449059313F0ECFE079808B9059B2360A9
:103AC80008B010BDE35101082DE9F0410C4B1C680A
:103AD80005460E4617467CB100F004F96368204697
:103AE800D3F8108032463B462946C047044600F0CA
:103AF80003F92046BDE8F0816FF00104F9E700BF43
:103B0800580F002000230360044B5A6812B9C3E918
:103B18000000704710605860704700BF5C0F0020BD
:103B2800014B1860704700BF580F00201FB5CDE942
:103B38000101039200F0D6F8074B1C6824B900F085
:103B4800DBF8204604B010BD636820461B6801A955
:103B580098472468F2E700BF5C0F0020024B002260
:103B6800C3E90022704700BF5C0F0020024B00220F
:103B7800C3E90022FFF7F2BF640F00202DE9F743E5
:103B880007460C4609B100230B60264DDFF89890D4
:103B980000264D4524D92549254A26489D2310F05D
:103BA8007CFE254810F079FE21489D2110F06CFE1E
:103BB800D5F8008001AA4146384611F049FB50B1BA
:103BC80016B954B92E4606E031680022404611F075
:103BD8003FFB0028F5D11835DBE7019B2360F1E7AF
:103BE800E6D3164B1D68C5B155F8188C01AA414695
:103BF8003846183D11F02CFB50B116B954B92E4671
:103C080006E031680022404611F022FB0028F5D179
:103C1800AD69E8E7019B2360F1E7304603B0BDE8F2
:103C2800F08300BF009B0108009B0108FFB4010856
:103C3800CDB40108BDAB010845B20108640F0020EE
:103C48002DE9F04784B002AF0446D7F82890786091
:103C58000D4616469846B9F1000F07D0D9F800105E
:103C680031BBD9F804A0BAF1000F28D1391D20467C
:103C7800FFF784FF08B3D0F80C90786843463246C3
:103C88002946C847C8B16D468AB002AA124BD0610E
:103C9800C2E905344FF400731384104B42F8103F07
:103CA8000F4800234FF41151FFF766FBAD4604E0BF
:103CB8003A1D11F0CDFA0028D3D1002007E0D9F839
:103CC800083000937868434632462946D04708377B
:103CD800BD46BDE8F08700BF27B501080400000114
:103CE800889A010803484FF0FF324FF0FF330CF079
:103CF800CBBA00BFF006002001480CF095BB00BF0E
:103D0800F006002038B5094DFFF7ECFF2B783BB9DA
:103D1800FFF72CFF00F06AF8044610B901232B7056
:103D28000024FFF7E9FF204638BD00BF2D22002000
:103D38002DE9F047048FDFF8B0A0013498B00646AB
:103D48008946A4B200F10807651EADB2B5F5004F6B
:103D580047D04A2305AA2946384611F0DCF804F56D
:103D68007F543F34A4B28046214601230DF10B0253
:103D7800384611F0D0F8B8F1000F014610DC0028E1
:103D880010DC338FAB4209D132466B1E22F8383F24
:103D98004FF4004102233846FEF716FE2C46D3E7BF
:103DA800002808DC2946384611F0B1F82146384683
:103DB80011F0ADF8E5E708F160030DEB0308002307
:103DC80008F84C3C5246CDF8009003AB05A8039781
:103DD800ADF81040FFF734FF0028DFD018B0BDE879
:103DE800F0870020FAE700BFA55201087FB501233C
:103DF800694603200193FFF727FE044660BB02AA29
:103E080001A9032011F00BFA044610B110F10C0FB0
:103E180022D10399B1F5803F23D2009A00239468F8
:103E28001846084484421AD30133082BF9D10E4DA1
:103E380069612B835368AB602846D368EB6311F044
:103E4800C5FA044640B9094E6E602846FFF75AFE87
:103E580028466E60FFF764FE204604B070BD9BB232
:103E6800E5E76FF02004F7E76C0F002080030020DF
:103E780008B50348034A0021121A11F0DCFA08BDFC
:103E8800500700203C2300200748084A084908B585
:103E9800121A11F0D2FA0748074A0849BDE8084043
:103EA800121A11F0CABA00BF000000204C07002007
:103EB80090E80108000000200000002090E80108B8
:103EC8002DE9F047064600AF0C46002936D0E946F2
:103ED8008AB0D1E90012A3686D462148A8464FF080
:103EE800050AC5E90501C5E9072348F810AF1D48CB
:103EF800424600234FF42151FFF73EFACD46D4E95C
:103F080003126369AD461848C5F810A0C5E9050154
:103F1800C5E907231348002342464FF42151FFF710
:103F28002BFACD46E369114A0E48012111F0ADF88C
:103F3800A3690F4A0B48012111F0A7F8012E07D1F8
:103F4800EFF305830B4A0748103B314611F09DF803
:103F5800214630460BF08AFFBD46BDE8F08700BF1A
:103F68005BB50108809A01088AB50108B9B501084E
:103F7800C8B50108F6B5010830BFFFF7FDBF00BF9F
:103F88002DE9F0410B4EDFF8308006EB0807CC1B1B
:103F9800054632460949204614F04AFFA019424610
:103FA8000021083C14F052FFC5F8944007F10800BE
:103FB800BDE8F0810000000004000000009B01083B
:103FC800054B5A699B689A421FBF044A536843F0DD
:103FD80080535360704700BFD021002000ED00E0FF
:103FE80070B5244C06460D462348244911F032FA90
:103FF800A36AD9043CD52048214911F02BFA17208F
:10400800A36A1A0504D51C481E4911F023FA182082
:10401800184CA36A9B0512D51B49174811F01AFAC8
:10402800A36BA26A110409D5184A1348012111F09B
:104038002CF81EB1A36A23F40043A36219200D4C87
:10404800A36A5A0504D50C48114911F003FA1A203D
:10405800A36ADB0504D508480E4911F0FBF91B20BB
:10406800044A936A43F47F43936200232B7070BD24
:104078001620C5E700ED00E0809A010809B601089E
:104088001FB6010830B6010843B601085CB601083E
:1040980071B601088CB6010810B5204C204921489A
:1040A80011F0D8F9A36A990136D51E481E4911F0B6
:1040B800D1F91E20A36ADA0104D51A481B4911F068
:1040C800C9F91F20154CA36A1B0304D515481849C4
:1040D80011F0C0F92120A36A590304D511481549E4
:1040E80011F0B8F922200D4CA36A9A0304D50D48A3
:1040F800114911F0AFF92320A36ADB0304D509485D
:104108000E4911F0A7F92420044A936A6FEA034381
:104118006FEA1343936210BD1D20CBE700ED00E06A
:10412800A4B60108809A0108BCB60108CFB60108F8
:10413800E9B6010807B701082CB7010846B7010816
:104148002DE9F843384D804689463848384917469E
:1041580011F080F9AB6ADC0627D53649334811F0EF
:1041680079F91124AB6A180704D533492F4811F09F
:1041780071F912242C4DAB6A990718D52F492B4891
:1041880011F068F96E6BAB6A1A0637D52C4A2748C6
:104198003346012110F079FFB9F1000F03D0AB6A63
:1041A80023F08003AB62132403E01024DAE76FF0F6
:1041B80015061D4DAB6ADB0704D522491B4811F0D3
:1041C80049F91424AB6AD80602D4AB6A99070BD50F
:1041D800154D6B681A0507D54146304600F070FA50
:1041E80078B180F3098802240F4A936A43F0FF03E9
:1041F800936200233B702046BDE8F8836FF01506F4
:10420800D1E7AB6ADB06EFD50F49104A104840F2F8
:10421800271310F042FB0F4810F03FFB0B4840F209
:10422800271110F031FB00BF00ED00E0809A010873
:1042380071B7010887B7010830B60108BAB7010895
:10424800D2B70108E8B7010839B8010807B801086A
:10425800BDAB010883B80108F0B5794B8BB00446B3
:10426800586800AFC0F30803002686F31188BFF32F
:104278006F8F02F07F45B5F17F4F07D102F00C0533
:10428800082D12D16F49704811F0E4F86F49704A4F
:10429800704840F2144310F000FB6F4810F0FDFA2C
:1042A80040F214416A4810F0EFFA15074CBF0C466B
:1042B8000126002CEAD00022FA71DA1E092A00F23F
:1042C8009E80DFE802F0059497779C9C9C9C9C9AC2
:1042D80062495D485A4D11F0BDF80023FB71EB6A45
:1042E8009A0705D55E49584811F0B4F8002329E02B
:1042F800EB6A002B01DA5B49F5E7EB6A5B0069D5ED
:104308005949514811F0A6F86B69A26943F48073C2
:104318006B61BFF34F8FBFF36F8F6B6932F8022C5D
:1043280023F480736B61BFF34F8FBFF36F8F4DF62C
:1043380002739A4227D123684C4A4348012110F05E
:10434800A4FE2368FA79DAB907F1080504F1200C0C
:10435800206861682A4603C2083464451546F7D1C7
:104368007A6A002E67D0C2F3080121B96FEA522297
:104378006FEA42227A6207F108011846FFF7A0FDAA
:104388002C37BD46F0BDAB6ADBB233B1FA1D012153
:104398002046FFF7D5FE0346D4E7AB6A13F47F4FF8
:1043A80004D0F91D0120FFF71BFEF4E7AB6AB3F553
:1043B800803F02D3FFF770FEEDE72D49244A2548D8
:1043C80040F2ED2310F069FA2A4810F066FA40F23C
:1043D800ED2167E726491E4A1E484FF43C7310F04A
:1043E8005CFA254810F059FA4FF43C715AE7FA1D67
:1043F8000021CDE7F91D0020D5E7204973E7204AC1
:10440800204910F4F87F6D468AB018BF11466A46F5
:10441800103BD3611C484FF4007313841B4BC2E953
:10442800050142F8103F084800234FF41151FEF7E8
:10443800A3FFAD465AE722F4FF7222F0010299E782
:1044480000ED00E0D4B80108809A0108FFB801081F
:1044580007B80108BDAB010812B9010850B9010835
:1044680067B9010888B9010896B90108B5B9010802
:10447800DCDC0108D1B90108F5B9010825BA010841
:10448800BBB80108A6B8010849BA01080400000130
:10449800044B5A6942F010025A615A6922F0080224
:1044A8005A61704700ED00E0EFF30880EFF30981EF
:1044B80001B57246FFF7D0FE01BD00BF0A4880F380
:1044C8000888102080F3118808484FF404614018C8
:1044D80080F30988EFF314800221084380F31488DD
:1044E800BFF36F8F10F0BEFF003D0020802B00202F
:1044F800084B9B6883420BD1EFF3058343B1064B0E
:104508005A6842F080525A605A6A22F400425A624B
:104518000DF050BDD021002000ED00E015498A685B
:104528004FF030001044EFF3098C80E8F01F1020A2
:1045380080F31288BFF36F8F0F4F4FF000664A6900
:104548008A603E60D2F894000C4C2060D2F8980043
:104558000023C2F8983080F3118804B5104600F0A3
:1045680017F9BDE8044002F1300090E8F01F8CF321
:1045780009887047D021002004ED00E0AC0F00202E
:104588001EF0040F0CBFEFF30880EFF30980816978
:1045980011F8021C0229FFD001B5724610F04FFF36
:1045A80001BD00BF40B2002807DB044A41090123CE
:1045B80000F01F00834042F82130704700E100E01E
:1045C80040B200280CDB4309064900F01F002033E5
:1045D8000122824041F82320BFF34F8FBFF36F8F32
:1045E800704700BF00E100E0054B420900F01F00E2
:1045F80053F82220012303FA00F01040704700BF4F
:1046080000E100E038B54B1C0F2B04460D460FD9CE
:10461800114A124912486B2310F03FF911482946F4
:104628000F23224610F039F90B486B2110F02CF9B2
:1046380040B20028ACBF00F160400B4A4FEA0313B8
:10464800B8BF00F00F00DBB2AABF00F561401354F9
:1046580080F8003338BD00BF5CBA010893BA01087E
:10466800BDAB0108AEBA010814ED00E0044B054AE1
:1046780023F07F039360BFF34F8FBFF36F8F7047B3
:104688000000000800ED00E042F8203C009B42F8E2
:104698001C3C0A49019B42F8183C029B42F8143C16
:1046A80021F001014FF0807342F8043C42F8081CE5
:1046B8000023203A0265C0F898307047291E000888
:1046C8000A4A0346906878B113F1160FD0F88400AF
:1046D80005D0A0F140029A4205D8834203D2814214
:1046E80028BF002070470020704700BFD02100205D
:1046F80008B515460C4A0D4B9060D0F894201A6006
:104708000E4600F045F82C4686F309880020044B35
:1047180098472046002100220023024C2047000031
:1047280089540108291E0008D0210020AC0F002060
:10473800014B10221A61704700ED00E00448002385
:104748001021C21801333E2B82F80013F9D17047AB
:1047580000E100E008B5EFF30583064A103B02EBE1
:10476800C30152F8330049688847BDE80840FFF79D
:1047780027BC00BF0C960108024B034A03480121DD
:1047880000F08CB80000012000000020C49E010841
:10479800D0F88420054B403A1A60054A4021C3E905
:1047A80001121846012100F09FB800BFB00F002089
:1047B80000000B1508B503461048D0F89020C2F346
:1047C8000722013A934207D90D480E4A012110F0F9
:1047D8005CFC6FF0150008BDC0F898300A6822F03C
:1047E8001F021A4342F01002C0F89C208A6842F067
:1047F8000102C0F8A0201846EDE700BF00ED00E078
:10480800789A0108F2BA0108F0B50E4685B01F463D
:1048180004460025B5420DDA606810B397B1431E0F
:1048280018420AD0104A11482B46012110F02DFCDD
:104838006FF01502104605B0F0BD1F28F2D92168A7
:104848000B42EFD12368019310F02EFEA36801A953
:104858000343D0B20393FFF7ADFF10F1160FE7D073
:10486800421C01350C34D5E718BB0108789A0108B9
:10487800044B0522C3F89420BFF34F8FBFF36F8F0B
:10488800704700BF00ED00E0BFF35F8F024B0022CE
:10489800C3F89420704700BF00ED00E038B50D4D17
:1048A80001232A780C46FFF7AFFF287016300FD186
:1048B800094A0A490A4840F283130FF0EEFF0948F3
:1048C80021460FF0EAFF044840F283110FF0DCFFA5
:1048D80038BD00BF2E2200203BBB0108DCDC0108EC
:1048E800BDAB01086ABB010810B5144A0023127851
:1048F8000C46FFF789FF10F1160F08D0104A002167
:10490800D2F89030C3F30723984210DB10BD0D4A4C
:104918000D490E484FF4D1730FF0BFFF0C482146E4
:104928000FF0BBFF07484FF4D1710FF0ADFFC2F88D
:104938009800C2F8A0100130E2E700BF2E22002044
:1049480000ED00E03BBB0108DCDC0108BDAB010861
:1049580096BB01082DE9F04F7B4C7C49D4F8903088
:104968000D68C3F307239D4285B013D9784A794966
:1049780079484FF4FE730FF090FFD4F890207748F1
:104988002946C2F307220FF088FF4FF4FE717048E2
:104998000FF07AFFFFF778FF49680022954201F18E
:1049A8000C012DD16E4C6F4F25706846FFF746F805
:1049B800DFF8B481DFF8B49106460025AE4232D163
:1049C800237861490020D1F89020C2F3072293424E
:1049D800C0F2AF80FFF74CFFD1F89030C3F3072344
:1049E800082B00F0AC806249594A5B4840F26E23BC
:1049F8000FF053FF5F480FF050FF40F26E21C6E7FB
:104A0800C4F8982051F80C3C23F01F03134343F0DB
:104A18001003C4F89C3051F8043C43F00103C4F877
:104A2800A0300132BAE7009A02EB05132901D3F846
:104A38000CA00AEA0700B0F5000F60D00AD8B0F55C
:104A4800001F38D0B0F5800F4ED0B0F5801F12D0BF
:104A58000135B3E7B0F1807F5CD0B0F1007FF7D1CA
:104A68009868D3F804A0525810F01EFDCDE901A2B1
:104A780040F480200BE09868D3F804A0525810F056
:104A880013FDCDE901A240F0885040F43020039096
:104A9800207801A9FFF78EFE002846DA2D492C4A16
:104AA8002D4840F226230FF0F8FE33480FF0F5FEAC
:104AB80040F226216BE79868D3F804B0525810F0FA
:104AC800F3FC1AF0010F40EA0800CDE901B20390A7
:104AD800DED02A491E4A204883230FF0DEFE2848EC
:104AE8000FF0DBFE832152E79868D3F804A05258F0
:104AF80010F0DAFCCDE901A240EA0900C7E798689E
:104B0800D3F804A0525810F0CFFCCDE901A240F030
:104B18008270BCE79868D3F804A0525810F0C4FC1F
:104B2800CDE901A240F08870B1E723780133237002
:104B38008EE7C1F89830C1F8A000013343E70020A0
:104B480005B0BDE8F08F00BF00ED00E0D09E010881
:104B58003BBB0108DCDC0108BDAB0108C3BB010895
:104B68002E2200200000F0FF0000081100000202C1
:104B780076BC0108C6BC01084CBC0108F7BB01089B
:104B88001DBC0108F0B587B007460E461446002143
:104B9800102268461D4614F059F902238DF8023098
:104BA8002A46054B019321466846CDE904760EF066
:104BB80023FD07B0F0BD00BFD154010808B5024B72
:104BC8001B689847002008BDBC0F0020034B044A0F
:104BD8001860937843F0020393707047BC0F00206D
:104BE8009C03002008B50649064821F00701C1F1D9
:104BF800005202F58032FCF729FC002008BD00BFF6
:104C080087450020C00F0020024B1B6803B11847DE
:104C1800FF207047D40F00200A4B0B4A0020C3E93D
:104C280000000A4B1A600A4A5A600A4A9A600A4AFD
:104C3800DA600A4B0A4AC3E900200A4A9A600A4A1B
:104C4800DA607047F80F0020A94D0008E80F00202F
:104C5800D54C00080D4E0008E7540108D80F002075
:104C6800114C0008B1540008E954010830B50E4C45
:104C78008BB02D23054668468DF8003004F054F9B2
:104C88009DF904302278934200D15DB1D8B2074B28
:104C980020701B6803B198472378054A054803210B
:104CA80010F0F3F90BB030BD31220020D00F0020F6
:104CB800F6BC0108509A0108034BBFF35B8F1868D4
:104CC800BFF35B8F704700BF001000202DE9F04351
:104CD80083B0427802AF0446C2B1104600F020FB10
:104CE8006C4688B002AA294BC2E905304FF400731C
:104CF8009383274B42F8103F26484FF4E25110F0B7
:104D0800F1FBA5460437BD46BDE8F083FFF7D4FFA5
:104D1800C00702D51046FFF7A9FFFFF7CDFF8107AF
:104D28000ED4237F63B1BFF35B8F1B4B53E8001F87
:104D380041F0020143E80012002AF7D1BFF35B8F6C
:104D48006179237F4A1E5142514141EA4301134B85
:104D58001D685FFA81F8002DD4D0083D4FF6FF7921
:104D68002B88E0784B4501D083420AD1A16894F999
:104D78001030B4F90E200191217B00916E684146F4
:104D8800B047AD68002DBDD0083DE9E70EBD01086C
:104D980003000001509A010800100020F80F0020BD
:104DA800B0B50446407800AF98B100F0B9FA6D4646
:104DB80088B06A460E4BC2E905304FF400739383FE
:104DC8000C4B42F8103F0C484FF4E25110F08AFBAC
:104DD800AD46FFF771FFC30702D50020FFF746FF76
:104DE800064B62781A7006480BF00EFCBD46B0BD43
:104DF80029BD010803000001509A01083022002053
:104E08001C070020B0B58AB00446407800AFE0B176
:104E180000F086FA6D4688B06A461C4BC2E9053038
:104E28004FF4007393831A4B42F8103F19484FF41C
:104E3800E25110F057FBAD46174B62781A701748CD
:104E48000BF0E2FB2837BD46B0BD2378052B0FD009
:104E5800092B19D0012BEFD1072338463B7004F0FA
:104E680063F87B680E4A0B48032110F00EF9E3E75C
:104E78000C4B1B6813B1617A207A98470A4A054897
:104E8800032110F0F9F8D7E7084AF8E741BD01080F
:104E980003000001509A01082F2200203407002047
:104EA80059BD0108CC0F002077BD010887BD010856
:104EB800052808B5034606D1074A084B1070012299
:104EC8001A70002008BD0648064A012110F0DDF8D6
:104ED8006FF08500F6E700BFF3050020F20500201B
:104EE800509A010897BD0108F0B59BB0044600AF81
:104EF8004FF0FF324FF0FF3365480BF0C5F901263C
:104F08001D2307F118003B763E7704F025F9257D2F
:104F1800002D5CD15F4B3E711B787B7202233B7284
:104F280087F8403023697B6407F1400004F014F9E6
:104F3800032387F8403023687B6407F1400004F0BE
:104F48000BF9092387F8403063687B6407F1400058
:104F580004F002F9082387F84030A3687B6407F15E
:104F6800400004F0F9F8381D04F01AFC044600B3B8
:104F780000F0CAF96D4688B06A46474BC2E9053069
:104F88004FF400739383454B454842F8103F4FF464
:104F9800E25110F0A7FA2046AD4600F0CDF90446DC
:104FA80000285DD03A480BF03FFA20466C37BD46E2
:104FB800F0BD4FF0FF333B484FF0FF320BF0A8FB3A
:104FC800394B187800284BD000F0C8F9E7E7012DD5
:104FD8005AD1352387F84030344B7B6407F14000C1
:104FE80004F0BAF8062387F8403000237B6407F101
:104FF800400004F0B1F8072387F8403023687B6449
:1050080007F1400004F0A8F80C2387F84030A368A3
:105018007B6407F1400004F09FF80D2387F84030C7
:10502800A3687B6407F1400004F096F80E2387F824
:105038004030A3687B6407F1400004F08DF80F232B
:1050480087F8403063687B6407F1400004F084F817
:1050580087F8405087F8445007F1400004F07CF886
:10506800FFF72AFEC3070AD42D2387F84030094BDF
:105078001B7887F8443007F1400004F06DF80120F0
:10508800FFF7F4FD00248DE76FF015048AE700BFF1
:10509800C806002032220020B1BD0108030000012B
:1050A800509A0108340700202F2200200003000135
:1050B80000B58BB00246FFF7FFFD00F00100824209
:1050C80019D0BFF35B8F124BC2B153E8001F41F0F8
:1050D800010143E80012002AF7D1BFF35B8F0523D3
:1050E8008DF80030FFF7E8FD00F001008DF80400AE
:1050F800684604F031F80BB05DF804FB53E8001F74
:1051080021F0010143E80012002AE6D0F6E700BFCB
:10511800001000202DE9F04186B0804600AF15460A
:105128001C460E4609B9002A6BD137484FF0FF32AA
:105138004FF0FF330BF0A8F83946284603F092FEEB
:1051480000283ED000F0E0F86C4688B06A462F4B45
:10515800C2E905304FF4007393832D4B42F8103F9A
:105168002C484FF4E25110F0BDF90023A5463B71DD
:10517800FB603B820125381DBB7405F0F3F904463A
:1051880068B300F0C1F86D4688B06A46224BC2E9A0
:1051980005304FF4007393831D4B42F8103F1D48B0
:1051A8004FF4E25110F09EF92046AD4600F0C4F8E5
:1051B800044615480BF038F920461837BD46BDE8B7
:1051C800F08154B1012C08D0144B3D8293F9003082
:1051D80087F80880FE600025CDE73C71F4E74FF0C2
:1051E800FF330F484FF0FF320BF092FA0D4B18784F
:1051F80008B100F0B3F8002D044618BF6FF00A0498
:10520800D7E76FF01504D7E7DC060020C6BD010814
:1052180003000001509A0108EBBD0108312200206B
:105228001C0700203022002000238360054B5968AA
:1052380000F1080211B9C3E9002270470A605A60F8
:10524800704700BFF80F0020014B1860704700BF7F
:10525800D00F0020B0B5234D234924488EB02A78BA
:1052680000AF03F035FCC0B100F04EF86C4688B0D2
:105278006A461F4BC2E905304FF4007393831D4BF8
:105288001D4842F8103F4FF4E25110F02BF96FF02F
:105298001500A5463837BD46B0BD10F036F900F008
:1052A8004BF903F0D5FD044630B100F02DF86C46FB
:1052B80088B06A46114BDDE7062307F10801287814
:1052C8003B7211F01CFC0E4BC0B218700D4B1870DD
:1052D80030233B7407F1100014237B6103F03CFF7B
:1052E8002046D7E7F3050020D80F0020E80F00205C
:1052F80003BE010803000001509A010824BE0108FA
:10530800322200203122002017289ABF024B53F87E
:1053180020000248704700BFD09F010852BE010814
:105328000F289ABF024B53F820000248704700BF6D
:10533800909F010862BE01081628034608D8064A4D
:1053480052F8200030B9002B18BF6FF015007047D5
:105358006FF01500704700BF349F01080F280346FF
:1053680008D8064A52F8200030B9002B18BF6FF051
:10537800150070476FF01500704700BFF49E0108D4
:105388002DE9F04F85B000AFC7E90232DFF8F8A089
:1053980004460D464FF000084FF0140909FB08F1C8
:1053A80001EB0A025AF801B07A6021465846FBF729
:1053B800DFFB7A68064600284BD1D1689268BB6B40
:1053C80095420B440DD06D4688B06A462F4BC2E912
:1053D80005344FF4007393832D4B42F8103F334646
:1053E8000CE053BB6D4688B06A462A49C2E90514E9
:1053F8004FF400719183264942F8101F26484FF454
:10540800E251FDF7B9FFAD466C4688B06A46234BBA
:10541800C2E9053B4FF4007393831D4B42F8103FDC
:105428001D4800234FF4E251FDF7A6FF6FF0150069
:10543800A5461437BD46BDE8F08F19462A46D7E978
:105448000203984785421CD06D4688B06A46144BC3
:10545800BDE708F10108B8F1070F9FD16D4688B084
:105468006A46104BC2E905344FF400739383084B26
:1054780042F8103F084800234FF4E451FDF77CFF41
:10548800AD460020D5E700BF30A00108EAC00108FA
:105498000300000110C10108609A010855C1010804
:1054A80032C101086FC101082DE9F0438BB00646EF
:1054B80000AF58B1342338463B7003F035FD04463D
:1054C80040B1184A184801210FF0D6FD2C37BD46C7
:1054D800BDE8F083D7F80480144D2B8AB3431BD161
:1054E800D5E9022168684144FEF7EEFAA0B1E94621
:1054F8008AB02B686A460E49D061C2E905134FF499
:10550800007313840B4B42F8103F074800234FF4F5
:105518001151FDF731FFCD460134072C05F1140573
:10552800DBD1D3E78BC10108609A010830A00108DC
:10553800A5C101080400000130B58BB034256846C8
:105548008DF8005003F0F0FC38B1134A13480121DC
:105558000FF092FD6FF015040CE0019A1049114804
:10556800FEF7E4FA044640B10F4A034601210B480E
:105578000FF08BFD20460BB030BD68468DF800500B
:1055880003F0EAFD03460028F4D0084A0348012145
:105598000FF07BFDDEE700BF8BC10108609A0108B0
:1055A80089530008CAC10108D6C1010800C2010810
:1055B80010B5012303FA01F1436804691B68194215
:1055C8000ED10E490E4A0F4840F2A2630FF065F95A
:1055D8000D480FF062F90A4840F2A2610FF054F941
:1055E8002368194218BF82F0010222B18368DB6880
:1055F800BDE81040184783681B69F9E77FAB0108CD
:105608004EAB0108BDAB0108DAAB01080246052123
:105618000148FFF7CDBF00BF4C94010802460421A2
:105628000148FFF7C5BF00BF4C940108024A034870
:1056380002210FF021BD00BFD2C20108C89A01089B
:1056480010B50B4CE3691BB9BDE81040FFF7EEBF7E
:1056580000209847074B1B6E03B1984794F82030F9
:1056680023B1BDE81040024800F0D6BC10BD00BF11
:1056780004100020C8A1010870B54FF4B0114668A5
:1056880005461E4800F0FEF918B16FF004042046E4
:1056980070BD1B484FF4B01100F0F4F90028F4D1A4
:1056A800184919480BF074FA284600F0BFFC044664
:1056B80028B1164A164801210FF0DEFCE7E73068EA
:1056C80013F0C7F938B9134A114801210FF0D4FC77
:1056D8006FF01204DBE7337E23B1F06813F0B9F9F9
:1056E8000028F0D0284600F05FFC051ECFDA0A4AF1
:1056F800074801210FF0C0FC2C46C8E7E4A00108C8
:10570800DCA00108495600081010002001C3010858
:10571800C89A01081FC3010834C30108014B93F854
:10572800200070470410002008B503461048042BD9
:1057380080F8203011D005D8BBB10020FFF766FFF4
:1057480000200EE0053B022BF7D80020FFF766FF8C
:10575800BDE808400120FFF759BF0020FFF756FFBA
:105768000120BDE80840FFF759BF0FF0C7FFE4E785
:1057780004100020014BD861704700BF04100020BE
:1057880010B5044C20460FF09EFF012384F820300A
:1057980010BD00BF0410002010B5054C204600F0D5
:1057A80033FC00B910BD00210A200CF06BFBF5E7B3
:1057B8000410002070B58CB00D46DDE91061CDE90C
:1057C800063104ABCDE90402CDE90852009308AADA
:1057D80002230446CDE90A61CDE90223019310F0C2
:1057E800B2F80F48ADB9A6B983680E491D686A4674
:1057F8003346A8470028034604DA0B4A0B48012120
:105808000FF043FC2378842B01D0FFF7C5FF0CB0C1
:1058180070BD836803491D68014802AB6A46E8E722
:1058280064950108C0A0010857C30108C89A010877
:1058380070B5124D86B0284600F0EEFBC023ADF8D7
:10584800043001AB029302230393012402AB0493B7
:1058580005940B480B49836804AA1E680023B047C7
:10586800031E06DA084A094821460FF00EFC06B066
:1058780070BDFFF791FF85F82040F8E7041000207D
:1058880064950108C0A0010857C30108C89A010817
:1058980001480FF031BF00BF0410002001480BF091
:1058A80007BA00BFAC030020014B1860596070476D
:1058B80028100020024B1A685B6802600B60704772
:1058C8002810002008B50FF0C0FE024B1B68C01A54
:1058D80008BD00BF30100020014813F016BA00BF01
:1058E800900600200A2307B5A0FB0323002100200F
:1058F800CDE9000102480DF02DF903B05DF804FB75
:105908009006002008B50FF0A0FE014B186008BDF6
:1059180030100020014B1868704700BF301000207D
:1059280010B5124CBFF35B8F022354E8002F012AF5
:1059380003D144E800310029F7D1BFF35B8F0CBFD6
:105948000120002010D10A4BDB6A9847002344F855
:10595800403CBFF35B8F54E8002F44E80031002936
:10596800F9D1BFF35B8F012010BD00BF7810002074
:10597800C8A1010810B5064B5C68FFF7D1FF30B12C
:105988002CB100212046BDE810400DF09DBC10BD93
:105998003410002013B50D4BD3E901433BB10C4B38
:1059A8005B6B0193002002B0BDE810401847FFF779
:1059B800B7FF40B13CB16FF00401204602B0BDE82A
:1059C80010400DF081BC02B010BD00BF34100020A3
:1059D800C8A101082DE9F347284C9A46D4E9019358
:1059E80007460D46164683B1254B00205B6B98474A
:1059F800E368CDE900A32A46D4F808802068334636
:105A08003946C04702B0BDE8F08704F144020223DA
:105A1800BFF35B8F52E8001F012903D142E8003031
:105A28000028F7D1BFF35B8F9046EBD1E36C1A786F
:105A3800AA4288BF1D70E36CA06C1A78394613F02F
:105A4800F7F9236D03B11E80636D0BB183F800A0D5
:105A58000B4BDB6A984700216160BFF35B8F58E806
:105A6800003F48E80012002AF9D1BFF35B8F48468F
:105A780002B0BDE8F0470DF027BC00BF341000208D
:105A8800C8A10108F8B5044600AF00680D4612F039
:105A9800E0FF03462068BBB96C4688B001686A46D7
:105AA8006048C2E905014FF4007191835E4942F8EC
:105AB800101F5E484FF4E251FDF75EFC6FF01205CF
:105AC800A5462846BD46F8BDE38821792B4313F047
:105AD800FC6FD0E9015ED0F810C00ED05449554A89
:105AE80055484FF47D730EF0D8FE54480EF0D5FE9D
:105AF8004FF47D714F480EF0C7FE03F03002302A94
:105B08000CD14F494B4A4C4840F2F7330EF0C5FED2
:105B18004C480EF0C2FE40F2F731EBE74A4A4B4ED2
:105B28001A40B2420CD14A49424A434840F2FB3338
:105B38000EF0B3FE47480EF0B0FE40F2FB31D9E755
:105B480003F00602042A09D143493A4A3A4840F286
:105B5800FE330EF0A2FE40F2FE31CBE713F44022F2
:105B680016D09E030CD43D49324A334840F20143D3
:105B78000EF093FE3A480EF090FE40F20141B9E76C
:105B8800B2F5402F18D0374A9A4301D183F4402305
:105B98002D6801268E402E4223F4801219D13249F5
:105BA800244A254840F211430EF077FE2F480EF0A4
:105BB80074FE40F211419DE72D491E4A1E4840F2ED
:105BC80005430EF06AFE2B480EF067FE40F20541D1
:105BD80090E7DCF80050DB074CBF3543B543CCF801
:105BE8000050DEF800309847054600283FF469AFBA
:105BF8002368196823796C468AB06A461E48C2E948
:105C080007354FF4007393841C4BC2E9050142F831
:105C1800103F064800234FF43151FDF7ADFBA54670
:105C28004FE700BF81C3010803000001D09A0108B3
:105C38009AC301084EAB0108BDAB010809C40108AD
:105C48002DC4010866C40108020003000200010017
:105C5800A3C40108F0C401083FC5010872C50108C2
:105C6800C1C50108010010007FAB0108DAAB0108CB
:105C7800FCC5010849C6010875C6010805000001F0
:105C880070B50D460F49BFF35B8F012051E8004FF7
:105C9800002C03D141E80006002EF7D1BFF35B8F3B
:105CA8000CD1094E41F8403CD4B2736D2146984757
:105CB8002846B36A21469847002070BD6FF00F0050
:105CC800FBE700BF78100020C8A101082DE9F047C4
:105CD8004FF000088EB005AC264F81468A4616461E
:105CE8004146102209A80125CDE90544CDE90788D8
:105CF80013F0ACF88DF831507B6B0D94002B35D038
:105D08002346324651464846FFF7BAFF041E29DBB0
:105D1800F6B2CDE901860395BB8F174C009397F82F
:105D28003A3097F8392097F83810646A2846A0471F
:105D38000A23A840A0FB0323294609A80DF08CF9E3
:105D4800041E0FDA0D4A0E4829460FF095F9FFF7A1
:105D5800E7FD38B94FF0FF324FF0FF33294609A865
:105D68000DF07AF920460EB0BDE8F0876FF0150403
:105D7800F8E700BF34100020C8A1010895C6010843
:105D8800D09A0108F0B58DB000248DF8072003AE35
:105D98000F461022214607A8CDE90366CDE9054440
:105DA800012513F053F8274B8DF829500B96BFF3B4
:105DB8005B8F53E8002FA24203D143E8005100292A
:105DC800F7D1BFF35B8F39D10DF1070243E91064B6
:105DD8009A601D4E149ADA60159A1A615F60FF2165
:105DE800736D28469847736B20469847DDE9122360
:105DF800294607A80DF030F9041E15DAFFF790FDC3
:105E080050B94FF0FF324FF0FF33294607A80DF085
:105E180023F99DF8074004E00C4A0D4803210FF0D0
:105E28002BF920460DB0F0BD069B002BF1DA094A8C
:105E3800074829460FF020F9069CF2E76FF00F0497
:105E4800EFE700BF78100020C8A10108B1C601081B
:105E5800D09A0108C1C6010810B529B9FFF760FD3D
:105E6800D8B96FF0150010BD0E4BBFF35B8F012042
:105E780053E8004F002C04D143E8000CBCF1000F9C
:105E8800F6D1BFF35B8F0AD1074C43E90F12636D5C
:105E9800FF219847636B002098470020E3E76FF0E5
:105EA8000F00E0E778100020C8A10108F0B52C4DDC
:105EB800BFF35B8F8BB00C46012755E8003F002BE2
:105EC80003D145E80072002AF7D1BFF35B8F43D1B5
:105ED800244E2068F3689847E37A4BB32346103D75
:105EE80004F11007186859682A4603C20833BB42F0
:105EF8001546F7D14FF47A63089300220120237BDB
:105F08000793CDE90522CDE9032023890293A379DC
:105F1800019363790093F569237994F90A10A847E6
:105F2800B36D607B9847FFF7FBFC00200BB0F0BD1A
:105F38000997227BB569CDE90732CDE90533CDE96B
:105F480003330A2202922289CDE900323846A37926
:105F580062792179A847E3E76FF00F00E6E700BF11
:105F680078100020C8A1010838B5084611461A461D
:105F78000B4BBFF35B8F012453E8005F002D04D166
:105F880043E8004CBCF1000FF6D1BFF35B8F04D19E
:105F9800044BDB6B9847002038BD6FF00F00FBE720
:105FA80078100020C8A1010838B5114BBFF35B8FEA
:105FB800002453E8002F43E800410029F9D1BFF33A
:105FC8005B8F0C4943F8341C0B490C4D43F82C1CCF
:105FD8000B4943F8241C0B4943F8301C2A6843F842
:105FE800440CA3F134009047EB6A9847204638BD2B
:105FF800781000207D590008DD590008C8A1010863
:106008009D590008B5560108024B5869C0F3400075
:10601800704700BF00040058034B4FF48022C3F8B8
:1060280084213220FEF7BEBA00E100E0002208B564
:1060380011463220FEF7E6FA054AD2F8903043F4CA
:106048008053C2F890303220FEF7ACFA002008BD29
:1060580000080058074B08491A6843F2390001FB49
:10606800020018606FF00043B0FBF3F3C3EBC37397
:10607800C01A7047BC0300206D4EC641014B186022
:10608800704700BFBC03002030B530B10A4D014451
:106098004FF0FF33814201D1D84330BD10F8012BB6
:1060A8005340082243F30004013A2C4092B284EA98
:1060B8005303002AF6D1EDE72083B8ED044A1368AC
:1060C8000BB100215972436110600FF0F5BB00BF9E
:1060D8008C10002037B5044601A80FF0D8FA6CB12F
:1060E800174D2A68134673B9636823600123238117
:1060F8006AB9FFF707FC2046FFF7E0FF01A80FF099
:10610800CFFA03B030BD9C42F8D05B69EBE7FFF7EC
:10611800D9FB236818442B6820601A689042EAD398
:106128005A69596911B95C616161E7E71168884288
:1061380002D913465269F4E75C616261DEE700BF89
:106148008C100020F8B5FFF7E5FB1C4C0546FFF75F
:10615800D9FB2368A3B1471B1E462D1A716929B9BB
:106168005A692260DA68197242B9FEE70A68BA42C7
:106178008CBF521900220A607669EFE718699047C8
:10618800002623682BB9206880B9F8BD18699047A4
:10619800F7E71D68FFF796FB8542F4D223685A6932
:1061A8002260DA681E72002AF0D1FEE7437A002BDB
:1061B800EBD1BDE8F8400FF07FBB00BF8C1000208A
:1061C80037B5134D044601A80FF061FA2B686BB17F
:1061D80064B10022A342227211D1597A5C6961B17B
:1061E8005A7244B120462C600FF066FB01A80FF0EC
:1061F80057FA03B030BDFFF76FFB2C60F6E71A467D
:106208005B69002BF2D09C42F9D163695361EDE7D9
:106218008C10002007B5074B1B7840BAADF8040076
:106228002BB9022201A940F2BC600FF0CCF903B0EF
:106238005DF804FB3522002007B5074B1B7840BAF0
:10624800ADF804002BB9022201A940F2BE600FF09C
:10625800BAF903B05DF804FB3522002010B50C4BE9
:106268001B7804469BB94FF4D7600FF0E1F9C4F3EB
:10627800002100F0FE0001434FF4D7600FF0B7F99A
:10628800E1B240F2B960BDE810400FF0B0B910BDFE
:106298003522002013B504460FF03AF904F007033D
:1062A80014F004048DF8073008BF084B4FF00102C2
:1062B8000DF107014FF0840008BF1C700FF063F95F
:1062C8000020FFF731FA02B010BD00BF33220020D2
:1062D80010B50446FFF754FA2046FFF74BFAFFF7CC
:1062E800A7FA00200FF04EFB0FF017F90FF021F975
:1062F800034B00221A70BDE810400120FFF714BAC2
:1063080033220020134B984207B50BD94EF6E11300
:10631800ADF80430022201A998200FF034F903B037
:106328005DF804FB0C4B984202D94DF6D733EFE7E2
:106338000A4B984202D94CF2C153E9E7084B9842FC
:1063480002D948F27513E3E7064B9842E2D946F6BC
:106358006B73DDE700E9A43580F8A9328044E52DA8
:10636800000B6B1B40FC541937B5104D2B780446B5
:106378001BB9FFF7C7FF01232B7043F6095241F6FB
:106388008463B4FBF2F102FB114403EB8433B3FBE7
:10639800F2F3042203EB81331BBA0DEB02018620D2
:1063A80001930FF0F0F803B030BD00BF3322002096
:1063B80007B5064B8DF80700187001220DF107018B
:1063C8008A200FF0E0F803B05DF804FB35220020C6
:1063D800014B1878704700BF3522002013B5224AB8
:1063E8000446516810686B4603C3204B20781B781D
:1063F800834201D0FFF7DCFF23781BB1012B2ED09D
:1064080002B010BD62681A4BB3FBF2F31A0C8DF898
:1064180000201A0A8DF801208DF80230A268237B2B
:106428008DF8033043F60951637BB2FBF1F08DF828
:10643800043001FB102241F6846303EB8233B3FB83
:10644800F1F303EB80331A0C5BBA8DF80520ADF835
:106458000630082269468B200FF095F8D0E72369AB
:1064680000930422F6E700BF409B01083522002074
:106478000000093D1FB52B4A0446D1689068127C7C
:1064880001AB03C31A70284B20781B78834201D0D4
:10649800FFF78EFF23781BB1012B31D004B010BD5C
:1064A800637AF12B20D14FF6FF70FFF7B3FE48F265
:1064B8000500FFF7C1FE02236288A188ADF8061027
:1064C80052BAE188ADF804208DF80B30227AA37A0D
:1064D8008DF80A20ADF808108DF80C30092201A9B2
:1064E8008C200FF050F8D9E7F22BE5D141F60F5088
:1064F800FFF790FE41F22100FFF79EFE0623DBE73F
:10650800A3890A4A5BBAADF80430A37B13708DF8EF
:106518000630E37B8DF80730238AADF80830062271
:10652800DDE700BF409B010835220020342200200F
:1065380037B505460C46022201A913200FF031F8A1
:106548000A4B1B78012B0DD1094B1B78012B09D164
:1065580040F202700FF06CF89DF805302870237037
:1065680003B030BD9DF80400F6E700BF35220020D7
:106578003422002013B50322044601A914200FF089
:1065880010F8184B1A7822704AB1012A17D0132232
:106598000021601C12F05AFC0F2323700DE09DF8B7
:1065A800043023719DF80530A2605B425B10A37133
:1065B8009DF806305B425B10637102B010BD9DF818
:1065C80004305B425B1023739DF9053002339B1046
:1065D80063739DF806305B425B10A373024B1B6824
:1065E8002361EAE73522002090100020034B1B6846
:1065F80013B15B6803B11847704700BFB81100209A
:10660800034B1B6813B1DB6803B11847704700BF21
:10661800B8110020014B01221A707047382200205F
:1066280008B5FFF77BF80438C0B2032896BF024BC1
:106638000020185C08BD00BFDDC6010838B50C464F
:10664800002340F201211A46054608460FF0C4FA15
:10665800FFF7BEFE0C4B01280C480CBF83F8C7405F
:1066680083F8C040FFF706FF2146284600220FF0B6
:10667800B1F9074B074819680FF03CF9BDE83840F5
:106688000448FFF727BD00BFC41000207C1100207C
:10669800D4110020AC10002038B50D461446FFF781
:1066A80063FE2846074D0EF047FF0FF027FA4FF418
:1066B8007A71284661430FF01DF92846BDE8384035
:1066C800FFF708BDAC10002073B5574D01A80EF0B8
:1066D800DEFF2C78002301A82B700EF0E1FF002CC0
:1066E80061D00FF08EFA04460FF02EFB01A80EF0D1
:1066F800CEFFFFF7CDF8012808BF287001A80EF0DB
:10670800CFFFE5070BD54948FFF75AFD0120FFF7F2
:106718000BF8474B1B6813B11B6803B19847A007D8
:1067280011D54448424EFFF74BFD14F0400F424B41
:106738003BD01B7813B90120FEF7F6FF336813B17D
:106748001B6903B1984721060AD50120FEF7ECFF23
:10675800374B1B6823B19B6913B1C4F300209847DA
:10676800A2050FD5FEF7DAFF04284CD12F48FFF712
:1067780027FD0120FEF7D8FF2D4B1B6813B15B687E
:1067880003B19847A3060ED52A48FFF719FD2A4BEF
:106798001B7813B90120FEF7C7FF254B1B6813B1FF
:1067A800DB6803B1984702B070BD1D7895B9012028
:1067B800FEF7BAFF294640F602100EF018FF40F621
:1067C80044100EF035FF40F00201C9B240F6441003
:1067D8000EF00DFF194D1A48FF220DF103010FF0BD
:1067E8009AFA2846FFF7C6FE3368002BABD09E689E
:1067F800002EA8D095F90D3095F90C209DF80310BE
:106808000F48B0479FE7FEF789FF0528BAD1094826
:10681800FFF7D6FC0120FEF787FF054B1B68002B0E
:10682800B0D0DB68ACE700BF38220020AC100020F5
:10683800B81100209410002038230020BC1100203B
:106848003922002010B590B10A4B012219461C6864
:10685800A04206D39C68A04203D201EBC20108798A
:1068680010BD0132162A03F10803F0D1FEE71F20FC
:10687800F6E700BF18A101080128094806D1094B0D
:1068880080F8C7101970B830FFF7F4BD90F8BF3022
:10689800012B04D1034B80F8C0101970F3E770473F
:1068A800C4100020F405002000234FF6FF7110B536
:1068B8001A46044608460FF08FF934B109482146B4
:1068C8000FF018F80748FFF705FC074B1B782BB1AA
:1068D8006FF07F40BDE810400FF085B8034B186893
:1068E8008001F7E79410002038230020D011002001
:1068F80000234FF6FF7110B51A46044608460FF0FC
:106908006BF934B1094821460EF0F4FF0748FFF748
:10691800E1FB074B1B782BB16FF07F40BDE81040BF
:106928000FF0AEB8034B18688001F7E79410002009
:1069380038230020D0110020F0B5BDF814409DF890
:1069480018C09DF81CE09DF8205040B1012814D0D3
:106958000122002398180138B0FBF2F0F0BD8CF04A
:10696800010CE30003EBCC0318330EEB450503EBF6
:10697800C5034FF47A714B43ECE7501F012803F12C
:10698800040304D80C2C38BF0C24002706E0C1B936
:10699800A2F10B07012F8CBF002701272801BCF1AA
:1069A800000F00EBCE000CBF14250025A0EB8200E1
:1069B800062A4FEA82062844A2F1020C08D8354676
:1069C8000BE00129E1D1A2F10C0047424741E5E77C
:1069D8000830002FF3D04FEA8C050028ACBF2E18E2
:1069E8002E1C701E90FBF5F003FB0044094B062A91
:1069F8005A5C8CBF0C340E340A2A0AD8A30001331F
:106A08004FF47A7103FA0CF34B43034951F82220EF
:106A1800A0E7FFDEE1C60108ECA001080D4B10B5A8
:106A280004461870587000F017F85CB134214FF420
:106A3800E8600EF0DCFD4421BDE8104040F24170F2
:106A48000EF0D5BD14214FF4E8600EF0D0FD2421DE
:106A5800F2E700BF3622002008B50120FFF7A8FCA6
:106A6800054B18785A78824204D05870BDE808401F
:106A7800FFF7D4BF08BD00BF36220020012808B5A3
:106A880006D00020FFF794FC034B00225A7008BD83
:106A9800BDE80840FFF7E0BF362200202DE9F04F9F
:106AA80085B089469DF84C1000919DF85C109DF8C2
:106AB80044A0BDF84070694CDFF8A4B1BDF83C6053
:106AC8002170002918BF0027BAF1000F15469DF85C
:106AD800482008BFFF228BF80020804620B10128FB
:106AE80054D005B0BDE8F08F5E4C0FF012F80B23C0
:106AF8004FEA490084F8EC3084F8E080C4F8E450A8
:106B0800FFF7A0FE41F60403A4F8BC309BF8003060
:106B180084F8C030009B84F8ED00002B0CBF0123E3
:106B2800F22384F8C130F60001238AF0010A84F8C0
:106B3800C23084F8B880A4F8BA6084F8BE8084F8BB
:106B4800BFA00FF00FF994F8E000003818BF01203B
:106B5800FFF794FF04F1E000FFF740FC04F1B800F0
:106B6800FFF788FC404A1068516802AB03C302A8CB
:106B78000EF0FFFE40F2FF10FFF770FB4FF4FA53E0
:106B88007B43B3FBF5F3394A1360AAE70020354C81
:106B980001930EF0BEFF3649019B11F8091084F8E5
:106BA800E080EAB284F8F020B9F1000F45D10B3D3E
:106BB800012D8CBF00250125053A012A02D80C2E8B
:106BC80038BF0C2684F8F230012384F8B8309BF8DB
:106BD800003084F8C730009B84F8C8309DF85830DE
:106BE80084F8C93084F8F11084F8F350A4F8C4602C
:106BF80084F8C6A00FF0B6F894F8E000003818BF83
:106C08000120FFF73BFF1B48FFF7E8FB1A48FFF797
:106C180031FCF8B20EF089FF94F8C930012B40F22C
:106C2800367014D10EF004FD00F0FB0140F236700E
:106C38000EF0DDFC4FF6FF73A5E7B9F1010F04D1A3
:106C4800A5F10C0045424541B6E70025B4E70EF032
:106C5800EFFC40F00401C9B2E8E700BF3823002088
:106C6800F4050020C4100020519B0108D011002019
:106C7800E1C60108A41100207C1100202DE9F74F7E
:106C88000C9DBDF838709DF83C909DF840A0884652
:106C98009346064648B101284DD040F689000EF0CB
:106CA800C7FC40F00401C9B28DE0524C0B2284F8B5
:106CB800E000580084F8EC20C4F8E450FFF7C2FD67
:106CC80041F60403BAF1000FA4F8BC300CBF01234D
:106CD800F22384F8C130FF00012389F0010984F808
:106CE800C23084F8ED00C4F8E8B084F8B860A4F8BD
:106CF800BA7084F8BE6084F8BF900FF033F894F847
:106D0800E000003818BF0120FFF7B8FE04F1E000EA
:106D1800FFF764FB04F1B800FFF7ACFB364A1068D4
:106D280051686B4603C368460EF023FE40F2FF101D
:106D3800FFF794FAB1E72F4C304984F8E000EAB243
:106D4800C95C84F8F020002B4AD10B3D012D8CBF83
:106D580000250125053A012A02D80C2F38BF0C2737
:106D68009DF8343084F8F230012384F8B830244B8D
:106D780084F8F1101B7884F8C7309DF84C3084F8FB
:106D8800C93084F8F350A4F8C47084F8C69084F825
:106D9800C8A00EF0E7FF94F8E000003818BF012003
:106DA800FFF76CFE1748FFF719FB1748FFF762FB60
:106DB80094F8F130062B7FF470AF40F689000EF09E
:106DC80037FC00F0FB0140F689000EF010FC40464D
:106DD8000EF0B2FB149A0D4B1A6003B0BDE8F08FA9
:106DE800012B04D1A5F10C035D425D41B2E70025FA
:106DF800B0E700BFC4100020519B0108E1C601089C
:106E0800F4050020A41100207C110020D4110020DA
:106E180008B5174B18601748FFF75AFA00200EF00C
:106E2800B1FD01200EF0ACFE002108460EF059FF1E
:106E3800042100200EF012FF00234FF6FF711A46BE
:106E480008460EF0C9FE40F6AC000FF007F840F611
:106E580089000FF003F8084908480EF043FD084977
:106E680008480EF03FFD084B00221A7008BD00BF0D
:106E7800B81100201D660008F5650008AC10002058
:106E8800096600089410002038220020A1F11003A0
:106E9800DBB2102B2DE9F047044604D83A4820FA13
:106EA80003F3DB0705D4002382F8F030FF20BDE8A8
:106EB800F087561E254615F8013B06F8013F631B6F
:106EC8000B4413F0FF00F6D101F11C039B005FFA9D
:106ED80083FCC3F30313013BDFF8B09082F8F03072
:106EE800884653184FF0010EB8FBF1FA01FB1A8AD5
:106EF8001AF0FF0A13F8047C13F8036C13F8025C09
:106F080013F8014C30D119F806A019F8056019F8E2
:106F1800045019F807404FEADE1707EB47078EEAD7
:106F28000A0A07EBC7074FEA4E0EFFB25FFA8EFE5A
:106F380087EA0E0E574692F800A087EA0A071F70E4
:106F480057787E405E70967875409D70D57808F1C8
:106F580004085FFA88F86C40C445DC7002F104024A
:106F680003F10403C0D8A2E71829E4D9BAF1100F35
:106F7800E1D1DFF818A01AF807701AF806601AF8B5
:106F880005501AF80440D6E701010100E4C80108D9
:106F98002DE9F04FA3B092F8F0301D911B920193A8
:106FA800002B00F0538101461EA80EF0CDFF1B9B5D
:106FB800A74CA84DA84E10330293002303939DF8C5
:106FC8007C0004909DF886000590205C06909DF852
:106FD8007B000790205C089004989DF881C0205C95
:106FE800099014F80C000A909DF880000B909DF809
:106FF80085009DF878809DF87DE09DF882A09DF839
:1070080087900C909DF87A00029B1C9314F80A2034
:1070180014F8093014F8081014F80E700D90205C5C
:107028000E909DF87F000F90205C10900B98205CCC
:1070380011900C98205C12909DF8840013909DF894
:10704800790014909DF87E001590205C16909DF8AC
:1070580083001790205C18901398205C199014985E
:10706800205C1A900398013003900298DDF804B070
:10707800103002909DF80C00834536D88DF87810B2
:107088008DF87A2009990E9A8DF87C108DF8822057
:107098001199069A8DF880108DF87E201999169A04
:1070A8008DF884108DF886200A99189A8DF87D102D
:1070B8008DF887201299109A8DF87B301B9B8DF8DC
:1070C80081108DF883201A99089A1D988DF88510DB
:1070D8008DF87F201EA903EB0B128DF879700EF046
:1070E80033FF002023B0BDE8F08F15F808B082EA1E
:1070F80003008BEA000016F80EB080EA0B008DF84A
:10710800780015F80E004B40434016F80A0043403B
:107118008DF8793081EA070315F80A10594016F8F6
:107128000930594016F808308DF87A107A405340E3
:1071380015F8092053408DF87B30089A069B534078
:10714800049AAA5C534016F80C2053408DF87C3002
:10715800DDE908325A4015F80C305340059AB25C04
:1071680053408DF87D30DDE909325A40059BEB5CD0
:107178005340079AB25C53408DF87E30069B0A9ABA
:107188005340049AB25C5A40079BEB5C5A408DF816
:107198007F200E9B109A53400B9AAA5C53400C9A7E
:1071A800B25C53408DF88030DDE910325A400C9BB8
:1071B800EB5C53400D9AB25C53408DF88130DDE9A9
:1071C80011325A400D9BEB5C53400F9AB25C53400E
:1071D8008DF88230129A0E9B53400B9AB25C5A403B
:1071E8000F9BEB5C1C995A408DF88320169B189ACC
:1071F8005340139AAA5C5340149AB25C53408DF8DA
:107208008430DDE918325A40149BEB5C5340159AE0
:10721800B25C53408DF88530DDE919325A40159B30
:10722800EB5C5340179AB25C53408DF886301A9A3B
:10723800169B5340139AB25C5340179AAA5C1EA837
:1072480053408DF887300EF03EFEB8E6FF2049E740
:10725800E4C80108E4C70108E4C601082DE9F043C1
:10726800CBB00646DDF84891174698460D4689B3D7
:10727800B9F1000F2ED004A80EF0A8FE164B19681D
:10728800002401F1140304EB04101A5C424513D1E5
:107298001530014404A80EF0A9FEA6B93A462946BD
:1072A80004A80EF0A8FE684604A90EF00FFF009B84
:1072B800C9F80030002003E00134172CE3D1032083
:1072C8004BB0BDE8F083102231460DEB02000EF002
:1072D80092FEE3E70220F3E7D811002030B5E9B0C9
:1072E8004FF4D07200210446684611F0AFFD284BD8
:1072F8000DF1150203F1200153F8040B42F8040BB9
:107308008B42F9D11B88138022490323452216A8F2
:107318008DF8473011F08CFD7F238DF8AD30802338
:107328008DF8BE3081238DF8CF3082238DF8E03080
:1073380083238DF8F13084238DF8023185238DF86D
:10734800133186238DF8243187238DF8353188232E
:107358008DF8463189238DF857318A238DF86831A5
:107368008B238DF879318C238DF88A316CB10A4DD5
:107378004FF4D072694620462C600EF0FBF928685D
:107388000FF017F8002069B030BD0220FBE700BFFE
:10739800E4C9010807CA0108D81100202DE9F04105
:1073A8000D46BEB016469846074670B36BB311F04B
:1073B8000F042CD1F022214601A80EF0EFF9154B4D
:1073C8001868214600F1140201EB0113D45CB442A1
:1073D8000BD1153301AA10211844FFF757FD2C468D
:1073E8002E1BF6B244B9204603E001311729EBD130
:1073F80003203EB0BDE8F08101AA08EB0601B819E8
:10740800103CFFF7C5FDA4B2EAE70220F1E705202A
:10741800EFE700BFD8110020F0B51D4E34680346D1
:1074280085B00846002204F1140102EB02154F5DF5
:107438009F4227D1802B05F1150508D07D33DBB29B
:10744800062B18D8492222FA03F3DB0713D50023A9
:10745800CDE90033CDE902337F2210216B46FFF7D7
:107468009DFF044630681022694628440EF082F9D0
:10747800204605B0F0BD0146102260190EF07AF9D9
:107488000024F5E70132172ACFD10324F0E700BF23
:10749800D811002008B5014630B1044B08221868FD
:1074A8000EF068F9002008BD0220FCE7D811002082
:1074B800014B1868704700BFD811002008B5014675
:1074C80038B1054B1868082210440EF053F9002013
:1074D80008BD0220FCE700BFD8110020014B186846
:1074E80008307047D811002008B5014638B1054B5F
:1074F8001868042210300EF03DF9002008BD022063
:10750800FCE700BFD8110020014B18681030704705
:10751800D8110020044B054A93F8A831022B18BF54
:10752800062382F88834704784120020E41600206D
:10753800034BD3F8483313B1DB6803B118477047DE
:10754800E4160020034A137843F002031370FFF790
:10755800EFBF00BFF0110020034A137843F008037F
:107568001370FFF7E5BF00BFF0110020034A13783E
:1075780043F004031370FFF7DBBF00BFF0110020D6
:10758800074BD3F8402322F48072C3F8402393F8C2
:10759800892442F0100283F88924FFF7C9BF00BF8D
:1075A800E41600202DE9F04116461D4680460F4698
:1075B8000EF0B1F9084A094C13782781C4E900088C
:1075C80023F0110343F01103668125731370BDE89E
:1075D800F041FFF7ADBF00BFF0110020DC11002023
:1075E8001FB5094B8DF8090093F88C208DF80A20F7
:1075F80093F858000D2202A98DF808200FF07FFAA1
:10760800C0B205B05DF804FB8412002010B5154C1B
:1076180094F8C92194F85030012A4FF0010294BF20
:1076280084F8D52184F8D721013394F8C821DBB236
:107638009A4284F8503009D80B48FEF7C1FD002360
:1076480084F85030BDE81040FFF772BF074C04F2D1
:10765800BC40D4F8DC140EF04DF904F2BC40FEF73F
:1076680039FDEFE784120020A01B0020E41600205B
:1076780008B50748FEF7A4FD064B93F8162412B187
:10768800012283F81524BDE80840FFF751BF00BF69
:10769800E01A0020E416002010B50C4CD4F8403352
:1076A80043F08003C4F8403394F8163413B1002033
:1076B800FFF7DEFF94F8893423F0120343F0120336
:1076C80084F88934BDE81040FFF724BFE416002091
:1076D8002DE9F0414F4C90B008B984F8C001B4F8D6
:1076E800DC30A4F8483094F8B93084F879304A4B43
:1076F8004A4ED3E9100183E80300D3E9120103F1EC
:10770800080282E80300B4F8CC20A4F88C20D4F84E
:10771800D420C4F89420D4F8D820D4F8D010C4F8D1
:10772800982000254FF0010803F5407203F54173D6
:10773800C4F89010A56384F8AB51A4F8B08184F81C
:107748004A5084F8AD5184F8AE51C4F8C451A4F835
:10775800C85103A9C6F8E454A6F8145486F8165478
:10776800C4E9735594F8580004932D4B84F8D55107
:10777800A4F8D651039205938DF818800FF0CFF92D
:10778800E36FC6F8D83394F88D3086F8E43386F87A
:10779800D45394F8C03186F8E73306F575770FCFE0
:1077A80006F57A740FC486F8E55386F8E6833B68D5
:1077B8002360022386F8FA33D6F8483386F817543C
:1077C800CDE9015586F8F9831BB15A68DB68019247
:1077D8000293144B0793A3F14C020892A3F11402ED
:1077E8000992114A0B9221330A93A2F18C030C934C
:1077F800A2F188030D93131D0E9301A902F1DC0376
:1078080007A802F559720F930EF062FE10B0BDE89A
:10781800F08100BF8412002000130020E41600202D
:10782800F41100204C1B00206813002013B50EF043
:1078380072F80A4B6C46186020460EF008F894E877
:107848000300074A074B83E80300137843F020033B
:10785800137002B0BDE81040FFF76ABEEC110020BB
:10786800F01100201C1A0020F8B52E4E96F8A83109
:10787800022B07460D4602D02B4BDB6A98470EF0C9
:1078880032FE044680B996F8A831012B16D0274C51
:1078980094F8882494F816346AB30BB184F84154E8
:1078A800284603F0CBF836E002200EF012FE002046
:1078B8000EF014FE96F8A831012B11D10EF015FE2A
:1078C80090B100200EF006FE00200EF008FE0EF02B
:1078D8000EFE28B100200EF0FEFD00200EF000FE86
:1078E800BDE8F840FFF716BE0EF001FE0028F1D102
:1078F800002CCCD0F4E70BB184F84174384603F07F
:107908009DF8F06B0EF00EF8D4F8BC339842E7D32C
:107918000748FEF755FC94F8893443F0100384F8BF
:107928008934DDE784120020C8A10108E41600208C
:10793800841A002073B5124D124E0096EB6D95F81F
:10794800602095F9881095F858000FF004F9022383
:10795800B37495F8C031F37495F85800012306F113
:107968003802314673740FF003F930B1064B00202A
:107978005B6B9847B37C86F8A03002B070BD00BF3F
:1079880084120020CC1A0020C8A10108F8B53B4C8D
:1079980094F8A851012D06460ED0022D60D0002D76
:1079A80069D138B9D4E91F0104F1840383E80300DD
:1079B800002006E0012805D10EF0A0FD08B984F8E2
:1079C800A861F8BD022856D12D4F84F8A80107F503
:1079D800757EBEE80F0007F57A7CACE80F00DEF88C
:1079E8000030CCF8003087F8FA63234693F8E92092
:1079F80082B393F80021022A2CD1302303FB0545DA
:107A0800D5F80431C4F88430C7F8EC3394F88D30D5
:107A180095F8082187F8F833032384F8882087F835
:107A2800FA3397F8172487F8E823012387F8F933FE
:107A3800002387F81634134BDB6A9847FFF77AFF61
:107A480094F8BE31002BB3D00F490122202002F058
:107A580079FEADE70135042D03F13003C6D1E7E720
:107A680048B9074B84F8A801062283F88824054BF7
:107A7800DB6A9847E4E70320A3E700BF84120020ED
:107A8800E4160020C8A101082C14002070B50B4E84
:107A98000B4D0C46FEF794FB336B9847094A95F853
:107AA800580021460FF064F830B1736B686E984740
:107AB800054BA27C83F8882470BD00BFC8A10108CB
:107AC80084120020041B0020E41600200E4890F8C1
:107AD800173480F8C0330D4B93F8792080F8C3230E
:107AE80093F88D2080F8D02393F8C03180F8D333F1
:107AF800002280F8D12380F8D22300F5707100F5B8
:107B08006270FFF7C3BF00BFE41600208412002094
:107B1800104890F88834DBB190F8173480F8D433E3
:107B28000D4BDA6FC0F8D82393F88D2080F8E42342
:107B3800002280F8E52393F8C03180F8E73301226A
:107B480080F8E62300F5757100F56870FFF79EBFB1
:107B5800704700BFE4160020841200202DE9F04F82
:107B68008FB04FF00009012B06460F4690468DF85E
:107B78000990ADF80C9002D84C46BC4202D30FB025
:107B8800BDE8F08F305D02F0D3FE2044B842F6DC49
:107B9800335D651C013BEDB21F2BF0D801A252F8F2
:107BA80023F000BF2D7C00084D7C0008777C00087E
:107BB800757D00089D7D00082D7E0008537E000815
:107BC800B97E0008E97E0008777F0008637F000817
:107BD800CB7F0008CD800008F17F0008598000089D
:107BE800758100089D810008D58100082182000860
:107BF800877B0008877B0008877B0008877B000855
:107C0800877B0008877B0008877B0008877B000844
:107C1800877B0008877B0008877B0008877B000834
:107C2800BF800008AC4B725D93F8BE319A4206D80B
:107C380005A9012002F002FE002800F03F8202346C
:107C4800E5B212E0052002F013FF70B10521002013
:107C580002F0E2FE725DA14BE51C0234E4B283F847
:107C68005C24325D83F85D24EDB22C4685E7002361
:107C78008DF80A308DF80B308DF810308DF81830EB
:107C8800B9F1000F6DD1944C4FF0050994F88C2090
:107C98008DF831206B1E94F849208DF83320334439
:107CA80094F848200B938DF8342094F8AA3194F86E
:107CB80078208DF83520D4F8BC218DF832300A921E
:107CC80073B37B1C5B1BDBB28DF8303006AB0193C2
:107CD80004AB009394F858000DF10B030DF10A0260
:107CE8000AA90EF05BFF8DF8090000F007000728CD
:107CF80013D194F949209DF90A3084F849309A4201
:107D08009DF80B3084F84830B8BF01229DF8103038
:107D1800B8BF84F8AD2184F878304FF0000A09E044
:107D28000523D1E701220DF10901032002F00AFD24
:107D38000AF1010A5FFA8AF29DF81830B3FBF9F1EB
:107D48009142EFD82B44DDB26B1EDBB29F420BD9B8
:107D5800F25C032A9AD0AF4288BF1D464FF0010952
:107D680083E70534E5B2F9E71D46F7E7735D5A493D
:107D780003F00F03012281F8AB31023402FA03F356
:107D8800A1F8B031E4B2002203A9042002F0DAFC21
:107D980025466AE707238DF80930735DDFF838A1B7
:107DA800C3F3021203F00F030F2B8DF8283004BF22
:107DB8009AF880308DF828308DF82920651DA21C8E
:107DC800E31C0434DBB2E4B2F15C335D9AF858008A
:107DD800D2B21B04B25C43EA012313436422534327
:107DE8000AA90B930EF0EAFE00F00703072BEDB289
:107DF8008DF809000ED19DF828308AF880308AF86D
:107E080088300B9BCAF87C30CAF884309DF829303A
:107E18008AF879308DF80C00012203A9052002F0B8
:107E280091FC22E72D4BD3F8483363B11B6853B15B
:107E3800984708F03F038DF80C008DF80D300222AA
:107E480003A90620EBE7FF20F3E703238DF80930A9
:107E5800735D8DF81C300AAB0693E31CDBB2A51DDD
:107E6800F25C231DDBB206A9F35C1B0443EA022380
:107E7800A21CD2B20534B25C134364225343E4B269
:107E88000A9300230B93335D8DF83030124B93F82F
:107E980058000EF09AFEC3B20028EDB28DF80930F2
:107EA800FFF6E3AE8DF80C30012203A90720B6E7F0
:107EB800735D03F00F03012B4FF47A7238BF01236F
:107EC8005343054A0234936603F57A73D366E4B2E2
:107ED800002203A9082059E784120020E416002094
:107EE800735DC74DC3F340128DF8112095F8580003
:107EF800C3F3001204A903F00F038DF810208DF8C6
:107F080012300EF069FE02340130E4B23FF440AFA3
:107F1800BDF81030BB4AA5F88C309DF812309DF89A
:107F280010A0D05CF8F776FB0223C5F890000AA9E8
:107F380095F858008DF828308DF82AA00EF0DFFD4E
:107F480095F94930069040B29842B8BF184685F86E
:107F58004900002203A9092018E7A94B725D93F88C
:107F6800BE319A423FF66BAE05A90B2062E60323A9
:107F78008DF80930735D8DF82830E31CDBB2651D80
:107F8800F25C231DDBB20234F35CE4B21B0443EA67
:107F98000223325D1343642253430B93984B0AA97F
:107FA80093F858000EF01FFEC3B20028EDB28DF80A
:107FB8000930FFF65AAE8DF80C30012203A90A20C9
:107FC8002DE7725D8E4802F00F010123120903FAB2
:107FD80001F102349340A0F89A10A0F89830E5B265
:107FE800002203A90C201AE716F805B0DFF810A242
:107FF8000BF007038AF8C831A31CDBB22021F25C1E
:10800800C2F302128AF8C921F35C002003F00F03BF
:108018008AF849300DF0A1FBCBF3C20B202303FAF9
:108028000BF31844784B0022C3F8DC248AF850205C
:10803800764A90429CBF4FF47A72504304F103048D
:1080480098BFC3F8DC040020E5B2FFF7DFFA0CE6BE
:10805800735D00201A090A3201218DF80C006B4863
:1080680001FA02FC02348445E5B220DC03F00F0378
:1080780004336348644CC0F8CCC101FA03F39BB2E3
:10808800C0F8C4314FF47A73934004F28C40C4F8BA
:10809800D4348DF80C10FEF793F804F28C40D4F821
:1080A800D4140DF027FC04F28C40FEF713F80122DB
:1080B80003A90F20B3E605A92020BBE5059802F027
:1080C8008FFBBCE5092002F0D3FCDFF83CB10028A7
:1080D80049D00921002002F09FFC0023ADF81E3092
:1080E800A31CDBB2F25CE31CDBB216F803A0735DE1
:1080F8004FEA0A4A4AEA022A4AEA030A231DDBB27D
:10810800A51D0534F35CE4B24AEA036A335D4FF413
:108118007A7253430AAC1B122046ADF81C300DF09E
:1081280096FB3B4B53440693DBF83C3300930DF12D
:10813800180A9AE80600DBF8383308A80DF04BFB5C
:10814800099B009394E80600089B50460DF028FB15
:108158009AE803000DF05AFB0EF0DAF90123EDB2AC
:108168008BF8383481E58BF838047EE50C2002F072
:108178007FFC00283FF479AD0C21002002F04CFC74
:10818800214B93F88834043B012B7FF66EAD0EF03B
:10819800BBF96AE5A31CDBB2725DF15CE31CDBB2E0
:1081A800651DF35C0434E4B21B04305D43EA01232B
:1081B80013436421594300F00F000EF0A6F9EDB205
:1081C8008DF80C00012203A9112028E60D2002F0E9
:1081D8004FFC00283FF449AD0D21002002F01CFCA3
:1081E800A31CDBB20B4AF05C735D1268251D0334D7
:1081F800E4B243EA0020315DEDB20EF088F934E5CF
:10820800841200204DCA0108E41600203789410075
:10821800803DD512DC110020725DA31C251D03349E
:10822800DBB2E4B2F15C335D1B0443EA0123134380
:10823800642058430EF06DF9EDB28DF80C00012260
:1082480003A91320EBE500BF37B5214CD4F8C4319E
:1082580013B1E36C0133E36494F8BE311D4DCBB127
:1082680001A90B2002F0EAFAA0B9B4F85230B4F828
:10827800982001339BB29A42A4F852300AD195F85B
:10828800893484F8C00143F0080385F889340F2342
:1082980085F8683495F88934990703D595F82D340D
:1082A800012B07D994F8AA3123B1A36B5A1C18BF24
:1082B8000133A3630023A5F8143485F81634D5F8E0
:1082C800403323F00203C5F8403303B030BD00BF8C
:1082D80084120020E416002038B50F4D0F48104CCA
:1082E800FDF76EFFD5F8D0310E4A93429EBF4FF48A
:1082F8007A725343C4F8D834FFF71AF90123D4F833
:10830800D814064885F8D6310DF0F4FABDE838409F
:108318000248FDF7DFBE00BF84120020881B002042
:10832800E41600203789410038B50F4D0F48104C2E
:10833800FDF746FFD5F8CC310E4A93429EBF4FF465
:108348007A725343C4F8D434FFF7F2F80123D4F80F
:10835800D414064885F8D5310DF0CCFABDE838407C
:108368000248FDF7B7BE00BF84120020701B002032
:10837800E416002037894100094BD3F84023012A2D
:108388000AD008490978C90708D43AB993F88A0481
:10839800013818BF0120704700207047012070473E
:1083A800E4160020F01100202DE9F7434E4CBDF8EB
:1083B80028901D1E90464FF0000208BF91460746C0
:1083C800CDE90022228084F816240E464A46294622
:1083D80004F59C700DF0CEF95FFA89F284F8372223
:1083E8003B78A3703B785B09042B07D0072B69D037
:1083F800022B06D0022003B0BDE8F083012384F8E5
:108408001634042384F80431384DC4F80851FF2386
:1084180084F80C313B78364F84F80D31D7F8E430C6
:1084280084F82881C4F81031337884F81431684608
:1084380005F59B7384F83021C4F82C3102F076FCE2
:1084480000284ED1009BA4F8440401A8A4F81631D2
:10845800C4F84C3402F02CFA002840D1019B0BB927
:108468000020C8E797F94900FFF7BAF894F83732BF
:10847800CBB1019B0F2B0ED805F58B7201A90F20EC
:1084880002F022FA58BB3378019A62F3030333707F
:1084980084F81431E4E705F2FE4201A902F014FA67
:1084A800E8B90A20A7E705F2FE452A4601A902F025
:1084B8000BFAA0B9019B84F82801C4F82C5184F860
:1084C8003031CDE7002DCBD0002AC9D02946E01C99
:1084D8000DF050F994F8373201332380C0E71320A8
:1084E80089E7122087E700BFE4160020E61600207F
:1084F8008412002070B54B4D4B4C86B000238DF88C
:10850800033095F849308DF8093095F848308DF8E2
:108518000A30D5F890300393D5F894300493238823
:108528008DF808000646ADF8143095F8580004F5A3
:1085380083630DF1030202A90EF023FB012384F8E3
:10854800413495F8493084F842349DF8033084F872
:108558004334D4F81834C4F85064C4F84834C4F820
:1085680058340DF0C6FFB0B995F8A831012B01D1E8
:108578000DF0D3FF0DF0C0FF0023019394F80431F0
:1085880095F9495094F81764042B0CD8DFE803F0E8
:108598000E2D310B3500D4F818040DF0BCFF00285F
:1085A800E2D0102000E0032006B070BD1F4802F0A2
:1085B800F7FB002832D1D4F8403394F80C111C484A
:1085C800218043F00203C4F8403394F81434013393
:1085D800DBB284F8143484F84534164B00259B6AC2
:1085E800C4F8E45498472846DEE7104802F02EFC09
:1085F800DFE70E4802F056FCDBE701A802F096FB25
:1086080070B994F8143413B1019B013B0193074BE3
:1086180001983246E9B202F06FFCCAE71120C3E7BD
:108628001220C1E784120020E4160020EC17002075
:10863800E6160020C8A101082DE9F0418EB00646D3
:108648000DF051FF002840F0E080724C94F8A831FA
:10865800012B0CD0236C704DABB195F80431042B71
:1086680000F2D580DFE803F0171D21D325000DF0B7
:108678003CFF18B10F200EB0BDE8F0810DF037FFB8
:108688000028E7D0F6E7B4F8B031D5F81824013B54
:1086980053432364E1E761480EF01DF968B11120E6
:1086A800E9E75E480EF04BF9F8E75C480EF07FF911
:1086B800F4E75A480EF0B3F9F0E795F80C312B803F
:1086C800236C08930DF1180894F849308DF8283078
:1086D800404694F8AC318DF82A300DF0DBF8D4F828
:1086E800B831009302AF98E80600D4F8B4313846A0
:1086F8000DF071F897E803000BAB83E80300E36B18
:10870800099300238DF834302B88ADF8363094F86F
:10871800C03101228DF829201BB98DF834208DF83D
:1087280029303F4B00933F4B94F85800A3F1C902FE
:1087380008A90EF068FAA0B10B289CD1D5F8E0146E
:1087480079B1002E97D0D5F84033374843F020034D
:10875800C5F840330DF0CEF83348FDF7BBFC0020D8
:1087680089E794F8587094F9793094F9492094F885
:108778008D102E4E38460EF054FA009641B2E36D35
:1087880094F86020384614360EF0E5F90096E36D4B
:1087980094F8602094F9801094F858000EF0DBF9F2
:1087A800D5F8CC13A36ED5F8E0230B44C5F8B8333D
:1087B800E36E1344C5F8BC3395F80431042B07D095
:1087C800236F0B44C5F8B833636F1344C5F8BC3343
:1087D8000023059394F8C03123B995F81704FFF7DF
:1087E80089FE48E705A802F063F860B994F94900E2
:1087F80095F837629DF81470FEF7F2FE3E44B042D9
:10880800EBD2082037E7132035E70E2033E70320A3
:1088180031E700BF84120020E4160020EC17002086
:10882800C4120020C41B0020541A0020A41A0020DF
:1088380010B5184C1848FDF7C3FCD4F84033D4F8E9
:10884800E40423F02003C4F8403348B10DF06AF87B
:10885800B0F5FA5F04D9114B002283F84A2010BD05
:108868000120FFF7E9FE0028F9D00B28F7D00B4BC1
:1088780093F8493084F84234092094F8143484F881
:10888800453484F8410402F0D9F8BDE81040FFF7F8
:10889800DBBC00BFE4160020541A0020841200201C
:1088A8002DE9F0433B4C8BB01746994694F8C0210C
:1088B800B4F84830B4F848800E46A16B04910546D8
:1088C8005BBA002A63D094F8AB2102B9226494F809
:1088D800AA014FF0000260F3C7128DF80C2094F83B
:1088E800A821012A02BF9DF80C2042F010028DF841
:1088F8000C2094F84A202AB19DF80C2042F020025E
:108908008DF80C20ADF8203094F878308DF82230AE
:1089180094F88C308DF8233094F858308DF8243042
:10892800012204AB8DF81420D4F8982000931A4B38
:108938008DF8150006910792A3F12F01A3F13002DB
:1089480005A80DF057FD9DF80C30CDF8009060F3A8
:1089580086138DF80C3032463B4603A92846FFF7AC
:1089680023FD08B10A2803D10020FFF765FE20B1D6
:10897800A4F848800BB0BDE8F083049B84F84A0053
:10898800A36301F069FF002818BF1320F2E707204E
:10899800F0E700BF84120020FC120020022870B506
:1089A800044601D02BD888BB3C4B3D4D012283F8AF
:1089B800D4210222D3F8E03085F80421003C2A446F
:1089C80018BF0124C5F808214CF2FF02A5F80C21B4
:1089D80085F80F311A0A64001B0C85F8102185F8F8
:1089E800113185F80E41FEF763FD0822014605F5B1
:1089F80089700CF0BFFE05F58D71082029E0FF286D
:108A08002DD00120BDE87040FFF716BE244C234A44
:108A1800012382F8D431A21CC4F808214CF2FF02C9
:108A280084F8043184F80E31A4F80C21FEF756FDC1
:108A38000822014604F20F100CF09CFEFEF738FDE8
:108A48000822014604F217100CF094FE04F5907108
:108A5800092002F077F90028D3D0112070BD104DFD
:108A68000020FEF793FF0026AB1CC5F8083185F8F7
:108A78000461A5F80C41FEF731FD0822014605F511
:108A880087700CF077FEFEF713FD0822014605F506
:108A98008B700CF06FFE3046B4E700BF84120020E4
:108AA800E4160020084B10B5044608461146DB6B57
:108AB800224649B29847054AD2F8403343F00203A8
:108AC800C2F84033002010BDC8A10108E4160020F8
:108AD8002DE9F04F89468BB090460646002800F0F5
:108AE8008B81002900F088810368002B00F08481C5
:108AF8004368002B00F080818368002B00F07C81A4
:108B0800C368002B00F0788110460DF0F4FF0028B0
:108B180000F07481BB4CBC4D304601F02DFF4FF482
:108B28008C62002120460CF039FE4FF4B06200211F
:108B380028460CF033FEB54BC4F8BC3104F55F731E
:108B4800069304F5607300274046079306A9B04BC7
:108B580084F8588084F8A8718DF8247008930DF073
:108B6800DEFF0E2304A994F858008DF810300DF09C
:108B7800C6FFC01B18BF01204FF00A0B84F8AC01D8
:108B880004A994F858008DF810B00DF0B8FF4FF014
:108B9800060A84F8DC0004A994F858008DF810A09F
:108BA8000DF0ADFF0F2384F8DD0004A994F85800F8
:108BB8008DF810300DF0A3FF10230DEB0301C4F85E
:108BC800A40094F858008DF810300DF098FF112388
:108BD800C4F8A80004A994F858008DF810300DF0D6
:108BE8008EFF1223C4F8AC0004A994F858008DF83D
:108BF80010300DF084FF1323C4F8B00004A994F8D2
:108C080058008DF810300DF07AFF1523C4F8B40021
:108C180004A994F858008DF810300DF070FF162351
:108C280084F8B90004A994F858008DF810300DF0B4
:108C380066FF1723C4F8BC00C4F8C40004A994F85C
:108C480058008DF810300DF05AFFC0B21C2384F87C
:108C5800C00084F8C80004A994F858008DF81030B2
:108C68000DF04DFF1D2384F8CC0004A994F858009A
:108C78008DF810300DF043FF1E2384F8CD0004A9B1
:108C880094F858008DF810300DF039FF1F23C4F800
:108C9800D00004A994F858008DF810300DF02FFF7B
:108CA8000B23C4F8D40004A994F858008DF81030A8
:108CB8000DF025FF0C2304A9A4F8D80094F8580057
:108CC8008DF810300DF01BFFD4F8A4306366D4F88B
:108CD800A830A366D4F8AC30E366D4F8B03003907B
:108CE8004FF00108A4F8DA0023673846D4F8B43006
:108CF800636784F8B880C4F89CB084F8A0A0C4F86E
:108D08005CB084F860A084F8788084F8AF81FEF7BE
:108D1800DFFC404985F8897405F55C70C5E9D169BF
:108D2800C4E90F7784F8A981C5F840830CF0DAFD0F
:108D3800394905F562700CF0D5FD384905F56870BC
:108D48000CF0D0FD364905F57F700CF0CBFD3549A8
:108D580005F28C400CF0C6FD334905F2A4400CF036
:108D6800C1FD6E46314905F2BC400CF0BBFD3046F2
:108D78000CF090FD96E8030004F5DA7383E803002D
:108D88002B4B1F602B4BC5F84C332B4BC5F854337A
:108D98002A4BC5F85C332A4F2A4BC5F850332A4B67
:108DA800C5F8583305F553703B68984704F5EE70DD
:108DB800FEF794FA20B1112630460BB0BDE8F08FCB
:108DC800204601F08DFF0028F5D101F0ADFCB8B9BF
:108DD8001E4801F0CFFF06460028ECD17B69984772
:108DE800FDF74CF9BB6D94F8A9019847FB6A9847C1
:108DF800012385F88A34DFE70326DDE70926DBE768
:108E08001326D9E784120020E4160020000101018E
:108E1800F411002039880008D57A0008197B000869
:108E28007976000831830008E18200081576000889
:108E3800F011002035780008AD7500087575000838
:108E4800C8A10108617500084D7500086C13002061
:108E580008B5034B0020C3F84003FEF75BFB08BDD1
:108E6800E416002070B52E4B8AB0054693F8DD0055
:108E78008DF8090093F8DC008DF80A0029489A6BF0
:108E880090F81404039200268DF80B0004960C4603
:108E9800002941D00692D3F898200792B3F84820C9
:108EA80093F8AA118DF8151052BAADF8202093F84E
:108EB8008C2093F858308DF8243003AB8DF82200BD
:108EC8008DF8232000930DF10A020DF10B030DF12B
:108ED800090105A88DF814600DF08CFA9DF90900B8
:108EE800FEF77EFB607004A801F0E2FCB0B9049ABA
:108EF8000F2A0DD863789A420AD81544AB42A3EBDF
:108F080002012CBF002001202170C0000AB070BDF2
:108F1800002323700820F9E70320F7E71320F5E77B
:108F280084120020E41600201FB50446002800F033
:108F3800058103784C2B00F2FC80DFE813F04D002C
:108F4800540058005C005F00620066006B00FA0085
:108F5800FA00FA00FA00FA00FA00FA00FA00FA0039
:108F6800FA00FA00FA00FA00FA00FA00FA00FA0029
:108F7800FA00FA00FA00FA006F0073007D0084001E
:108F880087008A008F008D009100950098009B0053
:108F98009E00A100A400B300B700BF00BB00C3003F
:108FA800C600CA00D100CF00FA00D500E100E500F4
:108FB800FA00FA00FA00FA00FA00FA00FA00FA00D9
:108FC800FA00FA00FA00FA00FA00DD00E900EE0003
:108FD800F200F600010101015A4B93F8A831237100
:108FE800002004B010BD574B93F8C031F7E7FEF7E7
:108FF8005FFA6060F4E7FEF771FAFAE7FEF784FAC1
:10900800F7E7504B93F8AA31E9E74E4BD3F8E03035
:109018006360E5E74B4BD3F8E430F9E7494B93F845
:10902800A931DCE71B238DF80830464B02A993F8D9
:1090380058000DF064FDDCE7434B043493E803006B
:1090480084E80300CCE7414B0434F7E7404B043491
:10905800F4E7404B0434F1E71923E4E71823E2E787
:10906800384B93F87830BAE7364B5B6ED0E7354B20
:109078009B6ECDE7334BDB6ECAE7324B1B6FC7E7FE
:10908800304B5B6FC4E702238DF808302D4B02A9E3
:1090980093F88C2093F858008DF80A200DF02FFDD6
:1090A80020719DE7274B93F9DD3098E7254B93F91D
:1090B800493094E7234B93F9DC3090E7214B93F93F
:1090C80048308CE71F4BDB6DA2E71E4B93F86030EE
:1090D80085E71C4BD3F89430636081E7194B97E719
:1090E800184BD3F8D430F7E7164BD3F8BC314360AC
:1090F80002F04AF9A06073E7124B93F8AF316EE7BC
:10910800104BD3F8CC3183E70E4BD3F8D0317FE73F
:109118000C4BB3F89830A38062E70A4BB3F89A3047
:10912800F9E7084BB3F8D830F5E7064BB3F8DA306F
:10913800F1E704B0BDE810400DF0E2B9032050E7B4
:1091480017204EE78412002000130020401300204F
:1091580008130020481300207FB5044610B90320E7
:1091680004B070BD954DD5F840339A0700F10E83D1
:1091780002784C2A00F20583DFE812F04D00520015
:10918800600066006A006E00730078007D00880049
:109198008E0094009A00A000A600AC00B200B800AF
:1091A800BE00C400CA00D000D600DC00E200E8001F
:1091B800EE00F400FA00000103030801260139015A
:1091C80060018201730186018F01930197019B0160
:1091D8009F010303A301B501DD01CB01EF01F901F3
:1091E800000205020A0294020303B502D302030334
:1091F8000303030303030303030303030303030337
:109208000303030303030303B002EF02F402F902AA
:10921800FE02060306030079FEF7B8FB30B19FE7AC
:109228000379022B9BD0664A82F8C03195F88934BD
:1092380043F0200385F88934002091E74068FEF761
:1092480029F90028F2D08AE74068FEF737F9F8E7ED
:109258004068FEF749F9F4E7594B027983F8AA21E7
:10926800E4E7574B4268C3F8E020DFE7544B426815
:10927800C3F8E420DAE7416800293FF470AF002022
:1092880001F0A8FF0028D1D0112069E74168002922
:109298003FF465AF0120F3E7416800293FF45FAF71
:1092A8000220EDE7416800293FF459AF0320E7E7C2
:1092B800416800293FF453AF0420E1E741680029E1
:1092C8003FF44DAF0520DBE7416800293FF447AF85
:1092D8000620D5E7416800293FF441AF0720CFE7D2
:1092E800416800293FF43BAF7F20C9E74168002966
:1092F8003FF435AF8020C3E7416800293FF42FAF22
:109308008120BDE7416800293FF429AF8220B7E7F3
:10931800416800293FF423AF8320B1E74168002961
:109328003FF41DAF8420ABE7416800293FF417AF35
:109338008520A5E7416800293FF411AF86209FE703
:10934800416800293FF40BAF872099E7416800295D
:109358003FF405AF882093E7416800293FF4FFAE4A
:1093680089208DE7416800293FF4F9AE8A2087E714
:10937800416800293FF4F3AE8B2081E7104B007958
:1093880083F8A9010F4B9B6D98474FE70C4E037A62
:109398008DF8043096F8580096F88D308DF8053021
:1093A800072201A90DF0C1FB00283FF4D8AE7C3696
:1093B800D4E9010186E8030038E700BFE41600207D
:1093C80084120020C8A10108BC4E037A8DF804302D
:1093D80096F8580096F88D308DF80530072201A9C7
:1093E8000DF0A3FB00283FF4BAAEBC36E0E7B34E5D
:1093F800037A8DF8043096F8580096F88D308DF879
:109408000530072201A90DF090FB00283FF4A7AE14
:10941800D4E9010106F1840383E8030096F8A83132
:10942800022B7FF403AF96F8C031002B3FF4FEAE59
:10943800A34BDB6A9847FEF77DFAF7E69F4E037A5F
:109448008DF8043096F8580096F88D308DF8053070
:10945800072201A90DF069FB00283FF480AEC4364D
:10946800A6E74368029301238DF80C30934B02A9B9
:1094780093F858000DF068FB00287FF4D7AE6EE62D
:10948800436802930023EFE703795A1E0E2A3FF63A
:1094980066AE8A4A82F87830C8E6884B42685A66CF
:1094A800C4E6864B42689A66C0E6844B4268DA6630
:1094B800BCE6824B42681A67B8E6804B42685A6736
:1094C800B4E67E4C037994F858008DF804300622EF
:1094D80001A90DF02AFB00283FF441AE9DF80430A5
:1094E80084F8DD30A2E6754C03798DF8043094F8E1
:1094F800580094F88C308DF80630052201A90DF03B
:1095080014FB00283FF42BAE9DF8043084F8493052
:109518008CE66A4C037994F858008DF804300A22D6
:1095280001A90DF002FB00283FF419AE9DF80430A4
:1095380084F8DC307AE6614C037994F858008DF8A9
:109548000430092201A90DF0F0FA00283FF407AE13
:109558009DF8043084F8483068E64368B3F5FA7F2C
:109568003FF6FDAD554AC2F89C30D3655EE6534BD5
:10957800027983F8A02083F8602057E64F4B4268B1
:10958800C3F8942052E64D4B4268C3F8D4204DE608
:109598004468002C3FF4E3AD012B40F0F780342100
:1095A8002046FCF771FD636B984204D1434838228A
:1095B80021460CF0DFF804F138061C213046FCF790
:1095C80063FD636D984204D13E48202231460CF079
:1095D800D1F804F158064FF4C0713046FCF754FD39
:1095E800D4F8D83198421DD137484FF4C272314669
:1095F8000CF0C0F895F8173485F8E8332F4BD3F8FA
:109608008420C5F8EC2393F88D2085F8F8230122EF
:1096180085F8F923022285F8FA23294A93F8A90143
:10962800936D984704F5EE764FF4CE713046FCF70B
:109638002BFDD4F87833984205D124484FF4D072E2
:1096480031460CF097F804F55F7600213046FCF7B8
:109658001BFDD4F87C33984204D11D4804223146BE
:109668000CF088F804F56076C4213046FCF70CFD50
:10967800D4F84434984204D11648C82231460CF034
:1096880079F804F5896614213046FCF7FDFCD4F816
:109698005C3498427FF4CAAD0F48182231460CF06A
:1096A80069F8C3E58379012B3FF659AD034B42684E
:1096B800C3F8BC21406801F031FBE3E584120020C7
:1096C800C8A10108BC120020DC1200206014002090
:1096D8000016002004160020CC1600202C4B02791E
:1096E80083F8AF21A2E543682A4A93423FF637AD93
:1096F800274A92F8C01102297FF431ADC2F8CC3163
:109708004FF47A7253432448C5F8D434FCF758FD13
:109718002148D5F8D4140CF0EDF81F48FCF7DAFC12
:1097280084E543681B4A93423FF619AD184A92F8FC
:10973800C01102297FF413ADC2F8D0314FF47A7208
:1097480053431648C5F8D434FCF73AFD1348D5F806
:10975800D8140CF0CFF81148E0E70D4B8288A3F835
:10976800982063E50A4B8288A3F89A205EE5084BA7
:109778008288A3F8D82059E5054B8288A3F8DA2017
:1097880054E50CF0BFFE49E51720E9E40120E7E4C1
:109798008412002037894100701B0020881B00209C
:1097A8002DE9F04186B00023ADF8003005460028C9
:1097B80000F0FC800361FEF7DFFD20B10126304692
:1097C80006B0BDE8F08101F099F90028F6D101F062
:1097D8008FF9014618B9764814220BF0DFFF754C53
:1097E80094F88934012243F0040384F8552484F85A
:1097F80089342B788DF804300021013B8DF8052041
:10980800ADF806100C2B00F2C280DFE803F00772F7
:1098180083888D97C0C09DC0B4A1B000D4F84063C0
:1098280016F02006CAD12F79022F2ED1624F30466A
:10983800FDF74EFF324695F9051097F858000DF0E0
:10984800D9F9072387F84900FF208DF80530FFF77D
:10985800A5F8064600286DD095F9051097F8580028
:1098680001220DF0C7F9D4F8E03487F849002B61DC
:1098780001F03EF90028A2D194F8893484F816043E
:1098880060F3820384F8893499E7012F7FD1DFF8E8
:109898002881022398F858008DF8143002A988F816
:1098A800AD610DF03CF92B7988F8C031D4F8E0347B
:1098B8002B6101A88DF805608DF8067001F070F82D
:1098C8003E4B1A7822B93E493E481F700CF00AF800
:1098D800D4F840333B4843F48073C4F84033FCF772
:1098E8006FFC38480A210CF005F83648FCF7F2FB03
:1098F8000EE0022384F854340020FFF74FF8D4F820
:10990800E0342B6106460028B2D101A801F048F8DE
:10991800002654E7032384F854340120EDE7042398
:1099280084F854340220E8E700226946022000F057
:1099380009FFB0BBD4F8E0342B61E6E72A7BA968BD
:10994800A888FFF7AFF8DAE7002269460D20EEE7AE
:10995800194B93F8A831D3B92E7906F007000CF00B
:10996800CAFD8DF80060012269461020DFE7002259
:1099780069461220DBE78DF807200CF0ADFD06469E
:1099880050B90CF0A6FD30460CF0A8FDD2E7D4F88B
:10999800E0342B6102266BE7D4F8E0342B61012612
:1099A80066E7D4F8E0342B61132661E7032606E75F
:1099B800381B0020E41600208412002039230020E0
:1099C80089750008CC1B00202DE9F04FDFF8FCB2A8
:1099D800BF4CABB00AA80BF05AFEDBF800500023CE
:1099E8000AA8CBF800300BF05BFE002D00F0E480F5
:1099F800EBB2A906039365D5B64D95F8A831022BAD
:109A080002D0B54BDB6A984711A8B44F0BF03FFE64
:109A18000BF081FF3E68D4F8B813361A3144B048C9
:109A28000BF068FFAE48FCF755FBD4F8BC13AD4803
:109A380031440BF05FFFAB48FCF74CFB11A80BF06F
:109A48002FFE94F81634002B00F00681142314A975
:109A580095F858008DF850300DF051F8D4F8BC1333
:109A68000D900144A0480BF045FF9F48FCF732FBDE
:109A78003B6894F81724EB630FAF38468DF87820CD
:109A88001F930BF007FFD5F8B831009306AE97E89F
:109A98000600D5F8B43130460BF09DFE96E8030079
:109AA80021AB83E80300D4F81834209395F8C0312B
:109AB80095F85800003B18BF01231EA98DF879308E
:109AC8000DF027F8039BDA064AD5824DDFF81C9281
:109AD800D5F8E42005929BF80020B9F90AA099F975
:109AE8000C70A4F82AA4002363F300020C93ADF8C9
:109AF800243084F84434A4F81E3484F82134C4F89B
:109B08002434A4F8283484F82E34C4F8303484F883
:109B18001C34C4F8343484F83834C4F83C346E4BFC
:109B28008BF8002094F88824DB6A84F82C7484F875
:109B38002D24D9F80480B9F80860984794F82D3492
:109B480013B96848FCF73CFB314640460CF0C9FCA9
:109B58008346002800F08380A4F87AA484F87C74F3
:109B6800039B19071AD55B4B93F8A831022B02D037
:109B7800594BDB6A98470220FDF7CCFC84F8410476
:109B880000F05CFF94F8163413B1012384F81534FF
:109B980094F8893443F0100384F88934039B5A07F6
:109BA80003D506210520FDF75FFE039B9B0703D520
:109BB80004210320FDF758FE0CF0B1FC94F8892429
:109BC800D70640F1AC83002384F88A34D4F84033B4
:109BD8001E0644BF23F08203C4F8403312F0050F79
:109BE80000F01D830B2000F043FF002800F01783CE
:109BF80094F88934DD0700F11283580740F1358362
:109C0800D4F8403323F00203C4F84033D4F84013A7
:109C1800002940F07B8394F8893413F0010003F0A5
:109C2800040500F0658361F300035E0784F8893456
:109C3800DAB204D5134661F3820384F88934012328
:109C480084F88A34D4F8443329481B689847002D8F
:109C580000F0548300F030BC84F8413408E795F8EC
:109C6800A831012B0CD10CF040FC824668B1584653
:109C78000CF030FC58460CF032FC042384F82D34E8
:109C88007EB9012384F81D34B5E10CF030FC0028BE
:109C9800F6D050460CF01FFC50460CF021FC052372
:109CA800ECE798F800B01BF0030FEAD14FEA5B131A
:109CB800013B062B00F29F82DFE813F01C009D0297
:109CC800F2009D02EF009D028D0200BFF0110020FE
:109CD800E416002084120020C8A10108EC1100201D
:109CE8006C1A0020841A0020E01A0020DC110020E1
:109CF800241B0020102EC4D995F8C031CDF850800F
:109D0800F6B28DF854601BB195F8D431002BB8D059
:109D1800FDF7E4FB14AA0146FF2001F075FAB8B379
:109D2800FDF7DCFB14AA0146002001F06DFA88B3A8
:109D3800FDF7D4FB14AA0146012001F065FA58B3D7
:109D4800FDF7CCFB14AA0146022001F05DFAA8B980
:109D580004279DF8603095F8580003F00F020F2A89
:109D68001CD0C3F303038DF87830072295F88D30A3
:109D78008DF879301EA90CF0D8FE78B9012000F0D2
:109D880077FE002876D00121072000F045FE71E01B
:109D98000127DEE70227DCE70327DAE79DF85B30D7
:109DA8009DF85A209DF8601095F858001B0443EA66
:109DB80002239DF859201343C5F8E030179BC5F8D6
:109DC800E430C1F3021385F8793001F00F030F2B4B
:109DD8001EBFC1F3030385F8803085F888309DF8ED
:109DE8006130012B4FF47A7238BF01235343AB66BD
:109DF8001344A94AEB6611F0800FA84B08BF13461D
:109E0800C5F8BC310DF1620312934FF0010894F8C4
:109E180017348DF84430113E11A985F878808DF8F3
:109E28004C600CF08BFE022385F8C03195F8BE31EA
:109E38004BB10022A5F8522009A942460B208DF803
:109E4800243000F07FFC384600F012FE18B1394685
:109E5800002000F0E1FD95F8D4312BB100239048A3
:109E680085F8D431FCF7ACF9023F012F02D8012064
:109E7800FDF72EFC94F82D34012B00F2CA8194F8DA
:109E88001634002B40F0BD8194F8893443F0100358
:109E980084F88934FDF73EFB62E6012384F81C341C
:109EA80095F88D308DF8363094F820348DF83530AB
:109EB80095F858000D230DA98DF834300CF01FFECD
:109EC800A6F10D031BB20B9023EAE37300B28342A1
:109ED8003FF7D7AE0B2E7FF6D4AE724B27931EA852
:109EE800FF23CDF878808DF87C608DF8A0300CF0D9
:109EF80097FC804600287FF4C4AE95F8A831012B62
:109F080014D10CF0F2FA0646002843D040460CF073
:109F1800E1FA40460CF0E3FA04239DF884102098F7
:109F280084F82D34C1F300110CF0F8FA209AC4F823
:109F3800342411A91EA80CF03EFA804600287FF4AC
:109F4800A0AE59490C900346D1F8EC0082422DD1BD
:109F580091F8E96056B3302202FB035393F8EAA064
:109F6800D3F80C311B680C9395F8A831022B02D159
:109F7800032384F82D349DF84430032B7FF481AEFD
:109F88009DF8843013F0600F7FF47BAE05904FF09E
:109F9800010811E00CF0ABFA0028C7D030460CF0ED
:109FA8009AFA30460CF09CFA0523B6E70133042BE5
:109FB80001F13001C8D19A469DF8443095F8BE6148
:109FC8000493BAF1040F10D8DFE80AF02403202222
:109FD80018000526BDF886100CAA30460CF096FB32
:109FE800F0B1072801D1082300E0012384F81D34CB
:109FF8000C9BC4F83034FDF74FFBB1E5012E0BD1B3
:10A00800049B5BB1032B08BF0226E3E70626E1E7C2
:10A018000726DFE70426DDE70326DBE70226D9E784
:10A028001EAB009305990C9B3246504601F02AF866
:10A0380020B1022814BF0B230A2323E60C9B94F8B3
:10A048002D64C4F830349DF8843084F81D04C3F3BB
:10A058004013012E84F82E3484F844349EBF012323
:10A06800A86385F8AE31B8F1010F84F81E84C4F8EE
:10A07800240484F8280484F8410417D1022384F8BE
:10A088001C3495F84A301BB99DF88430DB062CD572
:10A0980095F8A83163B328E000040001000101012C
:10A0A800A01B00201C190020841200200BF0E00BDC
:10A0B800BBF1A00F32D195F8BE31012185F84A10C5
:10A0C8000BB9299B6B64012E84F81C1440F2328270
:10A0D8004FF4FA53C4F83C34D9F80030C4F8E434E7
:10A0E80095F8A831002B00F03482D4F83C3413B131
:10A0F800012384F82134012E94F840249DF88430FB
:10A1080005D8012A01D19E0601D500F0B3FB049AB7
:10A11800032A5AD8DFE802F008215212002385F8F2
:10A128004A3084F81C34AFE79DF8841094F82D3435
:10A138003A4601F00F0122A8FDF710FD9DF898306E
:10A1480084F81F34279BC4F824349DF8A03084F881
:10A158002834012384F829340DE09DF8841094F8FC
:10A168002D343A4601F00F0122A8FDF7F7FC9DF8BF
:10A17800983084F81F3495F8D4315BB1BF48002675
:10A1880085F8D461FCF71CF894F88934580748BF5F
:10A1980084F855649DF89820E02A08D195F8AF31E5
:10A1A8002BB984F81F24C4F82434A4F8283494F86C
:10A1B800893443F0020384F889345BE694F82D343B
:10A1C8009DF8A01027983A46CFE7012384F81D345C
:10A1D800FDF762FACFE7AA4D013EB2B208F10101DC
:10A1E80028460BF0C7FA0323A4F81C34C4F82454F7
:10A1F80084F82864DBE7012384F81D34FDF74CFA62
:10A2080038E694F84434002B3FF43EAE0020FDF7C6
:10A218002FFA94F82D34022B3FF43CAE34E694F830
:10A228008934590721D5012000F022FC48B10023C8
:10A2380084F81434D4F8403323F00203C4F84033CC
:10A2480013E0022000F014FC0028F0D1032000F0F5
:10A258000FFC0028EBD1042000F00AFC0028E6D10E
:10A26800062000F005FC0028E4D194F88934DA07C8
:10A278007FF5CCAC94F840240AB1032A18D1814A5E
:10A2880094F8141492F87820914205D29B0723D5AC
:10A2980094F82D34012B1FD87B48FBF791FFD4F895
:10A2A800403323F02003C4F84033FDF7CDFFADE47D
:10A2B800012A11D194F81524002A3FF4A7AC714A59
:10A2C80094F8141492F878209142E5D29F0703D5A8
:10A2D80094F84434002BDFD194F8893400206FF3CC
:10A2E800041384F8893484F81504FEF7A1FA8DE480
:10A2F8000122002D40F0DA8084F88A240CF0FDF861
:10A3080094F889346FF3041384F88934012384F8AA
:10A318008A3494F8893443F0200384F8893494F813
:10A328008934180708D56FF3C30384F88934D4F83F
:10A3380044335648DB68984794F88934990708D518
:10A348006FF3410384F88934D4F8443350485B6888
:10A358009847D4F84033ABB94A4DD5F8C421E96CD5
:10A368008A4240F0B88095F8BE11002900F0B38009
:10A37800002A00F0B080EB641EA802238DF8783024
:10A38800FFF70EFA94F88834022B01D1FDF7D2FAC0
:10A3980094F889349A0640F1DF80D4F840536FF37B
:10A3A800451384F88934002D40F0D680354E342189
:10A3B8003046FBF769FE736B984218BF70634FF025
:10A3C8001C01344818BF0125FBF75EFE736D9842E7
:10A3D80018BF70654FF4C0712F4818BF45F00205CB
:10A3E800FBF752FED6F8D831984218BFC6F8D80104
:10A3F8004FF4CE71294818BF45F00405FBF744FE19
:10A40800D6F87833984218BFC6F878034FF00001A1
:10A41800234818BF45F00805FBF736FED6F87C330D
:10A42800984218BFC6F87C034FF0C4011D4818BFF6
:10A4380045F01005FBF728FED6F84434984218BFBB
:10A44800C6F844044FF01401174818BF45F020051A
:10A45800FBF71AFED6F85C349842D4F848331CBF90
:10A46800C6F85C0445F04005002B75D09B68002BAE
:10A4780072D028462BB0BDE8F04F1847A01B00202B
:10A488001C19002084120020541A00204C1B0020A4
:10A49800001B0020BC120020DC12002060140020E9
:10A4A8000016002004160020CC16002060F382035A
:10A4B80084F8893484F88A24294800F0E5FA00F001
:10A4C80017FB00283FF41AAF94F8893443F00403CB
:10A4D80084F8893412E795F8D5315BB102231EA8B8
:10A4E8008DF87830FFF75CF900287FF44BAF85F8DA
:10A4F800D50147E795F8D6315BB103231EA88DF83F
:10A508007830FFF74DF900287FF43CAF85F8D60185
:10A5180038E795F8D731002B3FF434AF04231EA851
:10A528008DF87830FFF73CF900287FF42BAF85F8D9
:10A53800D70127E795F8A8019DF8843094F84024BE
:10A5480020B1D4F83C0400283FF4DBAD84F8211492
:10A55800D7E584F82114DAE52BB0BDE8F08F00BF09
:10A56800381B00202DE9F04F07468DB020B9032293
:10A5780010460DB0BDE8F08F00230361FDF7FCFE27
:10A588000446002840F0B8803E460FCE07AD0FC500
:10A59800DFF86881BB895A485A4D3E7897F90EB062
:10A5A8000193142221468DF808400BF0F7F8012298
:10A5B80088F8412495F8C021022A11D195F8A821DC
:10A5C800022A0DD195F8AE2152B9012E47D9032E92
:10A5D80052D0012E38BF0126A3464FF0000911E0E2
:10A5E800012E3CD0032E47D0002E55D19DF80820CF
:10A5F8009DF82090DDF824A0022161F347128DF820
:10A608000820012495F88C108DF81610022205A94F
:10A6180095F858008DF814200CF071FA95F8AA31C5
:10A6280095F8C0C195F8AD1140B20222C3BB002C09
:10A638003CD05845B8BF584695F88C308DF8100076
:10A64800052295F858008DF8123004A90CF06DFA1F
:10A6580000288CD09DF8103085F849302CE09DF802
:10A6680008209DF82090DDF824A0042161F347120A
:10A678008DF808200126C4E79DF80830DDF820A0F1
:10A688009DF926B043F0E0038DF80830BDF824307A
:10A69800019303260124A0E74FF0000BD946B1E748
:10A6A800BCF1010F06D129B9002CC5D1D8F8E03486
:10A6B8003B615DE7002CF9D0D8F8E40438B10BF021
:10A6C80031F9B0F5FA5F84BF002385F84A30524665
:10A6D800019B494602A8FEF7E3F8024640B998F8FC
:10A6E800893488F8406443F0010388F88934DDE749
:10A6F800002388F81634D9E7012239E7E416002048
:10A70800241B002084120020012809D00538C3B278
:10A718001B2B04D80348D84000F0010070470020E4
:10A72800704700BF7910000810B5054C4FF403724C
:10A73800204600210BF032F80020C4E9000010BDCB
:10A74800641C00202DE9F8430546904600293DD0B9
:10A75800204C2023224604F1100012F8019FB9F181
:10A76800000F2BD18242F8D11B4F3B68013403B94B
:10A778003C607B6803B11C6000262660601D7C601D
:10A78800C4F8088025711FFA88F20AF0F3FF2846FA
:10A79800013DEDB2FFF7B8FF1F2D98BF0F4E207394
:10A7A8009CBFEE4006F001066673D7F80832013305
:10A7B8004344C7F808324846BDE8F883013B13F024
:10A7C800FF030446C6D14FF00209F4E74FF0010930
:10A7D800F1E700BF6B1C0020641C0020010400800E
:10A7E80010B520B3144BD3E90021904215D102686B
:10A7F8001A60884201D100225A6000240460D3F80C
:10A8080008228168013A521AC3F808222146102208
:10A818000AF0C4FF204610BD224652B11468A04277
:10A82800FAD1884200D15A6001681160E5E7012039
:10A83800F1E78842E0D0E0E7641C0020054B1B6884
:10A8480013B11A798242FAD1002B0B600CBF032096
:10A8580000207047641C002010B5054B186800B92B
:10A8680010BD037B04680BB9FFF7BAFF2046F6E773
:10A87800641C002038B50C4B0C4C196809B9084603
:10A8880038BD0A790D681046FFF73EFF50B1013A0E
:10A89800D2B21F2A03D824FA02F2D30702D40846F8
:10A8A800FFF79EFF2946E9E7641C002001040080A9
:10A8B80028B1044BD3F80832036000207047012008
:10A8C800704700BF641C00202DE9F04107460E4682
:10A8D800154642B339B3154B1C6800232CB93046D2
:10A8E800FFF7E6FF0020BDE8F081A268F91A0132FF
:10A8F800914215D32279EA54581C22895FFA80F8CC
:10A90800611D55FA80F00AF035FFA3682468984461
:10A918005FFA88F3E2E720462568FFF761FF2C46D7
:10A92800002CF8D1DBE70120DDE700BF641C002024
:10A938000138C0B21F289ABF014B185C002070472D
:10A948005DCA010830B50B4B93F820200446084631
:10A9580072B100211C330578A54208D00131984214
:10A96800CDB214BF04301038AA42F4D8002030BD4C
:10A978001046FCE7701E002010B5084C002320602C
:10A98800142204F10C00FF2184F82030C4E90100EE
:10A998000AF004FF012384F8213010BD701E002046
:10A9A800114B93F82020042A1BD89A68017811705B
:10A9B8009A68417851709A68C178D1709A6881789C
:10A9C800917093F82020013283F820209A6803F1CF
:10A9D8001C018A4214BF043203F10C029A60012060
:10A9E80070470020704700BF701E0020094B93F885
:10A9F800200068B15A6803F11C018A4200F1FF3057
:10AA080014BF043203F10C0283F820005A600120BD
:10AA1800704700BF701E002010B5074B93F8202028
:10AA28000446084632B15968FFF78CFF10B101237C
:10AA38004470837010BD00BF701E002030B50B4AF3
:10AA480092F82010536882F8210069B1012502F1BB
:10AA58001C04D978587001B99D70A342916814BF3D
:10AA68000433103B9942F4D130BD00BF701E002062
:10AA780008B5044B5968FFF765FF003818BF012077
:10AA880008BD00BF701E0020F7B50422174D04460C
:10AA980000210DEB020095F820700AF07FFE0026D9
:10AAA800F3B29F4201D803B0F0BD6B681B782370E6
:10AAB8006B685B7863706B689A783AB12B6820464C
:10AAC8009B689847FFF792FF0136E9E71A788DF8F7
:10AAD80004205A78DB788DF805208DF80730FFF7C9
:10AAE80085FF01A8FFF75CFFEEE700BF701E00209E
:10AAF800014B93F820007047701E0020034B93F819
:10AB08002000042894BF002001207047701E0020F8
:10AB1800F0B5002489B006462A48CDE90444CDE9B9
:10AB28000044CDE90244CDE906440068264C4FF0C4
:10AB3800010C8DF810C0D0F800E0A645DDE90E57ED
:10AB480008D9634504D9022B20D0082009B0F0BDEC
:10AB58008DF814C00B0CADF816108DF81830ADF840
:10AB68001A502B0C090E2D0E8DF81C308DF815205F
:10AB78008DF819108DF81D50134B02689A4284BF46
:10AB880001238DF81F3026B90020DFE78DF8143037
:10AB9800E0E710216B4606220DEB0100FCF7FEFBF7
:10ABA80068B900F120030DEB03023B5C12F8202C7E
:10ABB80053403B540130C0B2B042F2D3E4E70E2018
:10ABC800C4E700BF941E00200000010101380628D8
:10ABD80023D8DFE800F0040A0E12161A1E00104BE4
:10ABE8001B681B690B60002070470D4B1B685B6975
:10ABF800F8E70B4B1B689B69F4E7094B1B68DB699B
:10AC0800F0E7074B1B681B6AECE7054B1B685B6AA0
:10AC1800E8E7034B1B689B6AE4E70520704700BF21
:10AC2800941E00202DE9F043C5B0DDE94C860C46A2
:10AC380017461D46814600284BD0B1F5807F4AD87B
:10AC48004FF48872002168460AF0A8FD49238DF860
:10AC58000030002D3AD0214B1B68DA68D3B2C2F31A
:10AC680007228DF802204FF48072ADF804204FEAD5
:10AC780018428DF80820320C8DF80130ADF80680A6
:10AC88000023ADF80A608DF80C204946224604A836
:10AC98004FEA1868360E8DF803308DF80E308DF8AF
:10ACA80009808DF80D608DF80F400AF063FD04F1FE
:10ACB80010014E9A3B4689B268460BF0C3FA10B1B0
:10ACC800012818BF0E2045B0BDE8F0832B462A4660
:10ACD800C7E70920F7E70D20F5E700BF941E00201D
:10ACE80010B5A8B10B4C3822002120600AF056FD9F
:10ACF8002368094A1A6000204FF0FF32C3E90302B3
:10AD0800C3E90522C3E90722C3E909221A6310BD72
:10AD18000820FCE7941E002000010101024B1B687B
:10AD280018600020704700BF941E002030B1044B0B
:10AD38001B68DB68013303600020704709207047F7
:10AD4800941E002081B1082803D0092808D00520C6
:10AD58007047064B1B8801339BB20B80002070475D
:10AD6800034B1B689B8DF6E70920704726220020BD
:10AD7800941E002080B1094B1B6803F11C0242623B
:10AD880003F12002426503F124022833C0F884202D
:10AD9800C0F8B4300020704709207047941E002086
:10ADA80030B5044687B0002847D0274B1A689388E7
:10ADB80001339BB2938000F10E05C3820023CDE9D5
:10ADC8000233CDE904330822062329460DF1090090
:10ADD8008DF808300AF0D8FC0222012102A80BF0F5
:10ADE8004CFA90B9CDE90200CDE904000523082208
:10ADF80029460DF109008DF808300AF0C5FC032238
:10AE0800012102A80BF039FA10B1122007B030BDA9
:10AE180020460BF060FD90B904F1180300932168F7
:10AE2800012313220BF008FA58B920460BF053FD02
:10AE3800003818BF01200001E8E70920E6E71020E4
:10AE4800E4E70E20E2E700BF941E002037B5044671
:10AE5800F8B1134D2B689A8D4FF6FF739A421AD0AA
:10AE68000BF06DFD10B1102003B030BD04F11C03D0
:10AE780000932168022314220BF0DEF968B92046FA
:10AE88000BF05DFD0028EED12A68938D0133938580
:10AE9800EAE70920E8E71120E6E70E20E4E700BF2B
:10AEA800941E002037B50446E8B1124D2A884FF6A3
:10AEB800FF739A4219D00BF07AFD10B1102003B03D
:10AEC80030BD04F114030093216805230F220BF011
:10AED800B3F960B920460BF06AFD0028EED12B8843
:10AEE80001332B80EBE70920E9E70420E7E70E2090
:10AEF800E5E700BF262200202DE9F04F04468BB07D
:10AF0800884617461E46002B4CD05D4D2B68DB68E3
:10AF1800834200F2B28096F82020002A0CBF062255
:10AF28000722834206D330460BF079FD034608B367
:10AF380010201CE0002301900093B36896F82810B5
:10AF4800706A0BF04AFB90B92B689B78012BEAD109
:10AF580006F1100396F80CC0CDE9004302460346FB
:10AF6800B1680CF00F00FFF7D3FD0028DBD00BB061
:10AF7800BDE8F08FD5F800A096F804C09AF802E072
:10AF88003068B6F80890B268ACF1040CBEF1010F55
:10AF98001FFA8CF166D196F80CE0CDE90433CEF3B4
:10AFA800401E08B90920E2E7B1F5807F01D90D20DC
:10AFB800DDE74FF0490B8DF818B0BEF1000F4DD00A
:10AFC800DAF830305FFA83FEC3F307238DF81C707C
:10AFD800170C120E8DF81A308DF821200023220C40
:10AFE8008DF81D308DF824208DF82630220E04AB04
:10AFF8008DF8252000930A460523014606A88DF8FA
:10B0080019E08DF81B80ADF81E908DF82070ADF812
:10B0180022408DF827C00BF00FF908BB05AA337B37
:10B028003179CDE90142B268009204393068C3F33E
:10B038004013042289B20BF036FB002897D1BDF8E3
:10B048001030059A43EA0243F36230460BF0E7FCFE
:10B0580000287FF46DAF2B68DC6088E79E46B5E773
:10B068000E2084E706F12C070092CDE9014706225D
:10B078000BF019FB0028E8D079E7062077E700BF36
:10B08800941E00202DE9F04F87B08146109E884617
:10B0980017461C46002E00F09480002305A9104690
:10B0A8000593FFF793FD20B10625284607B0BDE8B4
:10B0B800F08F059B9C4201D80133F5D130460BF047
:10B0C800AFFB054600287ED1404B13F825104945B3
:10B0D80003EB850204D1B368434506D00225E4E7B3
:10B0E8000135052DF1D10B25DFE7DFF8E4A0F06A83
:10B0F800DAF80010337B897892F801B000293179A9
:10B10800CDF80080CDE90140A1F10401C3F340135B
:10B118009278306808BF002389B2FFF783FD05469F
:10B128000028C2D196F820300194002B4FF001037B
:10B13800009396F82810706A434614BF5A460622B0
:10B148000BF04BFA05460028AFD1DAF800309A78B0
:10B15800012A08D0013F062FA7D8DFE807F0151A03
:10B168001E22262A2E00B9F1040FF3D1307B1036A7
:10B17800CDE900463B46414600F00F00FFF7C8FC0A
:10B188000028E7D0054690E7DAF800301C611C6318
:10B198008BE7DAF800305C61F9E7DAF800309C6197
:10B1A800F5E7DAF80030DC617FE7DAF800301C6296
:10B1B8007BE7DAF800305C6277E7DAF800309C6207
:10B1C80073E7092571E70F256FE700BFF505002034
:10B1D800941E002038B505460BF04AF8044610B115
:10B1E8000E24204638BD002DFBD1064B1B680146B6
:10B1F80098780BF0ACFA0028F2D10BF043FA00284B
:10B20800EFD0EDE7941E00202DE9F04304468FB0FF
:10B2180089461646002A00F0AB80002900F0A88075
:10B228000025DFF85C8105951D22294606A80DF04A
:10B238000DFED8F800308DF81350FF2C9F8805D0EC
:10B2480014F0FD0F0ABF4F4B9F8D1F880DF113039C
:10B2580005AD029301953379009333683A46494620
:10B2680020460BF026F8002840F0848030683279B8
:10B2780029460AF07FFA30460BF084FA00287BD181
:10B28800357AF279B3799DF813002D0445EA022541
:10B298001D43D8F8003001289A6803D1954203D895
:10B2A80003243EE09542FBD09D6000210BF04FFA4D
:10B2B8000446002835D10BF0E5F9044688BB9DF813
:10B2C8001330012B31D13B464A46294604200BF066
:10B2D80027F9002852D13B464A46294605200BF05B
:10B2E8001FF900284AD13B464A46294606200BF05A
:10B2F80017F9002842D13B464A46294607200BF059
:10B308000FF900283AD1D8F800309DF813201D49CC
:10B318009A7000220A80DA604FF0FF32C3E90422F3
:10B328009A6120460FB0BDE8F083737AB27AF67A54
:10B33800360446EA02261E4332463B462946072083
:10B348000BF024F9D0B93B463246294606200BF0CB
:10B358001DF998B93B463246294604200BF016F9E8
:10B3680060B93B463246294605200BF00FF9C8E77D
:10B378000924D6E70E24D4E70F24D2E70446D0E701
:10B38800941E002026220020004870470300010276
:10B398002DE9F74F0C469246984607460AF0BBFA45
:10B3A8002E4EDFF8BCB00190182313FB0A4A002583
:10B3B8004FF0FF39544507D1002D14BF48464FF0D0
:10B3C800FF3003B0BDE8F08F60680AF0ABFA0D9B60
:10B3D800228857BB642A38BF6422B3F5616F94464C
:10B3E8002AD349F6AF218B421E491F4B94BF3146E1
:10B3F8005B469842216104D2A268934201D16268F7
:10B408001AB9019AE160C4E901230F9B03FB0CF20E
:10B41800E368934203D8B8F1000F12D18FB101232A
:10B4280023751D44EDB21834C4E7B8F1000F06D0F7
:10B43800012A38BF0122944631463346D9E7E660EF
:10B44800F6E700238A422375EDD2A268824228BF1C
:10B45800131A994528BF99460135E3E780EE36006F
:10B46800809B820770460D00803F5C02024B03FA06
:10B4780000F0B0FBF1F0704740420F0051F8200097
:10B48800054B984205D0054BC31A58425841400015
:10B4980070470120704700BF90D0030020A107002B
:10B4A800F0B5114B85B00C4610491F560546FFF7FD
:10B4B800E5FF0F4BE4B25E6A072D4FF00103CDE9BB
:10B4C800024301460AD105220023CDE900234FF4A7
:10B4D8007A727A431846B04705B0F0BD08220020BA
:10B4E800CDE900203A46F5E785CA010834A20108EB
:10B4F800C8A1010838B5194B1B6A04460D46984780
:10B5080058B1174B174A2344934207D9164B174A89
:10B51800234493420CD800232B7038BD0223FBE749
:10B528000123F9E70523F7E70323F5E70423F3E706
:10B538000F4B104A23449342F2D90F4B0F4A23442E
:10B548009342EFD90E4B0F4A23449342ECD90E4B4A
:10B558000E4A23449342E9D90020DEE7C8A1010836
:10B5680040AA8FCC7F841E00C02571CCC0C62D0098
:10B57800FF5E43CCBF270900A0B038CC20A107004C
:10B5880040022ECC90D00300606E29CCE0930400DA
:10B598001FB50023009303780B3B2C2B62D8DFE800
:10B5A80003F02C2F3136383B3E414447614F6151FF
:10B5B80055595B61615E65176161616161616161D6
:10B5C80061616161614F676C61614F6C616E7200AE
:10B5D80043788DF8043007238DF805304FF48053F5
:10B5E800ADF806302B4B1B6801A803F1C002CDE96A
:10B5F80002230BF0F6FC009034E04023009331E086
:10B608002023FBE790F90130234AD35CF6E70123B6
:10B61800F4E740F6B833F1E74FF47A73EEE74FF406
:10B62800FA63EBE741F28833E8E741F27073E5E744
:10B638001A484FF47A710AF090F800F5FA60DAE7E0
:10B64800174BDBE7134B1B68C033D7E7114B1B685D
:10B65800C233D3E71023D1E70E4B1B68CEE74FF078
:10B6680083430093009805B05DF804FB0D4BF8E7A1
:10B6780040F21113ADF80030F4E70323BEE790F968
:10B688000130094AC1E7094990F90100FFF7F6FEC0
:10B69800B1E700BF9C1E00207DCA010818FCFFFF0F
:10B6A80008E6D3339A99094085CA010834A20108EB
:10B6B80037B50B4B02781B680C2101FB02335B7A10
:10B6C80003EB4304074B1D6803690093C368427882
:10B6D800816805EBC4000BF02DFB03B030BD00BF43
:10B6E8009C1E0020981E002030B5A5B004468E226E
:10B6F80000210DF102000DF0A9FB4FF47A72ADF8AC
:10B708003020ADF87820227B64230A21012AADF885
:10B718000030ADF81830ADF84810ADF860302ED0D4
:10B72800022A36D04ABB23683BB363682BB31E4D4D
:10B73800A0682B601D4B9022694618600AF01AF821
:10B748001B4B2C6893E8070084E8070003F10C0200
:10B7580007CA04F10C05183385E8070093E80700C9
:10B7680004F1180585E807002146072321F8C23FA0
:10B77800012204F1C0000BF0CEFA25B030BD0A4B0F
:10B788001868002343600361C36100F1C201C0303F
:10B79800F1E7054B1B68B3F8C020B3F8C2100A43A1
:10B7A800A3F8C020E9E700BF9C1E0020981E0020D7
:10B7B800009B010808B502791AB1012A0BD00020B4
:10B7C80008BD084B01681B68012203F1C0000BF09B
:10B7D800A2FA0120F4E7034B01681B6803F1C200D9
:10B7E800F5E700BF9C1E0020F7B50728144D1C463E
:10B7F800A8BF072058700E4629461746FFF73EFE99
:10B8080094F90130A070072B13D132200BF00BFBF9
:10B818000C4BDB6D0546984704F10C0208340346CF
:10B82800019200943A46314628460BF001FB03B0DA
:10B83800F0BD054A55F82310D05CFFF717FEE7E77F
:10B8480034A20108C8A1010885CA01082DE9F047FA
:10B858002F4F90F901607B68D0F804908AB00546B4
:10B86800884698470446002850D1AB7C73B9294ACA
:10B878002B78126803EB4303990002EB8303D3F898
:10B888000490B9F1000F01D152F80190224B4846BB
:10B8980013F906A0FB6898476B7C2A89D7F818909B
:10B8A8000993072E21D100230121CDE902231B4A48
:10B8B8000693CDE90431CDE907330521CDE900210F
:10B8C8004FF47A7202FB0AF24CF250311846C8471C
:10B8D800134B995D7B6D0D312046C9B2984788F8A6
:10B8E800006001200AB0BDE8F08700210124082388
:10B8F800CDE90013CDE90714CDE90511CDE9031110
:10B908000292A978234652462046E0E70020E9E75C
:10B91800C8A101089C1E002085CA010885450100B0
:10B928007DCA01082DE9F04FDFF8EC9090F901305D
:10B9380092463A4A12F903B00278D9F800300C2539
:10B9480005FB0233364A5B7A126803EB43038DB07A
:10B9580002EBC30304460B9190F9020093F902101D
:10B968000BF05AFB2F49064694F90100FFF786FDB4
:10B97800A2686168804630460BF082FA2278D9F8CE
:10B988000010DFF8A4906A43D9F80C3007468858AD
:10B998009847D9F81C309C4694F901300025072BAC
:10B9A8004FF47A63CDE90753CDE9055523D1012337
:10B9B800CDE903530523CDE901534FF47A7303FB13
:10B9C8000BF300933946434646F2A81228466746C9
:10B9D800B847A18994F90100FFF762FDCAF8000091
:10B9E800D9F85430217B284698470B9B01201E70BC
:10B9F8000DB0BDE8F08F01200823CDE90350CDE953
:10BA080001032A46CDF800B0654643463946A847A3
:10BA180001200546DDE700BF9C1E002085CA0108FD
:10BA2800981E002034A20108C8A101082DE9F04F92
:10BA38008DB0002405468A46914698460294ADF892
:10BA48000C40ADF8064007264FF0010B2B7AA342B5
:10BA580006D9686802A920440BF080F9002853D160
:10BA6800AB7A8DF815309DF809308DF816309DF8B1
:10BA78000A308DF817309DF808308DF81830EB7AB9
:10BA88008DF819302B7B8DF81A306B7B8DF81B30B5
:10BA980010238DF814608DF81C303A4E0DF1060312
:10BAA80008934FF4E063ADF8243033680A93072312
:10BAB800ADF82C302B6804930DF10A0202AB0DF19E
:10BAC800090104A80BF064F9072805460AD1306873
:10BAD80002220021C03009F061FE3368BDF806205B
:10BAE800A3F8C0209DF809308AF800309DF80A3084
:10BAF80089F800309DF8083088F80030169B2846F1
:10BB08001C700DB0BDE8F08F9DF80B30BDF80C70BF
:10BB1800ADF806702044C4B2F3B917B3194A00202F
:10BB28001168072602464FF00C0C062B1BD10CFBA4
:10BB380000FE51F80EE0BEF1000F04D00BFA00F23F
:10BB48003A4397B2012201301028EED1002A3FF47F
:10BB58007DAFADF8067079E75A1E042A01D9062B85
:10BB6800DCD0062672E747FA00FE1EF0010FEAD085
:10BB78000CFB00FE51F80EE0BEF1000F08BF0626D0
:10BB8800E1E700BF9C1E002013B50446002023787F
:10BB98008DF807000F2B1CD860680DF10701FFF71F
:10BBA800A9FC23780D4A58B1126803EB430302EB52
:10BBB800830152F8233073B163684B60032007E0B8
:10BBC8000C2112684B430220D3580BB900F0010036
:10BBD80040B202B010BD0320F8E700BF9C1E002051
:10BBE8002DE9F041394D0446286896B00E46904636
:10BBF80000211F4601220723C030CDE90411CDE9F9
:10BC080006118DF80C108DF80D10ADF80E300BF0F4
:10BC180064F830B92A68B2F8C03043F00703A2F8D4
:10BC2800C0302A68637A8DF8203002F1C001CDE96E
:10BC38000912274A94F9083012680B921022ADF8BD
:10BC480030200DF10E020D9222680E9262680F925A
:10BC5800D4E90301A27A8DF8402006228DF841200C
:10BC680011AA82E80300227DE18A8DF82130184666
:10BC78008DF84C20FFF714FC08AB15930DF10D035C
:10BC880014900093CDF8048003AB04AA39460EA89B
:10BC98000BF063F9044678B99DF80C10013909F0E6
:10BCA8005CFD00F158030DEB030010F8483C3370BD
:10BCB800204616B0BDE8F0810C2801BF2A68B2F80A
:10BCC800C03043F00703A2F8C030F1E79C1E002003
:10BCD800981E0020F7B506790027022E05468DF834
:10BCE800077032D90F2E4DD80368187A40F3030035
:10BCF8000722394640B20AF0CEFF2B680446187A6C
:10BD080040F303100722394640B20AF0C4FFB0B12D
:10BD1800B4FA84F464092B6818681B7A43F30302A5
:10BD280043F3031352B25BB29A420DF1070108DDE7
:10BD3800FFF7E0FBC0F10600C0B203B0F0BD01247C
:10BD4800E9E7FFF7D7FB10B9F4B10620F5E7ECB93E
:10BD58000F4F29683B6806EB460003EB80000C2276
:10BD680009F008FD3A689DF807100C2303FB062329
:10BD780020465972B2F8C0100123B3400B43A2F811
:10BD8800C030DAE70320D8E70420D6E70520D4E757
:10BD98009C1E002010B4017802290DD9084B1868A0
:10BDA8000C234B43C4180022C250C4E90122C030FE
:10BDB80010BC10220AF078BF002010BC704700BFEA
:10BDC8009C1E002010B5094C0A44914200D110BDB8
:10BDD80011F8013B584003090001E35CC0B243403D
:10BDE80018091B01205CDBB25840EEE78DCA010838
:10BDF80038B51649164C0023A14224D91549164ACC
:10BE080016483E2308F049FD154808F046FD12483B
:10BE18003E2108F039FD0A68934204D050694BB9B5
:10BE28000380506943805069438801334380083157
:10BE38001346E1E75D69B5F9025005805B69506911
:10BE4800B3F90230EEE7E6D3002038BD009B0108C5
:10BE5800009B0108CFCA0108A9CA0108BDAB0108A7
:10BE680045B2010813B50F4C20460CF0F2FD40B95D
:10BE78000D480E4A012109F0FFF86FF0120002B0D8
:10BE880010BD0B4A92E803006B4683E80300A268E2
:10BE980012681AB1194620469047F0E76FF057002C
:10BEA800EDE700BFA4930108E89901085FCB0108FA
:10BEB800249B010808B500F01F0101233F28024612
:10BEC80003FA01F305D9084808490BF05DF9002089
:10BED80008BD074A1F2894BFD268D26A93430CBF93
:10BEE80001200020F4E700BFE899010806CB01080B
:10BEF8000008005808B500F01F0101233F2802463A
:10BF080003FA01F306D9074807490BF03DF96FF02A
:10BF1800150008BD1F28054A02D8D3600020F8E79D
:10BF2800D362FBE7E899010806CB0108000800582E
:10BF3800044B184400230133994200F8012BFADC22
:10BF4800704700BF090600202DE9F041104F054653
:10BF580000264FF001086B78F4B2A34201D8BDE87F
:10BF6800F0812B781C442046FFF7A4FF68B12046D7
:10BF7800FFF7C0FF57F834303BB107EBC40204F0B9
:10BF88001F04516808FA04F098470136E3E700BF38
:10BF9800A01E002008B5034630B1B0FA80F2C2F105
:10BFA8001F02D2B20F2A09D90A490B480B4AC223E9
:10BFB80008F073FC0948C22108F066FC0849885655
:10BFC800084AD2F880100B43C2F88030BDE8084018
:10BFD800F8F7E8BAE9CB0108BDAB0108A7CB01081F
:10BFE8000906002000080058034AD2F8803023EAE6
:10BFF8000003C2F8803070470008005808B5164B97
:10C0080003291ED8DFE801F0020B0E161A6822EA8F
:10C0180000021A605A6822EA00025A6008BD1A68CB
:10C028000243F6E75A6802435A601A6822EA000295
:10C038001A60F3E71A6802431A605A681043586096
:10C04800ECE706490648074AFD2308F026FC0548A0
:10C05800FD2108F019FC00BF00080058DCDC0108CD
:10C06800BDAB0108A7CB010830B5B0B1B0FA80F379
:10C07800C3F11F03DBB20B4850F833408C4204D1A4
:10C0880000EBC3056D68954205D044B940F83310FC
:10C0980000EBC3004260002030BDFF23EBE76FF0E8
:10C0A8000F00F9E7A01E002060B1B0FA80F3C3F1D9
:10C0B8001F03DBB2044A002142F8331002EBC3022B
:10C0C80051607047FF23F5E7A01E002000F003022F
:10C0D800043292000F23934043EA900000F00303D8
:10C0E8000233064A52F82320030C02EA104093FA5E
:10C0F800A3F3B3FA83F3D840704700BF00000140B0
:10C10800F8B5466896F83C30DB0609D40B799F06EB
:10C1180006D5394939480BF0B3F86FF01500F8BD6A
:10C128000B78092B01D03649F4E74B78042B01D062
:10C138003449EFE70C7949883268056904F01F042F
:10C14800E9B143F6FF73994222D08B0B032B05D03C
:10C158002D492A480BF094F82C49DBE7DFF8B0C0EA
:10C1680006F12607002337F8020F40EA0C0080B2D8
:10C17800814205D00133082BF5D12649E9E70B4662
:10C1880096F93810012905DC002933DB0020C6E7C1
:10C198000723F5E702292DD195F9B6104E1C01D0D9
:10C1A80099420ED185F8B63051694FF48070A0409D
:10C1B80021EA00015161516921F007010B435361E4
:10C1C800E4E795F9B710481C01D0994210D185F8D9
:10C1D800B730556910484FF48071A140684001405C
:10C1E80069405161516921F0700141EA0313E6E7A2
:10C1F8000A49AEE70A49ACE705CC0108C09901082D
:10C2080035CC01084ACC010864CC010811CD0108DD
:10C2180000C0FFFF8CCC010804FFFF03AFCC01086E
:10C22800DBCC010838B5324C2368DA0605D5102373
:10C238003049314823600BF023F823685B0747D562
:10C24800226C2E4CD4F8A430991CC4F8A4101A807F
:10C2580094F8B53094F8B4200133DBB29A4284F8EC
:10C26800B530254634D1002384F8B530636FB3B3B5
:10C27800D4F88C30B4F898203BB1214804F174010B
:10C288009847012812D0022823D0B4F89830B4F87F
:10C2980094209A421DD90133A4F89830D4F88830F4
:10C2A8004BB9BDE8384015480AF0FBBFD4F8A830B0
:10C2B800C4F8A430F2E7BFF35B8F55E8003F5A1E7D
:10C2C80045E800210029F8D1BFF35B8F012BE8DC9A
:10C2D80038BDD4F8883013B10A480CF016FD4FF673
:10C2E800FF73A4F8B6300848BDE8384004F08CB9AC
:10C2F8000024014027CD0108C09901080000002052
:10C3080010950108080000205800002073B5466801
:10C318003568044628460BF003F860680AF0B4FF55
:10C3280096F83C309B0602D560680AF0ADFF0D48D0
:10C3380061688368DB6808317BB90B490B480AF0F0
:10C348009FFF019B1BB90A4908480AF099FF284634
:10C3580002B0BDE870400AF0CABF01AA9847002899
:10C36800EFDAEAE7A4930108A0CD0108C099010813
:10C37800BACD01082DE9F74F46680769D6F800805D
:10C388000546DFF834A150460CF063FB48B94B4929
:10C398004B480AF075FF6FF01204204603B0BDE861
:10C3A800F08F4FF6FF73C7F8A050A7F8B6306C6847
:10C3B800DAF808B02146DBF8003051F8089B5BB387
:10C3C80050469847024638BB94F83C30D9071AD4EF
:10C3D80094F83C309A0708D5DBF8183004F11801B6
:10C3E800D3B1354800229847B0B9226A22F00043F9
:10C3F800B3F1804F28D1D9F8103023F040431343CC
:10C40800C9F8103008E0DBF8183004F110011BB14E
:10C41800504698470028DBD0706A01AA00210BF02B
:10C4280020FD041E07DB019B00221979186802F021
:10C4380007F8041E18DAA31C16D0224A20482346FF
:10C44800012108F022FEA8E7B2F1004FD3D01E491F
:10C45800D1F8083723F470131343C1F80837D9F813
:10C46800103023F04043CBE796F93B3083B1D8F83E
:10C47800083023F0104323F0170343F08053C8F823
:10C48800083096F93B30012B02D114200CF0D3FA76
:10C49800736803B198472846FFF738FFD8F80C307F
:10C4A80023F45C63C8F80C30BB6C1BB907F140007F
:10C4B80004F0AAF8002470E7A4930108CECD01087F
:10C4C800C0990108EDCD0108002001402DE9F04F89
:10C4D800036985B006460D4603F140084FF0FF3268
:10C4E8004FF0FF33404604F013F973683469D3F80A
:10C4F8000090AB68C4F8A4306F68C4F8B0703846D0
:10C50800F4F748FB002384F8B40084F8B53067B921
:10C51800834984480AF0B4FE6FF01504404604F0DD
:10C5280073F8204605B0BDE8F08F7268106892F97C
:10C538003D103C328B4202DB11D17B49E9E752F8CE
:10C54800047F95F810C0BCEBD74F32D1FBB2FF2B5C
:10C55800C7F30422C7F3423BC7F3024A2BD133691E
:10C568007068D3F8B0204FF0010C0023002A3BD1AB
:10C5780090F939204AB90268C3F31103936213682A
:10C588009904FCD54FF40053136094F8B4202B6839
:10C59800520013B19B8903FB0222EB6893422FD20E
:10C5A800604800920121614A08F079FD6FF00B04A0
:10C5B800B4E70133BEE7C3580392D3400BEA030341
:10C5C8009A45CCD00AF0ACFE7368039A196807F054
:10C5D800FC070BFA02FBCB590AFA02FA23EA0B030F
:10C5E80043EA0A03CB51BAE792FAA2F1B1FA81F110
:10C5F8000CFA01F747EA81610B4322EA0702B5E723
:10C60800D6F804B095F811A0DBF80000BAF1000FD5
:10C6180056D10369DA0705D50AF082FE036923F0CB
:10C6280001030361AB7C13B13046FFF76FFE484648
:10C638000AF05DFE1023C9F80030D9F8043043F041
:10C648000403C9F804302F460FCF04F174060FC64F
:10C658003B683360002626672B68002B5BD00FCB26
:10C6680004F1880585E80F006567A4F8986000283C
:10C6780051D0BFF35B8F54E8003F44E80062002AC2
:10C68800F9D1BFF35B8FD4F88800633046F100011D
:10C6980064220023F4F752FA0022CDE900010023B6
:10C6A80004F1080006F056FA4FF0FF324FF0FF335E
:10C6B80004F1580004F02CF800B12067246F2DE72E
:10C6C800BAF1080F25D80369DB0705D40AF028FE5C
:10C6D800036943F001030361154B53F82A709BF972
:10C6E8003A30012B9ED1134B53F82AA0036903F06B
:10C6F8001C039A4504D1036903F4F0739F4291D057
:10C708000AF00EFE036947EA0A0723F4FE733B4367
:10C7180087E70949FDE620460AF0C3FDC4E700BFE4
:10C728000BCE0108C099010820CE010833CE0108BC
:10C73800E8A20108C4A2010858CE010838B5294B5F
:10C7480018680B88C3F30B030B2B0D46144622D82D
:10C7580013B96FF085002FE0013B0A2BF9D801A22D
:10C7680052F823F0B5C70008D7C7000899C70008D2
:10C77800CFC70008D3C70008B5C70008B5C7000869
:10C78800B5C700085BC70008C3C70008C3C70008CF
:10C798004FF4FA400AE003F6B873C3F30B031C2BFB
:10C7A800D7D8114A22FA03F3DB07D2D520602B68C9
:10C7B800B3F5805F0ED2002038BD00F0E1F8062303
:10C7C80058434008F2E70948F0E70020EEE74FF445
:10C7D8000040EBE7C3F313330133B0FBF3F0206001
:10C7E800E9E700BFD8050020110111110024F40069
:10C7F80070B5604D0AF03CFE28460AF038FE03F09A
:10C80800FBF94FF0B0435C4AD3F8083103F00F034B
:10C8180052F823601368B0FBF6F6B5FBF3F5AE42A9
:10C8280002D2284603F090FA0AF097FD012809D0B1
:10C838004FF0B042136843F4807313600AF08DFD23
:10C848000128FBD14FF0B044D4F8943043F00103F1
:10C85800C4F89430D4F894309B07FBD5F5F7C6FD9F
:10C86800D4F8903043F00103C4F890304FF0B0434F
:10C87800D3F890209407FBD5D3F8902042F080029B
:10C88800C3F890204FF0B044D4F890301805FBD589
:10C89800F5F700FEA36803F00C030C2B1CD10AF07B
:10C8A8005CFD012807D0236843F4807323600AF0F5
:10C8B80054FD0128FBD14FF0B0439A6822F00302DF
:10C8C80042F001029A609A6802F00C02042AFAD136
:10C8D8009A6822F0F0029A604FF0B044236823F07F
:10C8E8008073236023689901FCD4E36823F06063B4
:10C8F80043F00073E360E36843F08073E36000F0A3
:10C9080043F8236843F0807323604FF0B0431A68FC
:10C918009201FCD59A6822F0F0029A609A6842F077
:10C9280003029A604FF0B042936803F00C030C2B9B
:10C93800FAD1AE4202D3284603F006FA0F4B0D4A4D
:10C948001A604FF0B04300209A6822F4E0629A60BF
:10C958009A6822F460529A60D3F8082122F0F00213
:10C96800C3F80821D3F8082122F00F02C3F80821E0
:10C9780070BD00BF006CDC02C8A70108D805002004
:10C98800004870470024F4004FF0B0430549DA68C6
:10C998001140054A0A43DA60DA6842F08052DA60E8
:10C9A800704700BF8C80FF1F0206002008B50748AB
:10C9B8000CF04FF838B10648F8F708F90448F5F7CD
:10C9C80029FA002008BD6FF01200FBE7D89401088F
:10C9D800DDC900080A2838B5074D044604D1AB68FC
:10C9E8000D21DB6928469847AB680348DB69E1B24B
:10C9F8009847204638BD00BFD894010838B5456827
:10CA0800164C20460CF025F838B9154A154801216E
:10CA180008F032FB6FF0120409E0A3681B6843B901
:10CA2800114A1048012108F027FB6FF00404204642
:10CA380038BD20462946984704460028F0D1AA6800
:10CA48000A4B9A42F3D10A480CF003F80028E1D0C7
:10CA580008480BF0FEFF0028E9D1DBE7A4930108A2
:10CA6800CECD0108E099010891CE010800080240E6
:10CA780014940108F893010810B50A4B82689A4289
:10CA880004460DD0084A094909486E2307F005FFF6
:10CA9800A168084807F001FF03486E2107F0F4FE7B
:10CAA800054810BD00080240A2CE0108DCDC0108E0
:10CAB800BDAB0108D0CE010890A30108F8B54568C0
:10CAC800174628460C46FFF7D7FFAB7B6A7B3E78B4
:10CAD8001344B34207DA1449324614480AF0C9FC31
:10CAE8006FF01500F8BD2B7B9C4202D310492246FB
:10CAF800F3E72B69056853F8340003EBC4013A46A1
:10CB08000979A84728B10B4A0848012108F0B4FA66
:10CB1800E6E7A40004F1804404F50234226822F018
:10CB28007F0232432260DDE7EECE0108E09901087A
:10CB38000ACF010824CF010838B5456828460C46B5
:10CB4800FFF79AFF2B7BA34207D80A4922460A48D7
:10CB58000AF08FFC6FF0150038BD2B69426853F856
:10CB6800340003EBC401097990470028F4D0034945
:10CB78002246ECE70ACF0108E099010841CF0108F5
:10CB880038B5456828460C46FFF776FF2B7BA3424D
:10CB980007D80A4922460A480AF06BFC6FF01500CC
:10CBA80038BD2B69826853F8340003EBC401097956
:10CBB80090470028F4D003492246ECE70ACF010841
:10CBC800E099010865CF01082DE9F3414768384627
:10CBD8000C461E461546FFF74FFF3B7BA34209D87C
:10CBE8000D4922460D480AF044FC6FF0150002B0CA
:10CBF800BDE8F0813F6907EBC4032A461979089B11
:10CC08000093D0F80C8057F834003346C04700280A
:10CC1800EDD003492246E5E70ACF0108E09901086B
:10CC280088CF010870B5466830460C461546FFF7B0
:10CC380023FF337BA34207D80A4922460A480AF051
:10CC480018FC6FF0150070BD3369066953F834009D
:10CC580003EBC4012A460979B0470028F3D00349F9
:10CC68002246EBE70ACF0108E0990108ADCF010899
:10CC78002DE9F041436814465A69D3F81080481EDC
:10CC8800824213D9DD69470105EB401600F0C0FA6E
:10CC9800084B1B5C434400205B68C3F311036360CB
:10CCA800EB596370B37A2370BDE8F0816FF015001B
:10CCB800FAE700BF0FD201082DE9F84F99464368FB
:10CCC80092465A691D694C1EA24212D9214628462D
:10CCD800D3F81CB00AF04DFC67010BEB441806466C
:10CCE80000285DD15BF80730012B07D033F0020331
:10CCF80033D06FF015063046BDE8F88F204600F0B7
:10CD080087FADFF8A4B01BF800302B442046C3F89C
:10CD18000CA000F07DFA1BF800302B44C3F80890F3
:10CD280098F80830DFF8809020464BB300F070FA8E
:10CD380019F80010D8F80C300A98B0FBF3F329441E
:10CD48004A68920C920413434B60012388F80A3016
:10CD58002146284600F09CFBCDE7204600F058FA13
:10CD6800DFF844B01BF800302B442046C3F808A075
:10CD780000F04EFA1BF800302B44C3F80C90CFE7B4
:10CD880000F046FA19F80020D8F810100A98B0FBFD
:10CD9800F1F72A4453689B0C9B041F435760D4E760
:10CDA8006FF00F06A7E700BF0FD2010870B5054660
:10CDB80046681D4C20460BF04CFE40B91B4A1C48E7
:10CDC800012108F059F96FF01204204670BDA368DC
:10CDD8001B683BB9174A1648012108F04DF96FF056
:10CDE8000404F2E720463146984704460028F1D16A
:10CDF800B368284698472346224671698B4206D372
:10CE08002B691A602B695A602B699A60DDE7F16912
:10CE180001EB43118A72F169307E01EB431118442A
:10CE280048600133E9E700BFA4930108CECD0108AB
:10CE3800D099010891CE01082DE9F04706464068CF
:10CE4800D0E904738B420D4609D838493848394A25
:10CE58005F2307F022FD37485F2107F015FDC469FD
:10CE680004EB4114637A2BB9A37A1BB9BDE8F047E8
:10CE78000AF093BB29463846D4F8048000F0F2FA49
:10CE880080B1637A1BB92946384600F0DBF9A569F9
:10CE9800002D49D00123616942463046AC46BDE8C1
:10CEA800F04760472946384600F0C6FA60B1237F4C
:10CEB80003B9A372637A1BB92946384600F0DEF934
:10CEC800A5698DB30023E6E7294638460AF09EFC9B
:10CED80094F80990A0B1B9F1000F0CD1164A17487F
:10CEE800012108F0C9F82946384600F077FA2946A2
:10CEF80038460AF089FCA569B5B16FF00403CAE7A2
:10CF0800B9F1000FF7D10E4A0C48012108F0B4F826
:10CF180084F80A9073682946186900F05FFA706807
:10CF280029460AF03AFBE6E7BDE8F08721D0010878
:10CF3800BDAB0108F6CF01083AD00108D099010825
:10CF480053D001082DE9F04F45688DB0834601A8FC
:10CF58000E46D5F8108014460BF060FD6B69013E53
:10CF6800B34207D89949324699480AF0FDFA6FF05A
:10CF780015070EE0D5F81C9009EB46154FEA461A3E
:10CF8800AB7A53B19349324691480AF0EDFA6FF003
:10CF98000F0738460DB0BDE8F08F314640460AF01D
:10CFA800E8FA074610B18C493246EDE7DBF8040091
:10CFB80031460AF0F2FA638803F47E63B3F57E6FB4
:10CFC80008D10123AB726B72A369AB6163696B61B2
:10CFD8002F77DEE723695A69B2F5803F01D37F498D
:10CFE800C2E7A188E2888A4205D07D4A78480121B3
:10CFF80008F042F8BBE7042A04D0511E012901D9E0
:10D008007849B1E71B7FC3F38012B2EBD31F01D07D
:10D01800754AEBE70123AB72A369AB61637803F050
:10D02800070349F80A3063696B61A388EB60E388FA
:10D038002B6123691B7FC3F380132B7723691B683C
:10D0480023B96A4A6248022108F016F823695B6826
:10D0580023B9674A5E48022108F00EF859F80A1009
:10D06800236901291A6807BF02925A6801925A680F
:10D078000CBF019202922268C2F3C332032A13D86A
:10D08800DFE802F01402160F4FF480520B92627818
:10D0980002F00702012A0ED0022A1AD00AB3554913
:10D0A80062E74FF44052F1E753495DE70022EDE7AC
:10D0B8004FF40052EAE71B7F10220392C3F3810268
:10D0C800C3F30113012A0FD0022A13D07AB98022A0
:10D0D80011E000221B7F0392C3F30112C3F3810303
:10D0E800F0E74FF48042F5E76FF0850751E74349D1
:10D0F800032239E70022012B0692F5D0022B04D037
:10D10800002B5DD03E4903222EE7002305932B7F99
:10D118003C485B01049359F80A309A1E5342534124
:10D128002B72A188384A002991FAA1F3B3FA83F344
:10D1380008BF4FF0FF3352F82330E2880793002AE4
:10D1480092FAA2F3B3FA83F308BF4FF0FF3350F813
:10D1580023300893287A23695B69002832D0B3FB0F
:10D16800F1F30993304623780A9300F051F801AAA5
:10D178000146404602F0AEFD2B7F1BB1AB69002B88
:10D188003FF407AF304600F043F8204C225C52F8D9
:10D19800083043F0020342F808302B7F002B3FF49D
:10D1A800F8AEAB69002B3FF4F4AE304600F030F82F
:10D1B800225C52F8083043F0040342F80830E8E6ED
:10D1C8004023A3E7B3FBF2F3CBE700BF63D001082A
:10D1D800D099010887D001089ED00108BFD0010866
:10D1E800D6D00108F8D001081CD1010852D1010895
:10D1F80071D10108A1D101088ED10108B5D101086A
:10D20800D0D10108F0A30108E4A301080FD2010856
:10D21800062808B509D907490748084A272307F007
:10D228003CFB0648272107F02FFB054B53F820004D
:10D2380008BD00BF44D20108BDAB010816D20108E1
:10D24800C0A40108062910B509D908490848094A9F
:10D25800412307F022FB0748412107F015FB064B45
:10D26800BDE8104053F82130184700BFFCD2010830
:10D27800BDAB010816D20108A4A40108062910B5FF
:10D2880009D908490848094A5B2307F006FB0748FB
:10D298005B2107F0F9FA064BBDE8104053F821303E
:10D2A800184700BFFCD20108BDAB010816D201081F
:10D2B80088A40108062908B509D9094909480A4A6C
:10D2C800752307F0EAFA0848752107F0DDFA074BDD
:10D2D80053F821309847003818BF012008BD00BF17
:10D2E800FCD20108BDAB010816D201086CA40108E4
:10D2F800062908B509D9094909480A4A8F2307F0B8
:10D30800CCFA08488F2107F0BFFA074B53F82130B1
:10D318009847003818BF012008BD00BFFCD201089B
:10D32800BDAB010816D2010850A40108062910B5A2
:10D3380009D908490848094AAA2307F0AEFA074854
:10D34800AA2107F0A1FA064BBDE8104053F8213096
:10D35800184700BFFCD20108BDAB010816D201086E
:10D3680034A40108062908B509D9094909480A4A0F
:10D37800DE2307F092FA0848DE2107F085FA074B0A
:10D3880053F821309847003818BF012008BD00BF66
:10D39800FCD20108BDAB010816D2010818A4010887
:10D3A800062908B509D9094909480A4AF82307F09E
:10D3B80074FA0848F82107F067FA074B53F8213048
:10D3C8009847003818BF012008BD00BFFCD20108EB
:10D3D800BDAB010816D20108FCA301082DE9F843EA
:10D3E80000AF04460D46FFF783FF294681462046D5
:10D3F800FFF760FF294680462046FFF7B3FF29461E
:10D4080006462046FFF7CCFF8AB06A4608495062B4
:10D418000623C2E90519C2E9078642F8103F054804
:10D4280000234FF44351F5F7A7FFBD46BDE8F88345
:10D43800A0D30108D899010838B5044608460D4616
:10D44800FFF7E6FE064B1B5CE05810F0020003D025
:10D4580029462046FFF74CFF00F0010038BD00BF09
:10D46800CCD3010838B5044608460D46FFF7D0FE70
:10D47800064B1B5CE05810F0040003D029462046F8
:10D48800FFF718FF00F0010038BD00BFCCD301083A
:10D4980010B504460846FFF7BBFE034B1A5CA358B9
:10D4A80043F00103A35010BDCCD3010810B50446C6
:10D4B8000846FFF7ADFE034B1B5CE05800F0010087
:10D4C80010BD00BFCCD3010870B5044608460D4610
:10D4D800FFF79EFE084E325CA35823F00103A350C9
:10D4E8002846FFF795FE335CE35813F0010F14BF8D
:10D4F8006FF00A00002070BDCCD30108064A1168FD
:10D508000B6823F004030B605068044B19688368A8
:10D518005B6803B118477047C00300202C04002043
:10D5280010B5094BD3E90040084B196883681B689C
:10D5380003B19847236843F004032360236843F04A
:10D548000803236010BD00BFC00300202C04002086
:10D5580008B5EFF31181102383F31288BFF36F8F9F
:10D56800084B012093F8482083F8480081F311887C
:10D57800BFF36F8F22B9FFF7D3FF3420F7F712F804
:10D58800002008BDC003002038B558B94749484AAB
:10D5980048484FF44A7307F080F94FF44A714448F9
:10D5A80007F072F9046945684CB94349404A414853
:10D5B80040F22D3307F071F940F22D31EFE74DB904
:10D5C8003E493B4A3B4840F22E3307F066F940F2A9
:10D5D8002E31E4E73A4860600BF03BFA002861D04E
:10D5E8006068296883681B684BB93649304A3148F6
:10D5F8004FF44E7307F051F94FF44E71CFE7984747
:10D6080005460028F1D10122114604F108000BF06B
:10D6180042FA0122294604F120000BF03CFA2A497B
:10D6280004F1380003F0B4FA072384F861300423C6
:10D6380084F862300F2384F84C300C2384F84D3082
:10D648002A46294684F85E5084F85F5084F8605072
:10D6580084F8495084F84A5084F84B503420F6F73F
:10D66800D1FF1A4B1B681A694AF674218A420DD0F9
:10D678001A6842F080421A60154A1A6119611A68DC
:10D6880022F080421A601A685200FCD41A6842F0EC
:10D6980004021A601A6842F008021A60FFF758FF7D
:10D6A800284638BD6FF01205FAE700BF06D4010816
:10D6B800D3D30108BDAB010819D4010831D401083E
:10D6C800A493010848D4010819780108C003002070
:10D6D800BC0A5917F8B51646837890F803C0EFF3DB
:10D6E8001182102484F31288BFF36F8F077890F8A3
:10D6F80001E0DB1B03EA0C039E4288BF9EB2BD1902
:10D708000CEA05053C46057082F31188BFF36F8F5C
:10D718008A198A421AD177450CD1EFF31182102168
:10D7280081F31288BFF36F8F0178417082F31188FB
:10D73800BFF36F8F02799B1B9A4205D30BF01FFA38
:10D7480060B1084803F0B4FA3046F8BD0519013451
:10D758006D7901F8015B04EA0C04DAE7FFF7F8FEDB
:10D76800F2E700BFF80300202DE9F8431B4B0569D9
:10D778009D420E46144608D105F1080805F15E09D8
:10D78800203574B92046BDE8F88315491548164A6E
:10D798004FF4337307F081F813484FF4337107F0EF
:10D7A80073F84FF0FF324FF0FF33404602F0B0FFFE
:10D7B800224631464846FFF78DFF074630B94FF0FD
:10D7C800FF324FF0FF33284602F0A2FF4046E41B29
:10D7D80002F01AFFA4B23E44D3E700BFC003002002
:10D7E80051D40108BDAB0108D3D3010810B5274BAC
:10D7F80001461B68EFF31184102282F31288BFF3ED
:10D808006F8F234A12788AB15A6892070ED5214938
:10D81800214A224840F2691307F03FF8204807F0F0
:10D828003CF81D4840F2691107F02EF85A68500676
:10D8380005D45A68D2071DD46FF00A0015E01A689B
:10D8480042F080421A601A6822F080421A600A2266
:10D858001868400005D45868400602D45868400744
:10D86800E7D5013AF4D16FF0040084F31188BFF3CF
:10D878006F8F10BD5A689207F5D4586810F04000B1
:10D88800F1D19B680B60002BEFD1D5E7C0030020D6
:10D898003A23002076D40108D3D30108BDAB010890
:10D8A80099D401082DE9F347DFF8F880006940456D
:10D8B8000F4614460BD03C493C4A3D484FF43B7355
:10D8C80006F0EBFF4FF43B71384806F0DDFFDD074B
:10D8D80005D44930FFF7FEFE02B0BDE8F087002A04
:10D8E80043D0EFF31185102383F31288BFF36F8FB2
:10D8F8003420F6F779FE06463420F6F761FE85F304
:10D908001188BFF36F8FFFF70BFE3420F6F76CFE1C
:10D9180048B12849254A26484FF4CA7306F0BDFF86
:10D928004FF4CA71D0E7D8F800305A68510714D4B8
:10D938005B685A0611D4DFF880904FF4801AC9F852
:10D9480084A12546D8F800305B68DB070FD4BFF305
:10D958004F8F20BF40BF20BFF4E701A8FFF746FF65
:10D968000024E6B13420F6F71DFE2046B4E701A8EE
:10D97800FFF73CFF0028C9F884A1E3DB6A1E291FD2
:10D98800019B17FA82F289B2013DADB202F8013962
:10D998001B0A002DE5D08D42F6D10193D2E7FFF79F
:10D9A800ADFDE2E7C003002051D40108D3D301083C
:10D9B800BDAB0108F7D4010800E100E02DE9F74309
:10D9C80001A8FFF713FF002844DB284C019A94F8BC
:10D9D8004B3094F84CC094F84AE00021042788465C
:10D9E8000846A3EB0E053CEA05055FFA82F91ED14D
:10D9F80094F8600094F85F6094F86150861B35EAEB
:10DA080006062AD109B184F84B30B8F1000F00D0CE
:10DA180001923420F6F7D4FDFFF770FD002384F857
:10DA28004830134803B0BDE8F04302F0EDBDE118FB
:10DA3800013381F84E900CEA03030121013F4FEABC
:10DA480012224FF00108CCD109B184F84B30019271
:10DA58000028E6D103B0BDE8F08326180130054060
:10DA680086F8639084F860500120E7E7C00300203F
:10DA7800E003002000487047DCA40108044BB3F819
:10DA8800E0359B020B6000234B601846704700BFCF
:10DA98000070FF1F07B50346054A0091054801219C
:10DAA80007F0FDFA6FF0150003B05DF804FB00BF46
:10DAB8001CD50108009A010873B506464FF4FA729E
:10DAC800002368460BF0CFF833691B681A6944F2E3
:10DAD800FA310A40DDE9004511D01A690A401A6195
:10DAE8006FF0040002B070BD22462B4668460BF06A
:10DAF800DFF8DDE9003213430CBF0122002233694D
:10DB08001B68186910F4A020ECD0002AECD0034A56
:10DB180003483223012107F0B8FAE1E746D50108A6
:10DB2800009A010870B5036906461D6849B1FFF7F8
:10DB3800C3FF044650B13069043002F065FD204649
:10DB480070BD6B69002B06DB0024F8E76B6943F0B6
:10DB580000436B61F8E7034BAB6003F18833AB60BC
:10DB6800F2E700BF2301674573B5012306460D465A
:10DB7800144609F0C0FE50B90A480B4A00942B46D7
:10DB8800012107F08CFA6FF0150002B070BD3CB1AE
:10DB980022462946304602B0BDE8704009F0EDBE85
:10DBA8002046F2E7009A01085AD50108F7B51C4645
:10DBB80017460123224606460D4609F09CFE50B939
:10DBC8000B480C4A00942B46012107F068FA6FF0C5
:10DBD800150003B0F0BD44B123463A462946304605
:10DBE80003B0BDE8F04009F0EDBE2046F1E700BF04
:10DBF800009A010885D501082DE9F84F064600204E
:10DC08000C46174698468146C84525D929F007038A
:10DC18003B444FEAE902D3F804A0336957F832B01D
:10DC28001D686B69002B15DB3046FFF745FF0028A0
:10DC380012DB04F100631A68013202D15A6801321A
:10DC48000CD05BEA0A0209D00F4A1048234601218A
:10DC580007F01BFA6FF00400BDE8F88F6A6942F01C
:10DC680001026A616A69C3F800B03046C3F804A0CB
:10DC7800FFF722FF6B69002823F001036B61EBDBE0
:10DC880009F108090834BFE7D6D50108089A010840
:10DC9800074B186840B90748D0F8E005C0F34E00B4
:10DCA80018604FF4006058600B60012313607047E0
:10DCB800002100200070FF1F10B5036961B92049D9
:10DCC800204A21484F2306F0E8FD204806F0E5FDEC
:10DCD8004F211C4806F0D8FD486850B91C49194A1C
:10DCE8001948502306F0D9FD1A4806F0D6FD5021F0
:10DCF800EFE79868F8B1884219D1DC68086898603D
:10DD0800A14200D1D860002008602AB19A680A6050
:10DD1800DA68996002B9D960002010E0814206D122
:10DD280008682060D8688142EDD1DC60EBE70446E2
:10DD380000680028F2D1002AE8D16FF0150010BD64
:10DD48003CD6010800D60108BDAB010845D601083C
:10DD580054D6010866D601082DE9F843D0F80480A6
:10DD6800D0F81090D8F8080017460D461E4609F05E
:10DD780059FAB7F5001F044616D12846D8F80840C6
:10DD8800FEF7A4F984420CD1294609F04BFA04465F
:10DD9800FEF72AF92046FEF787F900212046FEF70C
:10DDA8002DF90020BDE8F883B7F5800F20D0B6F133
:10DDB800806F19D0B6F1C06F18D0B6F1007F1AD1B4
:10DDC800022610494A462046FEF74EF9B0B9D8F85F
:10DDD8000810284609F02BFA20463146FEF70EF9BE
:10DDE8002046FEF7D7F8DCE70126EAE70326E8E74E
:10DDF8006FF08500D6E76FF01500D3E76FF00F00DE
:10DE0800D0E700BF11DE000870B5D1E90161054611
:10DE180009B10C6801B970BD8A682A4010D04B68F6
:10DE280063B90B490B4A0C48742306F036FD0B48BE
:10DE380006F033FD0748742106F026FD3046984762
:10DE48001CB1236821461C46E4E72346FAE700BFD5
:10DE58007DD6010800D60108BDAB010866D60108C9
:10DE680038B50369044658600A4D28460AF0F1FDA2
:10DE780060B1AB6861681B680C3123B128469847CC
:10DE880000EAE07038BD6FF05700F9E76FF0120054
:10DE9800F8E700BFA493010808B5044A0448012123
:10DEA80007F0EAF86FF0040008BD00BFC5D6010806
:10DEB800309A010898B542680369D26883F86210FD
:10DEC80000AF29B9136823F440131360BD4698BD09
:10DED8006C468AB003686A460848D161C2E90503FE
:10DEE8004FF400731384064B42F8103F0548002393
:10DEF8004FF41151F5F740FAA546E7E7E3D60108D4
:10DF080004000001309A0108F7B504464368066921
:10DF18001C48DD680F4659688368DB680022019257
:10DF28004BB9194A1948012107F0A6F86FF0040403
:10DF3800204603B0F0BD01AA98470028F1DB3763FB
:10DF480006F118074FF0FF324FF0FF33384602F062
:10DF5800DFFB2B6823F001032B60204696F8621044
:10DF6800FFF7A8FF2046019900F02CF996F86130D8
:10DF780004461BB12B6843F001032B60384602F0BE
:10DF880043FBD5E7A4930108F7D60108309A0108A6
:10DF980070B50446466805694FF0FF3200212846EF
:10DFA8000AF079FD336820469847002385F86030E9
:10DFB80085F862300122114605F118000AF06BFD60
:10DFC80020480AF046FD40B91F4A2048012107F0C1
:10DFD80053F86FF01204204670BD204600F042F856
:10DFE80031691B4B994221D014D81A4B99421FD042
:10DFF800194BCB1A594259418900204641F010016A
:10E00800FFF782FF041E17DA144A1048012107F0AF
:10E0180033F8E0E7124B99420CD003F5C31303F52C
:10E02800206399420CBF0A210021E6E70621E4E7B4
:10E038000221E2E70821E0E7012385F860300024A7
:10E04800C9E700BFA4930108CECD0108309A0108A2
:10E0580040420F00A0860100801A060025D701085B
:10E0680040E1330037B5456801AA6869002109F025
:10E07800F8FE041E07DB019B00221979186800F0DE
:10E08800DFF9041E08DA0D4A0D482346012106F07F
:10E09800FCFF204603B030BD0A48696883681B68E6
:10E0A8003BB9094A0648012106F0E6FF6FF004046F
:10E0B800EFE7984704460028EBD0F2E756D7010867
:10E0C800209A0108A493010874D7010810B5436881
:10E0D8000469DB689A69D10607D5DA6942F010024B
:10E0E800DA610122A2649B6910BD91060CD5DA6938
:10E0F80042F02002DA6101229A6109F071FE20469D
:10E10800BDE8104002F080BA510717D5A26D5AB980
:10E118002849294A294840F2FD1306F0BEFB40F27F
:10E12800FD11254806F0B0FBE26D596A1170A26D29
:10E13800013AA265E26D0132E265D4E7110612D513
:10E14800A16D5A680029D8D0FF2901D95A60CAE7B9
:10E1580022F47F0242EA014294F850100029F5D1D6
:10E1680022F08072F2E791070FD5A26D4AB91149E2
:10E17800114A124840F22E2306F08FFB40F22E215E
:10E18800CFE7E26D12789A62D1E7510607D5626D42
:10E19800127A9207B1D55A6842F48042D6E7084904
:10E1A800054A064840F2422306F077FB40F2422136
:10E1B800B7E700BFD2D70108A4D70108BDAB010853
:10E1C800DCDC01082DE9F74F446803690193E56831
:10E1D800E369DFF81881DFF81891DFF818A1DFF894
:10E1E80018B100930020009B8342019B1A6B0DD14C
:10E1F800C2F34202012A3BD0022A68D03F4A404873
:10E20800012106F039FF6FF015001FE00C23D4F848
:10E2180018C0DFF8F0E003FB00F70CEB07067368A3
:10E2280073451DD015D853451CD05B4514BF00233A
:10E2380001239B00C2F34202B2EB530F16D15CF8E4
:10E2480007308B4212D1B3682B61002003B0BDE8C0
:10E25800F08F434508D04B450CBF0A230023E9E75C
:10E268000623E7E70223E5E70823E3E70130BAE7F7
:10E2780041F25C2E4FF47A6C40F2E2474FF4FA76A2
:10E28800214B0220421EB1FBF2F2B3FBF2F2BCFBBF
:10E29800F2F4013CFF2C23D8BEFBF2F808F1FF385A
:10E2A800B8F1FF0F1CD8B6FBF2F9B9F10F0F17D868
:10E2B800B7FBF2F2013A0F2A12D8023848EA0943AA
:10E2C80043EA007343EA025343EA0423BCE740F2FB
:10E2D800145E4FF4167C4FF4FA7740F27716CFE7C6
:10E2E80001301128CED1094A89E700BF40E1330047
:10E2F800404B4C00A0860100801A0600EAD70108AE
:10E30800289A010840420F0000CA9A3B65D80108C4
:10E31800F0B585B001AD85E80E0043680269D9689B
:10E32800029B9365019BD3650023C2E91133D36433
:10E33800012355658B610B68BDF82C400A9E43F09C
:10E3480001030B604B68156B8F6923F07F7323F40F
:10E358004233ED0723F47F739DF80C5023F0030339
:10E3680046BF44F40064234343EA440315F002041F
:10E3780023D126B33678760702D443F0807301247C
:10E3880082F85040029CFF2C86BF43F0FF7343F491
:10E39800803343EA04433C0624D47F0611D46E0735
:10E3A8000FD424492448254A40F21F3306F075FA51
:10E3B800224840F21F3106F067FA0024E0E73446AD
:10E3C800DEE7EC0730D4946D44B1D46D24788C62C8
:10E3D800946D013C9465D46D0134D46523F4806355
:10E3E80043F400534B600B6843F0F6030B609DF851
:10E3F8000C5004694668002341F28832204602F036
:10E4080087F9A36C9BB9636C184310D194F86130F9
:10E4180043B915F0020005D01846F268136823F0D6
:10E428000103136005B0F0BD43F48063D8E76FF0D3
:10E438000400F2E788D80108BDAB0108A4D7010899
:10E448002DE9F047264F044600EBC1060025B442EB
:10E4580001D1002014E02068C30600F01F0811D481
:10E46800656845F02005C0F3481AC0F34420192810
:10E4780032D857F82090B9F1000F1CD16FF0120074
:10E48800BDE8F087B8F1100F13D0B8F1110F01D122
:10E498006568E8E7B8F1000FE5D112491248134A58
:10E4A80040F2571306F0F9F9104840F2571106F0F8
:10E4B800EBF93025D7E748460AF0CBFA0028DDD03B
:10E4C80043462A460AF00F01484609F00CFC00288A
:10E4D80004F10804BBDAD3E76FF01500D0E700BFFA
:10E4E8007CA5010812D90108BDAB0108DFD80108D5
:10E4F8000C292DE9F84F164669D14468D0F810B0B8
:10E50800A368D4F80490B3F800A02369E7681D88CD
:10E51800DBF800309B681889F2F77CF880462068A1
:10E52800F2F778F801464046F2F780F98046BBF9E1
:10E538003A00F2F773F801464046F2F7C3F81FFABB
:10E548008AFA80462AFA09F0F2F764F8014640464A
:10E55800F1F7AEFF80466069C01BF2F75FF8ADB215
:10E56800A5EB0A05044625FA09F0F2F753F8014627
:10E578002046F2F75BF901464046F2F7A3F8044655
:10E588003846F2F74BF801462046F1F793FF4FF073
:10E598004F410546F2F734FAE0B94FF09E4128465C
:10E5A800F2F742FA0446A8B92846F2F751FA306061
:10E5B800F2F734F801462846F1F77AFF0749F2F7EF
:10E5C80081F8F2F745FA70602046BDE8F88F6FF0E1
:10E5D8008500FAE76FF02100F7E700BF00247449CF
:10E5E800F8B54329056901D00C293BD105F124066A
:10E5F8004FF0FF324FF0FF33304601F045FE294619
:10E6080051F8040B83681B689847044628BB174FCA
:10E61800D7F80837D7F8082703F0E07322F0E0723C
:10E62800134343F40003C7F8083778200AF0EDFADB
:10E63800294651F8100B83685B689847044608B967
:10E648002B8F6B87D7F80837D7F8082703F0A07304
:10E6580022F0E0721343C7F80837304601F0E4FEB1
:10E668002046F8BD6FF08504FAE700BF002001409E
:10E67800B0B5046900AF04F124000AF005FA206877
:10E688000AF0E7F90346B8B922686C4688B0116801
:10E698006A461448C2E905014FF400719183124992
:10E6A80042F8101F11484FF4E251F4F765FE6FF07D
:10E6B8001200A546BD46B0BD237A012503F01F030D
:10E6C8001422002104F110009D400AF0BFFB04F160
:10E6D8003803A3610223E3610C23656184F82030C9
:10E6E8000020E7E73BD9010803000001B09A0108C0
:10E6F800F8B54329056901D0212938D105F1240647
:10E708004FF0FF324FF0FF33304601F0BDFD294690
:10E7180051F8040B83681B689847044610BB154FD3
:10E72800D7F80837D7F8082703F0E07322F0E0722B
:10E73800134343F080732946C7F8083751F8100B84
:10E7480083685B689847044608B92B8F6B87D7F8AE
:10E758000827D7F8083702F4400223F0E073134380
:10E76800C7F80837304601F05FFE2046F8BD6FF065
:10E778008504FAE700200140B0B5046900AF04F150
:10E7880024000AF081F9206840B91C4A1C4801217C
:10E7980006F072FC6FF01200BD46B0BD0AF059F9E0
:10E7A8000346A0B922686C4688B011686A461548C5
:10E7B800C2E905014FF400719183134942F8101F13
:10E7C8000F484FF4E251F4F7D7FDA546E2E7237A64
:10E7D800012503F01F031422002104F110009D40BD
:10E7E8000AF034FB04F13803A3610223E3610C232C
:10E7F800656184F820300020CEE700BF65D90108A4
:10E80800B89A01083BD901080300000108B5044A79
:10E818000448012106F030FC6FF03C0008BD00BF41
:10E8280083D90108C09A0108F8B54329056901D0C0
:10E8380021293BD105F124064FF0FF324FF0FF3379
:10E84800304601F021FD294651F8040B83681B6806
:10E858009847044628BB174FD7F80837D7F8082732
:10E8680003F0E07322F0E072134343F48003C7F827
:10E8780008370C200AF0C9F9294651F8100B8368AB
:10E888005B689847044608B92B8F6B87D7F8082729
:10E89800D7F8083702F0C07223F0E0731343C7F8C3
:10E8A8000837304601F0C0FD2046F8BD6FF08504FA
:10E8B800FAE700BF00200140B0B5046900AF04F1D9
:10E8C80024000AF0E1F820680AF0C3F80346B8B952
:10E8D80022686C4688B011686A461448C2E9050186
:10E8E8004FF400719183124942F8101F11484FF4F8
:10E8F800E251F4F741FD6FF01200A546BD46B0BDE8
:10E90800237A012503F01F031422002104F11000CB
:10E918009D400AF09BFA04F13803A3610223E361E6
:10E928000C23656184F820300020E7E73BD9010813
:10E9380003000001C09A0108012912D0022907D05A
:10E9480089B90068094BC01A18BF01200003704735
:10E958000068064B984214BF4FF440504FF40050E3
:10E968007047002070474FF4005070470080004007
:10E9780043681B6803F1080252E8002F22F00102E5
:10E9880003F1080040E800210029F3D1094A934225
:10E9980003D0A2F57442934203D15A6822F0400290
:10E9A8005A6053E8002F22F4807243E800210029BE
:10E9B800F7D17047003801402DE9F0411E4605693E
:10E9C80043681C682B6A8046002B00F0B88095F8D5
:10E9D800B0304BB15B4A5C48022109F0ABFB6FF0E9
:10E9E8000F073846BDE8F081C5E91B126B67AB67B6
:10E9F800EE6754E8003F23F0200344E80031002983
:10EA0800F7D1EB6E286A2A662B658368696A1B68EA
:10EA180005F12802984738B14C4A4B48012109F0C2
:10EA280089FB6FF01507DCE7D5E9080109F0ABFAB7
:10EA3800074638B1464A4448012109F07BFB6FF08C
:10EA48000D07CEE7A36943F00803A361D8F80430A3
:10EA5800D8F810101A6802F1080353E8003F43F091
:10EA6800400302F1080C4CE800300028F3D10123E0
:10EA780081F8B0306B681A68364B9C4254D02368D2
:10EA8800590147D5636823F40003636054E8003FE5
:10EA980023F0806344E800310029F7D14FF4006384
:10EAA8002362731C40D0F317A6FB020102FB03117B
:10EAB8004FF0FF338342284B8B4135D30023274A3D
:10EAC8006669F2F73BF806F07F46064366616369BC
:10EAD80033F07F4328D04FF40063236254E8003FAB
:10EAE80043F0806344E80032002AF7D1636843F4B6
:10EAF8000003636004F1080353E8003F43F0010397
:10EB080004F1080141E80032002AF3D1284609F04F
:10EB1800CAFA66E754E8003F23F0100344E80031DE
:10EB28000029F7D11023BBE71023236254E8003FE4
:10EB380043F0100344E80032002AF7D1DAE76FF017
:10EB480012074EE7A4D90108E09A0108BBD90108C9
:10EB5800DBD90108008000403F420F0040420F000F
:10EB680043681B6803F1080252E8002F42F00102D3
:10EB780003F1080040E800210029F3D1094A934233
:10EB880003D0A2F57442934203D15A6842F040027E
:10EB98005A6053E8002F42F4807243E800210029AC
:10EBA800F7D170470038014070B5064640683469AF
:10EBB8000068D4F8B850002D62D0D4F80851002D60
:10EBC80061D1C4F814314023C4E94112036250E80A
:10EBD800003F43F0400340E80032002AF7D1D4F860
:10EBE8000431C4F8E430D4F8B800D4F80831C4F8D3
:10EBF800F8308368D4F8BC101B6804F1C002984749
:10EC080040B1224A2248012109F094FA6FF0150513
:10EC1800284670BDD4E92E0109F0B5F9054638B18A
:10EC28001C4A1B48012109F085FA6FF00D05EFE732
:10EC3800D4F814315A1C012A13D923EAE37313F1C7
:10EC480063004FEAE3714FF064024FF0000341F1B3
:10EC58000001F1F773FF02460B4604F58C7002F0D1
:10EC68004BF973681A6802F1080353E8003F43F050
:10EC7800800302F1080040E800310029F3D1C7E71A
:10EC88006FF01205C4E76FF00F05C1E7FAD9010864
:10EC9800E09A01080FDA010870B51D46094B0026F5
:10ECA80033F812203346F1F749FF090241EA1061AF
:10ECB8006C08000220182A46334641F10001F1F79A
:10ECC8003DFF70BDECA801082DE9F04383B043680F
:10ECD8000269D3F8008000AF06460C4600293FD0F1
:10ECE8001068D9688368DB686BB13A1D9847051EC0
:10ECF8000CDA4D4A4D48012109F01CFA28460C3718
:10ED0800BD46BDE8F0836FF05705F2E7484B9845DC
:10ED180068D1D7F80480DFF81C9100252346AAB2F1
:10ED280040460021FFF7B8FFA0F5407048451AD9C2
:10ED380001350C2DF2D16D468AB033686A463E49DA
:10ED4800D461C2E905134FF4007313843B4B42F8B6
:10ED5800103F364800234FF41151F4F70DFBAD4630
:10ED68006FF01505CAE7324EF36A23F00F032B4301
:10ED7800F362334B33F81520002319464046F1F768
:10ED8800DDFE090241EA106163080002C01841F182
:10ED9800000100232246F1F7D1FEC0F31300F06012
:10EDA800F368B3F5407F0CD22649274A2748F32356
:10EDB80005F073FD264805F070FDF321224805F0A3
:10EDC80063FDF268234B9A4201D8002596E7224951
:10EDD8001D4A1E48F62305F060FD204805F05DFD3C
:10EDE800F621EBE7D8F8003023F40043C8F80030E8
:10EDF8007B6803EB5403B3FBF4F30F2B9BD99BB253
:10EE0800C8F80C30D8F80C300F2BDED814490E4A4D
:10EE18000E484FF4897305F040FD124805F03DFD9A
:10EE28004FF48971CAE700BFF7D60108E09A0108D4
:10EE380000800040FFFC0F002EDA010804000001EA
:10EE4800ECA8010874DA010845DA0108BDAB01082D
:10EE58009ADA0108FEFF0F00B1DA0108DBDA0108CF
:10EE6800F2DA010814DB01082DE9F84306460A79AD
:10EE78004068336904685F68012A0D461AD0931EFA
:10EE8800D3F1000848EB03084FEA88286979FFF7AF
:10EE980053FD95F80690B9F1020F03460DD0B9F16C
:10EEA800040F0ED0AAB1033A012A0CD86FF08500DE
:10EEB800BDE8F8834FF4C068E8E73AB94FF08050EE
:10EEC80008E0002AF2D14FF4805003E0033A012A07
:10EED800ECD90020B3F5805F30D0B3F5405F2FD078
:10EEE800002B0CBF012303239942DFD1414609F0CF
:10EEF80054F88145DAD1EB7963B1012B22D1134B58
:10EF08009C4207D0A3F574439C4203D003F5705389
:10EF18009C42CBD1236823F0010323602946304665
:10EF280009F018FC0028C1DB236843F001032360C3
:10EF380095E8030087E803000020B9E70023D3E73A
:10EF48000223D1E7032BDAD0B0E700BF0038014035
:10EF58002DE9F04383B004694668054650482060AF
:10EF680000AF09F076FD58B94E4A4F48012109F023
:10EF7800E1F86FF0120420460C37BD46BDE8F08377
:10EF88002068F16883681B683BB9484A46480121F4
:10EF980009F0D0F86FF05704EDE79847044600BB36
:10EFA800306A3A1D002108F05CFF041EE3DB7B6831
:10EFB800002219791868FFF743FA041EDBDBD5F83D
:10EFC80004802B69D8F80040D3F80490236823F014
:10EFD80001032360D8F8040009F03BFD48B9344A1E
:10EFE800C3E7324A3048012109F0A4F8002CC2DBFB
:10EFF800D6E7D8E901018368DB6803B1984754E88C
:10F00800003F43F00C0344E80032002AF7D1494698
:10F01800284609F09FFB00283EDB98F814301BB106
:10F02800A36843F00803A36098F815301BB1636820
:10F0380043F40043636098F816301BB1636843F4E7
:10F048008033636098F817301BB1636843F400336A
:10F05800636098F81830002B4FD0164B9C422FD085
:10F06800A3F574439C422BD003F570539C4227D0E0
:10F078006C4688B02B686A460F49C2E905134FF4FD
:10F08800007393830D4B42F8103F074800234FF459
:10F09800E251F4F771F9A5466FF015046BE700BF6C
:10F0A800A4930108CECD0108E09A010828DB0108E5
:10F0B80048DB01080038014063DB01080300000158
:10F0C8006B681A68936843F480439360236898F8E0
:10F0D800192023F0787343EA42532360236898F891
:10F0E8001A2023F4F81343EA0243236098F81B30EC
:10F0F8001BB1A36843F40043A36098F81C301BB10C
:10F10800236843F000532360236843F0010323601E
:10F11800E3699A02FCD5E3695B02FCD5736A284669
:10F1280098472C696B68206A1E682561002840F0A2
:10F138009B80D4F8B800002840F09C806B68286950
:10F14800196801F1080353E8003F23F0400301F177
:10F15800080C4CE80032002AF3D180F8B0206B6824
:10F168001A6802F1080353E8003F23F0800302F114
:10F17800080141E80039B9F1000FF2D1404904F122
:10F18800800001F00BFE3F4904F58C7001F006FE8B
:10F198001C22494604F1500009F058FE06F12403E8
:10F1A800E36494F8453004F14C0833B994F86830B6
:10F1B800022262F3830384F8683094F8463033B946
:10F1C80094F86830022262F3051384F8683094F8E2
:10F1D8002B2094F86830C2F3001262F3861362F3AE
:10F1E800C71384F86830A26C94F86930C4E90E85B6
:10F1F80062F30303002104F1E40884F86930C4E9E8
:10F2080054112022404609F021FE94F8DD302836BA
:10F21800C4F8E86033B994F80031022262F383033A
:10F2280084F8003194F8DE3033B994F800310222C2
:10F2380062F3051384F8003194F8C32094F8003180
:10F24800C2F3001262F3861362F3C71384F8003125
:10F25800D4F8E02094F8013162F30303C4E934855B
:10F2680084F80131002486E609F0F3FB00287FF4D6
:10F2780060AF7EE609F0EDFB00287FF45FAF78E62B
:10F28800218501082B82010808B5044A0448012198
:10F2980005F0F2FE6FF0120008BD00BFCECD0108E8
:10F2A800989A010870B504461A4809F0D2FB18B9B3
:10F2B800BDE87040FFF7E8BF6068012109F07AFBFC
:10F2C800002802DA10F1860F16D166682569002138
:10F2D800304609F06FFB041E0CDB0E483169836869
:10F2E8001B6853B19847044650B10B4A0B4801219B
:10F2F80005F0C2FE04EAE47070BD6FF05704F4E74D
:10F308002B69002BF6D1686005F1080001F07CF943
:10F31800F0E700BFA4930108B0DB0108989A010840
:10F328002DE9F04F89B0046900AF81460E46984632
:10F33800924612B9002B00F00E81B3889D042BD49D
:10F348004FF0FF324FF0FF3304F1080001F0E0F90D
:10F358006660D9F810307B611B68D9F804B0B288B0
:10F36800DBF800509E4240F0D980100540F1A5819D
:10F378002B6823F44443BAF1000F14D043F44043FC
:10F388002B60B08809F09BFA0646DAF80030E36390
:10F3980093B1DAF804300FE02369002BD0D1636809
:10F3A8009E42CDD1D5E743F400432B60B08809F0E5
:10F3B80086FA06460023E363236404F13C037B6179
:10F3C80004F140033B6104F15003FB6004F1500277
:10F3D800334604F1400104F13C0009F05AFAE064B4
:10F3E800B8F1000F40F09981C4F844800023A36469
:10F3F80004F14403BB6004F1480804F158037B603E
:10F4080004F158023346414604F1440009F041FA38
:10F4180000236065A3632B6803F4444AD9F80430D9
:10F428001A68136843F040031360D9F804301B7A54
:10F4380033B1A64AD2F8903023F40043C2F8903092
:10F448002368DBF800609888C30700F19C819BF86B
:10F45800183013F0010F336803F4444300F0798146
:10F46800B3F5404F40F06281B368980700F16C81B2
:10F47800DBF80060B36813F4B87300F0E7816D46F9
:10F488008AB06A46924951619249C2E906134FF41B
:10F4980000731384904B42F8103F00238F484FF4B9
:10F4A8001151F3F769FFB3685A06AD4605D5F368FD
:10F4B800BB61BB69B368BB61BB696FF00408D9F86D
:10F4C8000420D9F8101010688368DD0700F1E38183
:10F4D800036803F48273B3F5827F0ED183681B0639
:10F4E80002D503685E06F9D4137A33B1774AD2F8A5
:10F4F800903043F40043C2F8903083689D0606D5E7
:10F508008368FB61FB69036823F0400303600B68B1
:10F518009B88DA0414D409F065FA11E0DBF81410BA
:10F528000229C2F345131BD003291CD001294DD150
:10F53800043B1C2B8CBF00230123C3B96FF0850843
:10F54800236813B19B889B0405D40023636004F1EE
:10F55800080001F059F840462437BD46BDE8F08F51
:10F56800043B0C2BE6E7082B01D0102BE6D16B6887
:10F578005B4811044CBF43F0100323F010036B6089
:10F588008368DBF81010DB6833B307F11C02984777
:10F59800002821DBFB69002230681146013223FA7A
:10F5A80002FC844520D82B684E4A23F040032B6088
:10F5B8002B6852F8212023F0380313432B60B388BB
:10F5C8009A072AD42B6823F0020329E0464A4348C5
:10F5D800012105F051FDB1E7444A4048012105F0F9
:10F5E8004BFD6FF00408ABE7082AD5D16D468AB009
:10F5F8006A463F49C2E9051059081B0A13620523E8
:10F60800D16142F8103F354800234FF42151F3F7F8
:10F61800B3FE6FF01508AD4692E72B6843F002037E
:10F628002B60B38813F0040F2B6814BF43F0010359
:10F6380023F001032B60B38813F4006F2B6823F4C5
:10F64800444304D0BAF1000F56D043F440432B6032
:10F65800B38813F0100F2B6814BF43F0800323F016
:10F6680080032B602B6823F400532B60337D002B21
:10F6780045D02B6843F400732B606B6823F00403B8
:10F688006B60B3881B4913F0010F2B6814BF23F478
:10F69800827343F482732B60B2886B68C2F345129D
:10F6A800043A23F4706351F8222013436B606B68AB
:10F6B80043F480536B607B691E60B08809F0FFF8E3
:10F6C8000646BAF1000F7FF460AE73E600040058F6
:10F6D8001FDC010859DC010804000001989A0108A0
:10F6E800A4930108B4A60108CBDB0108F3DB0108E9
:10F6F8002ADC010854A7010843F40043A7E7B388AC
:10F7080013F0010F2B6823F40073B5D143F4802361
:10F718002B606B6843F00403B2E7D8F800306364E9
:10F72800002B3FF463AED8F8043060E6B268D10726
:10F7380005D5214630463B6009F006F93B68B3F52C
:10F74800004F7FF491AE93E62146304609F0C2F8A7
:10F758008EE6B3F5004F08D1DBF800008368DE07BA
:10F76800FCD5214609F0F0F882E6B2689207FCD58C
:10F77800214630463B6009F0ADF83B68B3F5404F91
:10F788003FF476AEE8E709F09AF8B26803469007C6
:10F798004BD5226D002A48D0012B3AD1E26C127861
:10F7A8003273226D8AB1013A2265002A37D1E26BA1
:10F7B80078693B600832E263226C013A2264D7E937
:10F7C800032109F066F83B68E064B268D1077FF569
:10F7D8004FAE626D002A3FF44BAEA16D00293FF495
:10F7E80047AE012B26D1317B1170A26D002A3FF460
:10F7F8003FAE013AA26512BB626CB8680832626417
:10F80800A26C013AA26441467A6809F042F8606540
:10F818002EE6022B02BFE26C1288B281C1E7E26CCD
:10F82800002AD2D01A44E264CFE7726822F080023C
:10F838007260CAE7022BD8D1F1681180D5E7626DF2
:10F84800002A3FF415AE1A44626511E6BAF5404F36
:10F8580017D1236D93B9A36D83B1B3681B06FCD48C
:10F86800336823F040033360336823F4444343F49C
:10F8780000433360336843F0400333602B6803F47C
:10F88800444A236D002B7FF4DBADA36D002B7FF47E
:10F89800D7AD984613E6037B16E600BF10B54FF0C8
:10F8A800E0230F499C691A6908689B690D4902F4AD
:10F8B800803234B993B903464AB90A681044C01A69
:10F8C80010BD002B08BF03460AB9A342F5D90A6840
:10F8D80002440A604FF0E0221269EEE70446F3E7BB
:10F8E800C8210020BC2100200A4B102283F82320C5
:10F8F800094B4FF496521A60084B002018604FF0DD
:10F90800E02341F2BF225A6198611A6942F0070266
:10F918001A61704700ED00E0C8210020BC210020DA
:10F92800684620F007018D4601B5FFF7B7FF0D4B7C
:10F938000D4A186811680844106000221A600B4AC2
:10F9480013684FF49651C01AB0FBF1F001FB003375
:10F95800136002F03FFFF4F733FBBDE80140854632
:10F96800704700BFBC210020C4210020C021002016
:10F978002DE9F041464F89B1421C0AD14FF0E022EF
:10F98800136923F0010313614FF07F433B60BDE827
:10F99800F0813D68012806DC00240AE0431C3D682C
:10F9A800F8D140F6A65040F6A7539842A8BF18468B
:10F9B800441EEFF31186102383F31288BFF36F8F71
:10F9C800344802F073FD68B9334A3449344888230F
:10F9D80004F063FF2F49334804F05FFF88212E4865
:10F9E80004F052FF2B4802F085FDFFF757FF4FF058
:10F9F800E023DFF8B4E0D3F818C0DEF8003018448C
:10FA08002A4B00221A602A4B1A68831A37D44FF4FB
:10FA1800965808FB043303F595531F33B3FBF8F1ED
:10FA2800131A08FB0133B3F5806F224A38BF4FF42D
:10FA38008063934228BF13464FF0E0223B609169F0
:10FA48008C45ACEB010C03F1FF3338BFAC44536178
:10FA5800604400239361CEF800000E4802F034FDA4
:10FA680080B90D4A14490E484FF49A7304F015FFF3
:10FA78000849124804F011FF4FF49A71AFE74FF4A8
:10FA88008063D9E786F31188BFF36F8F7FE700BFE4
:10FA9800C8210020CC210020A7AF0108D4AF01085D
:10FAA800BDAB0108E9AF0108C4210020BC2100203A
:10FAB800C021002080E8FF00FFAF010816B0010850
:10FAC80038B5EFF31185102383F31288BFF36F8FD6
:10FAD8001B4802F0EBFC68B91A4A1B491B488823EB
:10FAE80004F0DBFE16491A4804F0D7FE88211548B1
:10FAF80004F0CAFE124802F0FDFC164B1C68164BB7
:10FB08001B68E41AFFF7CAFE04440D4802F0DCFC47
:10FB180068B90C4A11490D484FF49A7304F0BDFEB8
:10FB280007490F4804F0B9FE4FF49A71DFE785F3EF
:10FB38001188BFF36F8F4FF49650B4FBF0F038BDC7
:10FB4800CC210020A7AF0108D4AF0108BDAB010844
:10FB5800E9AF0108C4210020C0210020FFAF01083F
:10FB680016B0010838B5EFF31185102383F3128816
:10FB7800BFF36F8F184802F099FC68B9174A184903
:10FB88001848882304F089FE1349174804F085FEB5
:10FB98008821124804F078FE0F4802F0ABFC134BA2
:10FBA8001C68FFF77BFE04440B4802F08DFC68B923
:10FBB8000A4A0F490B484FF49A7304F06EFE06493F
:10FBC8000C4804F06AFE4FF49A71E2E785F3118855
:10FBD800BFF36F8F204638BDCC210020A7AF0108A6
:10FBE800D4AF0108BDAB0108E9AF0108C42100206A
:10FBF800FFAF010816B0010810B54FF0B0439A687E
:10FC0800D96812F00C0205D00C2A4AD101F003037E
:10FC1800012B51D14FF0B0412B480B6813F008036A
:10FC280006D00B6813F0080337D1D1F8941007E019
:10FC38000C68240756BFD1F894300968C3F303232E
:10FC480050F82330002A0CBF184600204FF0B0416E
:10FC58008A6802F00C020C2A1ED1CA6802F003025C
:10FC6800022A2ED0032A06D10B68184A13F4801FE3
:10FC7800174B18BF13464FF0B042D068D168D2680E
:10FC8800C0F306205843C1F302130133B0FBF3F06D
:10FC9800530F0133B0FBF3F010BD0B68C3F303132C
:10FCA800CEE7042A05D0082A06D11B6813F480136E
:10FCB80005D006480023C9E700231846C6E70448CC
:10FCC800C4E7024BD7E700BF88A701080024F40067
:10FCD8000048E801F0B51A4B5E5CD2E902373B43B5
:10FCE800176985593B4357693B4397693B43D76934
:10FCF8003B43976A25F4FF453B4325F070052B43AA
:10FD0800835134185368E3601368A3606368156A05
:10FD18009B0C9B042B4363600A4B526A83EA902036
:10FD2800C0EBC0000144890001F1804101F50231B6
:10FD380001200B6823F07F0313430B60F0BD00BF65
:10FD48008FDC0108800010001F4A034607CA84B0F0
:10FD58000DF1100C0CE9070018463BB31B4B1B6850
:10FD680003F4C063B3F5007F22D1194B984229D818
:10FD7800184B984224D9184B98428CBF0220012076
:10FD8800164904AB03EB80000B6850F80C2C23F0E9
:10FD9800070313430B60086800F0070082421CBF8A
:10FDA800086800F00700831A5842584104B07047A9
:10FDB8000B4B984206D80B4B984201D90A4BDBE70C
:10FDC8000020DDE70020F1E72C9B01080004005823
:10FDD800006CDC0280A81201005125020040005886
:10FDE8000024F400808D5B00001BB70038B5436920
:10FDF80005463BB90024EA68537843F00103537081
:10FE0800604238BD984704460028F3D000F1FF034C
:10FE1800FE2B0ED9094A0A490A48212304F03DFD60
:10FE280029680948224604F038FD0448212104F0D5
:10FE38002BFDEB6844421C70DDE700BFA3DC010822
:10FE4800C6DC0108BDAB0108DEDC010810B50446BC
:10FE5800F3F734F90348044A012105F00DF9204667
:10FE680008F002FE809A010803DD01082DE9F84335
:10FE7800044600AF0D46EFF31188102383F3128870
:10FE8800BFF36F8F0428304A98BF304B9668117CB7
:10FE980094BF53F820302E4BE9468AB06A462D4865
:10FEA800C2E9073140F2013393842B4BC2E90504C0
:10FEB80042F8103F294800234FF43151F3F75CFA18
:10FEC800CD4645B1EB69C3F3080323B1244A23485F
:10FED800012105F0D1F82EB1304608F056FE08B1E0
:10FEE800037803B91F48E9468AB06A461E4BD061B9
:10FEF800C2E9053640F2013313841C4B42F8103F27
:10FF0800164800234FF41151F3F736FA2946CD4627
:10FF18002046FFF79BFF042C0CD11549154A1648BB
:10FF2800872304F0BAFC154804F0B7FC1148872170
:10FF380004F0AAFC88F31188BFF36F8F3046F4F7FA
:10FF4800D7FABD46BDE8F883D021002008A80108EB
:10FF5800DCC0010812DD010805000001809A0108D3
:10FF68003ADD010847BF01085BDD01080400000114
:10FF780095DD010873DD0108BDAB0108B2DD01089C
:10FF880038B50A4B53F82040013053F82050A542A9
:10FF980000D838BD606830B1037EDB0701D4FFF7B5
:10FFA80025FF0834F3E723689847FAE71CA80108F7
:10FFB80070B5384B384C394D012286B003201A7081
:10FFC800FFF7DEFF03F0DCF90420FFF7D9FFAC42AE
:10FFD800264628D93249334A3348442304F05DFC85
:10FFE800324804F05AFC44212E4804F04DFC54F8E1
:08FFF8000C3C059354F8103C89
:020000040801F1
:10000000049354F8143C039354F8183C029354F8A6
:100010001C3C019354F8203C009354E90A2354E912
:100020000C0100F0DFFF54F8303C5E65D3E7AE42D0
:1000300004F13004DFD301F005FD194C1E4EAC4233
:100040001FD91949194A1A48682304F02AFC19488B
:1000500004F027FC6821CBE7D4E90A23B3F1FF3F82
:1000600008BFB2F1FF3F05D052EA0301206803D177
:1000700001F046FF3034E2E73146183002F074FAFE
:10008000F8E7E9D301F050FDF0F7A6FF0B4A137B28
:1000900023F00103137306B070BD00BF3A230020A4
:1000A000FC970108FC97010852DE010831DE0108C7
:1000B000BDAB010845B20108F78B0108D00C002048
:1000C00070B5174E174D184986B0A02303FB006684
:1000D000164B059301220F23CDE903320023CDE90E
:1000E0000133142303FB005504464FF4A07000FBBA
:1000F00004110F4B00954FF48072304600F072FFF0
:10010000737B0C4AEE6023F0040373734FF40463B3
:1001100004FB033313442C746B6006B070BD00BF46
:10012000300C0020D0210020C03300207FDE0108E9
:1001300049020108802B00207FB50020FFF724FF33
:10014000334B83F30888334C636943F40073636172
:10015000F02384F822300023E37723766376A376B6
:1001600084F82030636A43F4E0236362F4F794F97F
:10017000F4F7E2FA4FF0FF33A362E362F4F7EEFB29
:10018000F4F7FEFAF2F7D0FE234800F0F3FF234B1A
:10019000234A93420ED92349234A2448CC2304F00E
:1001A00080FB234804F07DFB1F48CC2104F070FB4A
:1001B0001C33EEE7FCD3F2F7DFF90120FFF7E4FE92
:1001C0000220FFF7E1FE01F03FFD1A4B1A4C5C6183
:1001D0001A4B059300250123194900954FF400623D
:1001E000CDE90353CDE90155164B204600F0FAFE48
:1001F000637B064623F004032046637301F026F96F
:100200002846FFF75DFF0F4A31462046F4F774FA9F
:10021000C033002000ED00E0700D0020A493010821
:100220000C96010884DE010831DE0108BDAB01082F
:1002300045B20108D0210020D00C00206EB001088A
:1002400000350020B9FF000808B50D4B9B6893F9F5
:100250000E30002B09DB1024EFF3118384F3128896
:10026000BFF36F8F05F017F9F6E706490648074A0E
:100270001C2304F016FB05481C2104F009FB00BFF9
:10028000D0210020C0DE0108BDAB01089FDE0108BF
:100290002DE9F341044617461E46EFF3058565B187
:1002A0005849594A59486F2304F0FBFA584804F05A
:1002B000F8FA55486F2104F0EBFAEFF31188102398
:1002C00083F31288BFF36F8F524802F0F3F860B9DE
:1002D000514A52494D48882304F0E3FA4D495048A9
:1002E00004F0DFFA88214C48E5E74A4802F006F9B5
:1002F000E3684C4A9BB1A0689168884229D057EACC
:1003000006032ED1434802F0E3F8A0B188F3118828
:10031000BFF36F8F6FF00F0002B0BDE8F0819168FE
:1003200091F90E103B4821610133E3609368A360AB
:1003300002F0CEF878B9384A3B4934484FF49A7302
:1003400004F0AFFA3349394804F0ABFA4FF49A712C
:10035000C9E72169E6E788F31188BFF36F8F0020B2
:10036000DAE791F90E1090F90E309942A8BF1946BC
:100370006FF07E029142B8BF11468B4202DD08F059
:100380007FFB0546CDE9007622482246414601F032
:100390003FF90028E3D0EFF31186102383F312888E
:1003A000BFF36F8F1B4802F085F8002890D01948E2
:1003B00002F0A4F8A068C0B1236821699C420AD069
:1003C0004BB193F90E309942A8BF19466FF07E03E6
:1003D0009942B8BF194608F053FB30B10D48314679
:1003E00001F0D6FA6FF00A0096E7002DF6D1094821
:1003F00002F06EF800289ED086F31188BFF36F8F4D
:10040000F0E700BF0ADF0108E8DE0108BDAB010824
:100410001CDF0108F0210020A7AF0108D4AF0108BC
:10042000E9AF0108D0210020FFAF010816B0010894
:10043000F8B50546EFF3058363B15549554A56486B
:10044000D72304F02EFA554804F02BFAD72151484F
:1004500004F01EFA8368002B00F09380504A9268E3
:10046000934240F09180C3683BB94E49494A4A489B
:10047000EF2304F016FAEF21E9E7012B03D0013B4B
:10048000C3600020F8BDEFF31187102484F31288B5
:10049000BFF36F8F444802F00DF860B9434A4449F6
:1004A0003D48882304F0FDF93F49424804F0F9F93A
:1004B00088213E48CCE73C4802F020F82969A8682A
:1004C00008F0DEFAEFF3118384F31288BFF36F8F25
:1004D00083F31188BFF36F8F5BB93749374A2E48D2
:1004E000A72304F0DEF9364804F0DBF9A7213348EE
:1004F000AEE72C68AC4215D10023C5E902332A4887
:1005000001F0E6FF002837D1284A2E4922484FF44F
:100510009A7304F0C6F924492B4804F0C2F94FF449
:100520009A71C6E7002CE7D0A3683BB92749234A54
:100530001948902304F0B5F99021D8E7D4E90032A6
:1005400013605A60637B002623F002036373C4E9DF
:100550000066A66004F1180002F0E2F8AC6094F9BD
:100560000E302B612046C4F89C6000F06FFF0E48EF
:10057000394601F00DFA84E787F31188BFF36F8FD6
:100580007FE76FF015007DE74FF0FF307AE700BF9F
:100590000ADF0108E8DE0108BDAB01081CDF010825
:1005A000D021002041DF0108F0210020A7AF010881
:1005B000D4AF0108E9AF010883DF010858DF010863
:1005C0009BDF0108FFAF010816B001089EDF01089C
:1005D00008B583684BB90B490B480C4A902304F0CB
:1005E00060F90A48902104F053F9D0E90032136011
:1005F0005A60427B0023C0E9003322F002024273BA
:10060000836008BD9EDF0108BDAB010858DF01080B
:1006100070B50446EFF31186102585F31288BFF3F9
:100620006F8F334801F046FF60B9324A3249334890
:10063000882304F036F92E49314804F032F9882134
:100640002C4818E02A4801F059FFEFF3118385F395
:100650001288BFF36F8F83F31188BFF36F8F63B975
:100660002849294A2548A72304F01BF9274804F004
:1006700018F92548A72104F00BF92568AC4213D0DE
:1006800095B12846FFF7A4FF05F1180002F048F8DD
:100690000023C5F89C30284600F0D8FE31461448A7
:1006A000BDE8704001F074B9D4E902329A4218BF33
:1006B0000133A360022104F1100002F0B1FD002813
:1006C000ECD10B4801F004FF68B90A4A10490B4805
:1006D0004FF49A7304F0E5F805490E4804F0E1F888
:1006E0004FF49A71ACE786F31188BFF36F8F70BD3A
:1006F000F4210020A7AF0108D4AF0108BDAB010869
:10070000E9AF010883DF010858DF01089BDF01081A
:10071000FFAF010816B00108F7B5044616461D469E
:10072000EFF305837BB152EA05030CD02D492E4A25
:100730002E48882304F0B5F82D4804F0B2F82A4872
:10074000882104F0A5F8EFF31187102383F31288B2
:10075000BFF36F8F274801F0ADFE60B9264A2749E5
:100760002248882304F09DF82249254804F099F88E
:1007700088212148E5E71F4801F0C0FEA368D3B1F6
:10078000013B1C48A36001F0A3FE68B91A4A1D4949
:1007900016484FF49A7304F084F816491A4804F086
:1007A00080F84FF49A71E4E787F31188BFF36F8FF5
:1007B000002003B0F0BD56EA05030BD10D4801F04F
:1007C00087FE0028E2D087F31188BFF36F8F6FF0A8
:1007D0000F00EEE7CDE9006522463946054800F0F6
:1007E00017FFE6E7D5DF0108B5DF0108BDAB01085B
:1007F0009BDF0108F4210020A7AF0108D4AF010856
:10080000E9AF0108FFAF010816B001082DE9F04378
:10081000764E774F85B00446EFF31188102383F3AB
:100820001288BFF36F8F304601F044FE68B9714AF9
:1008300071497248882304F034F86C49704804F018
:1008400030F888216B4804F023F8304601F056FE5A
:10085000D4F8A450F5B9022104F1BC0008F02FF936
:10086000002840D004F1B40500220121284601F0FF
:10087000D9FC0028F8D1002302934FF0FF324FF04B
:10088000FF33CDE90023414604F1AC02304601F0CC
:1008900027FDC1E7D4F8A8202B68C4F8A4309542FE
:1008A00008BFC4F8A830D4F8BC3043F00203C4F841
:1008B000BC30EB68D5F8049023F0040343F0010347
:1008C000EB60304601F004FEF8B94A4A4D494B4806
:1008D0004FF49A7303F0E5FF44494B4803F0E1FFFE
:1008E0004FF49A71AEE7D4F8BC30DD06C3D5C4F836
:1008F000BC003E4801F0ECFD0028E6D088F31188EA
:10090000BFF36F8F05B0BDE8F08388F31188BFF3A4
:100910006F8FB9F1000F0AD13C4938483C4A4FF477
:10092000387303F0BEFF3A484FF438718BE728461E
:10093000C847EFF31188102383F31288BFF36F8F3A
:10094000304601F0B7FD00283FF471AF304601F0AA
:10095000D5FDEB68D90623F0010231D4EA60EB68DB
:100960009A0716D5386823F00203EB6088B1036854
:10097000002170B14268954230D1036841BB7A686A
:100980003B60824200D17B60002340F8083BFFF7C8
:100990003FFED4F8BC3023F00203C4F8BC3030462C
:1009A000C3F3002501F094FD00288ED088F3118850
:1009B000BFF36F8F002D7FF42FAF01F04DF92BE7C0
:1009C00023F01103EB6005F11000FFF721FEC6E7ED
:1009D0000B607B68834208BF7960D5E723B11A6852
:1009E000014618461346C4E71A46F9E700220020DC
:1009F000F8210020A7AF0108D4AF0108BDAB010862
:100A0000E9AF0108FFAF010816B0010864E0010872
:100A100022E00108F8B5C3689A0704460F46C3F3FD
:100A200040063BD45B0727D40B680BB983680B6087
:100A3000E368DD0723D5A3685BB9294929482A4A19
:100A400040F2571303F02DFF274840F2571103F0EF
:100A50001FFF3B6002263D68002D3ED0234B9A6865
:100A6000D5F8A0309A420CD0D5F8BC30D807C3F3E3
:100A7000800216D46FF0120600233B6027E00126A7
:100A8000E9E708F080F8D5F8BC300028EED1D907A6
:100A9000C3F3C002EED552B15B0708D46FF00F0666
:100AA000EAE7002AFAD1C3F3C003002BF6D10023F2
:100AB0002360D5F8A83063B9C5E92944284608F071
:100AC00018F8E36843F00403E3603B68A360304632
:100AD000F8BD1C60C5F8A840F0E76FF01506CBE73D
:100AE00043E00108BDAB010822E00108D02100204D
:100AF00073B50446EFF31185102383F31288BFF317
:100B00006F8F1E4801F0D6FC68B91D4A1D491E486A
:100B1000882303F0C6FE19491C4803F0C2FE882151
:100B2000174803F0B5FE154801F0E8FC0023032147
:100B3000201F0193A4F1100607F0C1FF28B1A3699B
:100B4000019301A93046FFF765FF0C4801F0C0FC96
:100B500068B90B4A0E490C484FF49A7303F0A1FE92
:100B600006490C4803F09DFE4FF49A71D8E785F3CF
:100B70001188BFF36F8F02B070BD00BF002200204C
:100B8000A7AF0108D4AF0108BDAB0108E9AF010868
:100B9000FFAF010816B0010838B50D46044648B944
:100BA0000C490D4A0D489C2303F07BFE9C210A480A
:100BB00003F06EFE39B90A49074A08489D2303F03D
:100BC00070FE9D21F3E71022002108F043F96560D3
:100BD00038BD00BFBCE0010822E00108BDAB010840
:100BE00064E0010837B50C46019059B92849294AF3
:100BF000294840F27D1303F054FE40F27D11254850
:100C000003F046FE4B684BB92449224A22484FF470
:100C1000BF7303F046FE4FF4BF71F0E7EFF31185A9
:100C2000102383F31288BFF36F8F1D4801F042FC3D
:100C300060B91C4A1C491848882303F032FE184941
:100C40001A4803F02EFE88211648D9E7144801F00F
:100C500055FC204601A9FFF7DDFE0446104801F0CF
:100C600037FC68B90F4A12490B484FF49A7303F0E6
:100C700018FE0B490F4803F014FE4FF49A71E3E796
:100C800085F31188BFF36F8F204603B030BD00BFDE
:100C9000BCE0010822E00108BDAB01085EE00108EC
:100CA00000220020A7AF0108D4AF0108E9AF010876
:100CB000FFAF010816B001080146014807F053BF15
:100CC000300E0020F0B589B004460E9D58B92F496A
:100CD0002F4A304840F2323303F0E3FD40F2323124
:100CE0002B4803F0D5FD49B92B49294A294840F240
:100CF000333303F0D6FD40F23331F1E7D0F8BC00D6
:100D000010F0010009D02549214A22484FF44D73C3
:100D100003F0C7FD4FF44D71E2E7C4E9290004F187
:100D2000AC00C4E92B0004F1B400C4E92D0055B3B4
:100D30002879002840F2011008BF0120C4F8BC0047
:100D400000204FF0FF364FF0FF37CDE90330CDE9FB
:100D50000100CDE90667124B0094204600F0C4F96B
:100D600055B1296811B1204600F02CF96B791BB1FF
:100D7000237B43F001032373204601F0C1F8C4F83C
:100D8000A04009B0F0BD0120D8E700BFAFE00108E6
:100D900022E00108BDAB0108B5E001087BE00108D5
:100DA0000D08010838B50D46044658B90F49104AD8
:100DB00010484FF4787303F074FD4FF478710C48C9
:100DC00003F066FD49B90C49094A0A4840F2E1338B
:100DD00003F067FD40F2E131F1E73022002108F035
:100DE00039F84FF480736560E36038BDBBE00108FB
:100DF00022E00108BDAB010864E00108F7B50C462C
:100E0000019016461D4658B93249334A334840F2DC
:100E10007A4303F046FD40F27A412F4803F038FD53
:100E200049B92F492C4A2D4840F27B4303F039FD44
:100E300040F27B41F1E7EFF31187102383F312882F
:100E4000BFF36F8F274801F035FB60B9264A274969
:100E50002248882303F025FD2249254803F021FD7F
:100E600088212148DAE71F4801F048FB204607F0B7
:100E700031FE55EA060316D1204601A9FFF7CAFD47
:100E80000446184801F024FBE0B9174A19491348F1
:100E90004FF49A7303F005FD1249174803F001FD62
:100EA0004FF49A71DDE7E368144943F00803E36007
:100EB000019BA36204F1100032462B4601F054FB63
:100EC0000124DEE787F31188BFF36F8F204603B05C
:100ED000F0BD00BF49E0010822E00108BDAB0108F8
:100EE000BBE0010800220020A7AF0108D4AF010831
:100EF000E9AF0108FFAF010816B00108F10A0108C7
:100F000001460148FFF77ABF300E002038B504468D
:100F100058B923492348244A40F29C4303F0C1FCBA
:100F2000214840F29C4103F0B3FCEFF311851023FC
:100F300083F31288BFF36F8F1C4801F0BBFA60B9CE
:100F40001B4A1C491748882303F0ABFC17491A4871
:100F500003F0A7FC88211648E5E7144801F0CEFA13
:100F6000204607F0B7FD204607F0CAFD04460F48AB
:100F700001F0AEFA68B90E4A10490A484FF49A7364
:100F800003F08FFC09490E4803F08BFC4FF49A7173
:100F9000E1E785F31188BFF36F8F204638BD00BFAE
:100FA000BBE00108BDAB010822E0010800220020DF
:100FB000A7AF0108D4AF0108E9AF0108FFAF0108EE
:100FC00016B0010810B5044608B9054B9C681F22ED
:100FD00004F1620007F056FF002084F8810010BD84
:100FE000D02100202DE9FF470F9D119F0F2D0446B2
:100FF0000E46984651D1364B984552D1073222F0D1
:1010000007027F321099217304F1580322F03F0246
:10101000C4E91633042100233F2AC4E90633A36040
:101020006173A573E37306F1400AA2F1400905D884
:1010300083F31188BFF36F8F084602DFB518294686
:101040002046F2F7A1FF07300E9B20F00700C4F8FE
:101050008C00C4E921A902930D9B01932D1A0C9BCE
:101060000093314643462A4620460026F3F710FBFC
:1010700066654FB31F22394604F1620007F002FF94
:1010800084F88160134B9B680BB1D3F89030C4F89F
:101090009030284604B0BDE8F08705F110031E2B00
:1010A000ACD90D4A0D490E4840F24B2303F0F9FB31
:1010B0000C4829466FF00F030E2203F0F2FB06489E
:1010C00040F24B2103F0E4FB84F86270DAE700BFE2
:1010D00049020108D0210020D0E00108F3E0010816
:1010E000BDAB010873E10108F0B587B0DDE9127608
:1010F0000446EFF3058575B119491A4A1A4840F2BA
:101100001A3303F0CEFB194803F0CBFB154840F22D
:101110001A3103F0BDFB0595109D04950F9D0395B5
:101120000E9D02950D9D01950C9D0095FFF75AFFB0
:10113000B6F1FF3F08BFB7F1FF3F05D056EA0703FE
:1011400005D1204600F0DCFE204607B0F0BD3A464F
:10115000334604F11800064901F006FAF4E700BF2F
:101160000ADF0108D0E00108BDAB0108A4E10108D5
:10117000F78B010840F2011383810023C0E921337A
:10118000C0F89030014B9860704700BFD02100201C
:1011900070B590F90D20437B002A5ADBDC0658D14C
:1011A0002D4A43F080039042437309D12B492C4AC6
:1011B0002C484F2303F075FB4F21294803F068FBAF
:1011C000D90707D52849264A2648502303F069FB4A
:1011D0005021F2E7254C2246E16952F8183F93422C
:1011E00007D1C0E900210860E06111E09942F8D020
:1011F0001B68002BF5D090F90E5093F90E60B542A4
:10120000F4D0AE42F2DD5968C0E9003108605860A0
:10121000A569954200D005B9E568A3685BB9144992
:10122000144A1048EA2303F03CFB134803F039FB4F
:101230001048EA21C2E75A7BD20604D1DA897F2A14
:1012400001D9AA6932B1AB4202D0284601F0A6F812
:10125000656170BD6361FCE7300C0020EBE10108C3
:10126000C9E10108BDAB01080CE20108D021002052
:1012700051E2010825E201089BDF010838B590F929
:101280000D20437B002A01461BDA224A03F07F032C
:101290009042437309D12049204A2148572303F043
:1012A00000FB57211D4803F0F3FADC0707D51D4961
:1012B0001A4A1B48582303F0F4FA5821F2E707F0C2
:1012C0006AFC194D2A46AB6852F8184F944200D078
:1012D00004B9EC688B4214D05BB91449144A104825
:1012E000EA2303F0DEFA134803F0DBFA1048EA21A0
:1012F000D9E75A7BD20604D1DA897F2A01D9A269BB
:101300002AB1A34202D0204601F048F823466B617F
:1013100038BD00BF300C0020EBE10108C9E1010835
:10132000BDAB01080CE20108D021002051E2010808
:1013300025E201089BDF010808B583684BB909491C
:1013400009480A4A902303F0ACFA0848902103F0B8
:101350009FFA07F020FC437B23F002034373002332
:10136000836008BD9EDF0108BDAB010858DF01089E
:1013700008B5144A936880B1597B11F0090F0CD15C
:101380001149124A1248D22303F08BFA114803F094
:1013900088FA0E48D22103F07BFA6FF00A01C3F8F5
:1013A0009C100D49C3F898004B6843F080534B6084
:1013B000002383F31188BFF36F8F9368D3F89C00E9
:1013C00008BD00BFD0210020A2E2010878E2010898
:1013D000BDAB01080BE3010800ED00E038B5194C86
:1013E000A168E0690B68814214BF1A46002249686F
:1013F0000B605960A368E1692AB9134AC3E9002167
:101400000B60E3610CE093F90E0092F90E50A842D4
:1014100014D0854212DD5168C3E900210B6053608E
:10142000A569094B9D4200D005B9E568A3689D42B6
:1014300002D0284600F0B2FF656138BD9142DCD091
:101440001268D9E7D0210020E821002038B50446F1
:10145000EFF31185102383F31288BFF36F8F1748C2
:1014600001F028F868B9164A16491748882303F08E
:1014700018FA1249154803F014FA8821104803F0AD
:1014800007FA0E4801F03AF82046FFF781FE0B48B4
:1014900001F01EF868B90A4A0D490B484FF49A73D7
:1014A00003F0FFF905490B4803F0FBF94FF49A717B
:1014B000E4E785F31188BFF36F8F38BD0422002065
:1014C000A7AF0108D4AF0108BDAB0108E9AF01081F
:1014D000FFAF010816B0010838B50446EFF31185D7
:1014E000102383F31288BFF36F8F184800F0E2FFD8
:1014F00068B9174A17491848882303F0D2F91349E5
:10150000164803F0CEF98821114803F0C1F90F48BD
:1015100000F0F4FFA36813B12046FFF70DFF0B485E
:1015200000F0D6FF68B90A4A0D490B484FF49A7388
:1015300003F0B7F905490B4803F0B3F94FF49A717A
:10154000E2E785F31188BFF36F8F38BD04220020D6
:10155000A7AF0108D4AF0108BDAB0108E9AF01088E
:10156000FFAF010816B0010838B50446EFF3118546
:10157000102383F31288BFF36F8F1E4800F09AFF89
:1015800068B91D4A1D491E48882303F08AF9194984
:101590001C4803F086F98821174803F079F91548AB
:1015A00000F0ACFF637B13F0280F0BD1A36813B1DD
:1015B0002046FFF7C1FE637B23F0040363732046DC
:1015C000FFF7E6FD0B4800F083FF68B90A4A0E49B1
:1015D0000B484FF49A7303F064F906490B4803F083
:1015E00060F94FF49A71D7E785F31188BFF36F8FD5
:1015F00038BD00BF04220020A7AF0108D4AF010806
:10160000BDAB0108E9AF0108FFAF010816B0010842
:101610002DE9F047DFF8D4A0354D364B1746A842E8
:10162000DAF808201A60DDE9089804460E460BD166
:1016300031493248324A40F2792303F032F93048D6
:1016400040F2792103F024F9EFF31183102383F39F
:101650001288BFF36F8F284600F02CFF60B9294A2B
:1016600029492648882303F01CF92946274803F016
:1016700018F988212348E5E7284600F03FFFDAF80B
:1016800008503946284607F08EFAB8F1FF3F08BFE8
:10169000B9F1FF3F06D01E494A46434605F11800FE
:1016A00000F062FF204600F013FF68B91949154A9F
:1016B00012484FF4B77303F0F4F82146164803F0CC
:1016C000F0F84FF4B771D5E7094800F001FF40B9D1
:1016D00010490C4A09484FF4B77303F0E2F8044983
:1016E000ECE73046BDE8F047FFF742BED0210020CE
:1016F000042200200822002033E30108BDAB0108CA
:10170000C9E10108A7AF0108D4AF0108E9AF01089A
:10171000F78B0108FFAF010816B0010870B5054648
:10172000EFF31186102383F31288BFF36F8F1B48EA
:1017300000F0C0FE68B91A4A1A491B48882303F012
:10174000B0F81649194803F0ACF88821144803F0A2
:101750009FF8124800F0D2FE2C68A54215D014B1B3
:101760002046FFF7E9FD0D4800F0B2FE78B90C4ABB
:101770000F490D484FF49A7303F093F807490D4849
:1017800003F08FF84FF49A71E0E70024EBE786F35B
:101790001188BFF36F8F204670BD00BF0422002068
:1017A000A7AF0108D4AF0108BDAB0108E9AF01083C
:1017B000FFAF010816B001082DE9F04104460D46BF
:1017C000EFF31187102383F31288BFF36F8F624802
:1017D00000F070FE60B9614A61496248882303F0F5
:1017E00060F85D49604803F05CF888215B4818E0C8
:1017F000594800F083FE637B03F01F02002A0CBFF0
:101800000126002671D1594A03F07F039442637385
:1018100009D15749574A5348572303F042F85721F3
:10182000544803F035F8D90707D55349514A4D4874
:10183000582303F036F85821F2E7204607F0ABF9B9
:10184000637B43F080036DB2DA07A573637307D53A
:101850004949484A4348502303F023F85021DFE721
:10186000DFF81881424652F8183F93423AD1D8F82F
:101870001C10C4E900210C60C8F81C400FE099421C
:10188000F7D01B68002BF4D093F90E008542F6D0F8
:10189000A842F4DD5968C4E900310C605C60D8F8F6
:1018A0001840944200D00CB9D8F80C40D8F8083051
:1018B0009C4202D0204600F071FDC8F81440264832
:1018C00000F006FE00283FD1244A2D4925484FF458
:1018D0009A7302F0E6FF20492A4802F0E2FF4FF433
:1018E0009A7183E7D8F81C10CCE79B072AD5A1682A
:1018F00041B925491B48254A902302F0D2FF2348CD
:1019000090218EE720466DB207F045F9A5730B686C
:10191000994209D14B68C4E900131C604C60CEE7C2
:101920004A689342F6D01B68002BF3D093F90E203F
:101930009542F5D0AA42F3DD5A68C4E9003214603A
:101940005C60BCE7A573BAE787F31188BFF36F8FBC
:101950003046BDE8F08100BF04220020A7AF010897
:10196000D4AF0108BDAB0108E9AF0108300C00207D
:10197000EBE10108C9E101080CE20108D0210020D7
:10198000FFAF010816B001089EDF010858DF01080B
:1019900070B504460D46F9B9EFF30586E6B91A4B62
:1019A0005A699B689A4217D000F092FD78B9174A9D
:1019B000174918484FF4B77302F073FF21461648D1
:1019C00002F06FFF4FF4B771104802F061FF30462C
:1019D000BDE87040FFF7CCBC204600F079FD68B947
:1019E0000A4A0B490B484FF49A7302F05AFF2146FA
:1019F000094802F056FF4FF49A71E5E785F3118824
:101A0000BFF36F8F70BD00BFD0210020A7AF0108CA
:101A1000FFAF0108BDAB010816B00108034648B985
:101A2000EFF3058232B9064A51699268914201D0BA
:101A3000FFF79EBC83F31188BFF36F8F704700BF21
:101A4000D021002010B5EFF31184102383F3128806
:101A5000BFF36F8F284800F02DFD60B9274A284951
:101A60002848882302F01DFF2349274802F019FF68
:101A70008821224812E0204800F040FDEFF3058362
:101A800073B12249224A1F484FF4447302F009FF00
:101A9000204802F006FF4FF444711D4802F0F8FEA2
:101AA0001D4B9A68D37B012B0CD11C49184A154851
:101AB00040F2113302F0F5FE164802F0F2FE40F259
:101AC0001131EAE7013BD3730B4800F001FD68B91F
:101AD0000A4A13490B484FF49A7302F0E2FE064992
:101AE000104802F0DEFE4FF49A71C2E784F31188C9
:101AF000BFF36F8F10BD00BF04220020A7AF010805
:101B0000D4AF0108BDAB0108E9AF01080ADF010845
:101B1000C9E101089BDF0108D02100206CE3010826
:101B2000FFAF010816B0010870B5EFF3118610235E
:101B300083F31288BFF36F8F374800F0BBFC60B9A6
:101B4000364A37493748882302F0ABFE32493648D7
:101B500002F0A7FE8821314813E0344D2E4800F0F2
:101B6000CDFCAB68DA7B72B93149324A2D484FF46B
:101B7000477302F096FE304802F093FE4FF447712F
:101B80002C4802F085FEEFF3058161B12B49294A0B
:101B9000244840F21D3302F084FE274802F081FE03
:101BA00040F21D31ECE70132DA732A4652F8184F41
:101BB000944200D004B9EC685A7BD20604D1DA8989
:101BC0007F2A01D9A2692AB1A34202D0204600F09F
:101BD000E5FB234610486B6100F07AFC68B90F4AB8
:101BE000174910484FF49A7302F05BFE0A491548F2
:101BF00002F057FE4FF49A71ADE786F31188BFF3F8
:101C00006F8FEFF31180102383F31288BFF36F8F70
:101C1000BDE87040FFF702BF04220020A7AF010813
:101C2000D4AF0108BDAB0108E9AF0108D021002005
:101C30009DE30108C9E101089BDF01080ADF0108F3
:101C4000FFAF010816B00108024B03F11802C3E907
:101C500006227047D021002070B5EFF3058373B1E1
:101C600039493A4A3A4840F2454302F01AFE3948A7
:101C700002F017FE354840F2454102F009FEEFF34D
:101C80001186102383F31288BFF36F8F324800F060
:101C900011FC60B9314A32492D48882302F001FE17
:101CA0002D49304802F0FDFD88212C48E5E72E4CF7
:101CB000294800F023FCA168E0690B68814214BF49
:101CC0001A46002249680B605960A368E1692AB985
:101CD000264AC3E900210B60E3610CE093F90E0092
:101CE00092F90E50A84225D0854223DD5168C3E900
:101CF00000210B605360A5691C4B9D4200D005B9C3
:101D0000E568A3689D4202D0284600F047FB1248D0
:101D1000656100F0DDFB88B9104A15490C484FF4A5
:101D2000B77302F0BEFD0C49124802F0BAFD4FF441
:101D3000B771BAE78A42CBD01268C8E73046BDE82F
:101D40007040FFF715BB00BF0ADF0108C9E10108B9
:101D5000BDAB01089BDF010804220020A7AF0108EA
:101D6000D4AF0108E9AF0108D0210020E82100200C
:101D7000FFAF010816B001082DE9F04106460C46F8
:101D8000EFF3058777B13449344A354840F25D4373
:101D900002F087FD334802F084FD304840F25D4197
:101DA00002F076FD50EA010304D1FFF755FF002051
:101DB000BDE8F081EFF31188102383F31288BFF39D
:101DC0006F8F294800F076FB60B9284A28492448DB
:101DD000882302F066FD2449264802F062FD88212E
:101DE0002248DDE7244D204800F088FB234BA868FB
:101DF0001860FFF743FAA868214923463246183095
:101E000000F0B2FBAA68537B43F00403044653730B
:101E1000154800F05DFB68B9144A1A4910484FF4A0
:101E2000B77302F03EFD1049174802F03AFD4FF437
:101E3000B771D5E74046FFF79BFAAB68D3E90A23B1
:101E4000B3F1004F08BFBA42B1D106F00AFF201A21
:101E500020EAE070ACE700BF0ADF0108C9E1010831
:101E6000BDAB01089BDF010804220020A7AF0108D9
:101E7000D4AF0108E9AF0108D021002008220020DA
:101E8000F78B0108FFAF010816B0010838B504460A
:101E90000D46EFF3058373B11549164A164840F213
:101EA000874302F0FEFC154802F0FBFC114840F2AB
:101EB000874102F0EDFCFFF75FFFB5F1FF3F08BF80
:101EC000B4F1FF3F0346204610D013F109004FEA5A
:101ED000E37141F100010A220023EEF733FEB0F175
:101EE000004F71F1000128BF6FF0004038BD00BF06
:101EF0000ADF0108C9E10108BDAB01089BDF010849
:101F000038B50446EFF31185102383F31288BFF32D
:101F10006F8F204800F0CEFA68B91F4A1F49204849
:101F2000882302F0BEFC1B491E4802F0BAFC88213F
:101F3000194802F0ADFC174800F0E0FA637B5B073C
:101F400010D504F1180000F0EBFB637B23F00403D1
:101F500020466373FFF71CF929460E48BDE8384058
:101F6000FFF716BD0B4800F0B3FA68B90A4A0E49EC
:101F70000B484FF49A7302F094FC06490B4802F0A8
:101F800090FC4FF49A71D3E785F31188BFF36F8FFC
:101F900038BD00BF04220020A7AF0108D4AF01085C
:101FA000BDAB0108E9AF0108FFAF010816B0010899
:101FB000014B9868704700BFD02100202DE9F843FD
:101FC0000446077BEFF31185102383F31288BFF3D8
:101FD0006F8F824800F06EFA68B9814A8149824861
:101FE000882302F05EFC7D49804802F05AFC88217B
:101FF0007B4802F04DFC794800F080FA637B1807BB
:1020000017D5764800F064FA68B9754A7849764879
:102010004FF49A7302F045FC7049764802F041FC97
:102020004FF49A71E4E785F31188BFF36F8FBDE831
:10203000F883D90943F0080240F083806273A368F3
:1020400013B12046FFF778F904F1180000F068FB9F
:10205000A66D04F15808B04511D04FF0000976B1D3
:102060003046FFF769F906F1180000F059FBC6F891
:102070009C903046FFF78CF8A66DB045EFD1DFF8A5
:102080007881D8F808309C427AD1EFF30589B9F10C
:10209000000918BF4FF00109D8F81860574A964256
:1020A00000D00EB9D8F80C60B34202D0304600F030
:1020B00075F92046C8F8146003F0E3F9B9F1000F90
:1020C00002D04F48FFF756F8D8F808309C426AD142
:1020D000EFF30586002E66D1237BDA071FD53F4834
:1020E00000F0F6F9002890D085F31188BFF36F8FC8
:1020F00086F31188BFF36F8F0423184602DFEFF3D6
:102100001185102383F31288BFF36F8F334800F0DB
:10211000D1F900283FF461AF304800F0EFF92F48C3
:1021200000F0D6F978BB2E4A31492F484FF4B773E7
:1021300002F0B7FB29492F4802F0B3FB4FF4B77107
:1021400056E7304A03F07F0343F008039442637379
:1021500008D12D492D4A2448572302F0A2FB5721CC
:102160002A4846E7D90707D52949284A1E4858234F
:1021700002F097FB5821F3E7204606F00CFD5EE7DE
:102180004FF0000988E72846FFF7F2F821491F4A77
:1021900015484FF4E07302F084FB1F4802F081FB06
:1021A0004FF4E071DCE70D4800F092F900283FF4AD
:1021B0002CAF85F31188BFF36F8FFB077FF537AF27
:1021C000124A1649084840F25D5302F06AFB214664
:1021D000134802F066FB40F25D51C1E70422002083
:1021E000A7AF0108D4AF0108BDAB0108E9AF0108F2
:1021F000FFAF010816B00108D0210020E82100201F
:10220000700D0020300C0020EBE10108C9E101084D
:102210000CE20108CEE30108D9E30108FBE3010861
:1022200006E401082DE9F843064688461746EFF311
:102230001189102383F31288BFF36F8F214800F0B8
:1022400039F9054668B9204A20492148882302F017
:1022500028FB1C491F4802F024FB88211A4802F081
:1022600017FB184800F04AF93468A6421FD004B39F
:102270002046C4F89C802761FFF75EF804F118003F
:1022800000F04EFA2046FEF783FF0E4800F020F9DA
:1022900088B90D4A10490E484FF49A7302F001FBB9
:1022A00008490E4802F0FDFA4FF49A71D6E700256E
:1022B000EBE72546E9E789F31188BFF36F8F2846DE
:1022C000BDE8F88304220020A7AF0108D4AF0108BD
:1022D000BDAB0108E9AF0108FFAF010816B0010866
:1022E000D3B5DDE90667089CCDE90067FFF790F9F3
:1022F0001CB1034B9B681B69236002B0D0BD00BFBB
:10230000D021002008B568B10F4B98420AD303F1E1
:102310001802904206D2C01A1822B0FBF2F302FB58
:1023200013034BB109490A480A4A382302F0B9FAA3
:102330000848382102F0ACFA074BC0105843074B4D
:1023400001221A5408BD00BF100E00204CE4010801
:10235000BDAB010824E40108ABAAAAAA3B230020D4
:10236000C3897F2B12D80A4B1B6863B1094B90F9C4
:102370000E201B689A4209DB437BDB0606D1064B25
:10238000C31A18BF012303F0010070470023FAE7C6
:10239000DC0500200C220020300C002070B50E4B14
:1023A0000E4C1E7C06EB460304EBC3040546204698
:1023B00000F0B6F90A4B002228469A55FFF7D0FFE5
:1023C00048B1084B08491A68013A2046D317BDE8BE
:1023D000704000F0C9B870BDD0210020100E002060
:1023E0003B230020DC0500200523010838B5EFF36E
:1023F0001185102383F31288BFF36F8F234800F0F9
:1024000059F868B9224A23492348882302F049FA37
:102410001E49224802F045FA88211D4802F038FA88
:102420001A4800F06BF81E4B1E4A9C681068A042C8
:1024300013D1FFF7B3FF154800F04AF800BB144A68
:10244000194915484FF49A7302F02BFA0F491748AF
:1024500002F027FA4FF49A71DFE700211B7C11602C
:10246000134AD35C002BE6D02046FFF779FF002803
:10247000E1D0637BDB0601D1FEF7B0FF2046D8E751
:1024800085F31188BFF36F8F38BD00BF0422002091
:10249000A7AF0108D4AF0108BDAB0108E9AF01083F
:1024A000D021002008220020FFAF010816B001084B
:1024B0003B230020006838B1044B1B7C00F0030074
:1024C000C01A18BF0120704701207047D02100209A
:1024D000002302680360EFF30581074B19B1996887
:1024E000497BC90706D4197C98680843831A584267
:1024F0005841704701207047D0210020024B1A7CC0
:102500009B68134303607047D0210020024B18687A
:10251000984208BF00207047E0050020034B1B686D
:102520000BB9FDF7D1BA0020704700BF1022002080
:1025300030B570B10B4B5B6898420AD0036843B169
:10254000D3E90421D0E90445121941EB0501C3E99F
:102550000421D0E9003213605A600023C0E900333F
:1025600030BD00BFE0050020B3F1FF3F08BFB2F16E
:10257000FF3F2DE9F84F04469B4615461F4600F0E5
:10258000B280D0F80090B9F1000F0CD05749584AEA
:1025900058486F2302F085F9574802F082F95448F1
:1025A0006F2102F075F98160EFF31188102383F336
:1025B0001288BFF36F8F5148FFF77CFF824660B9E6
:1025C0004F4A50494B48882302F06BF94B494E481B
:1025D00002F067F988214A48E3E74848FFF78EFF91
:1025E000BBF1000F494A1FDBFFF798FF474A01354F
:1025F000D2E900174BF1000B2D184BEBE073C4E947
:1026000004536D18064643EB0707FFF77FFFDFF81B
:1026100000E1DEF804900346EBB9C4E900E9C9F82B
:102620000040CEF8044028E0D2E900126FF0010328
:102630005B1A4FF0FF3161EB02025B1B62EB0B0296
:10264000012B72F10001BCBF01234A46C4E90432E8
:102650004FF0000AD9E7D3E9041CD4E904208A42E8
:1026600070EB0C0B2EDA891A5A686CEB0000C3E988
:102670000410C4E9003214605C60FFF747FF844235
:102680000ED1244B1B685BB9BAF1000F02D1FFF7E2
:1026900045FF0646304606F0CDFA0021FDF76CF9FD
:1026A0001648FFF715FFB0B9154A1B4911484FF4FA
:1026B0009A7302F0F6F81149184802F0F2F84FF454
:1026C0009A7188E7521A60EB0C009945C4E904201E
:1026D000A3D01B68A0E788F31188BFF36F8F28464B
:1026E0003946BDE8F88F00252F46F8E71BE60108BC
:1026F000F7E50108BDAB01089BDF010814220020AB
:10270000A7AF0108D4AF0108E9AF0108280E0020E7
:10271000E005002010220020FFAF010816B00108DC
:1027200070B50446EFF31186102383F31288BFF3CC
:102730006F8F2348FFF7BEFE68B9224A224923481B
:10274000882302F0AEF81E49214802F0AAF8882139
:102750001C4802F09DF81A48FFF7D0FE236833B3F7
:10276000FFF7D4FE05462046FFF7E2FE00224FF0B9
:102770000043A542C4E9042306D1FFF7CFFE06F0CB
:1027800059FA0021FDF7F8F800240D48FFF7A0FEE4
:1027900080B90C4A0F490D484FF49A7302F081F842
:1027A00007490D4802F07DF84FF49A71D0E76FF0B9
:1027B0001504EAE786F31188BFF36F8F204670BDDA
:1027C00014220020A7AF0108D4AF0108BDAB010857
:1027D000E9AF0108FFAF010816B001082DE9F04785
:1027E0000446EFF31188102383F31288BFF36F8F31
:1027F0004448FFF75FFE68B9434A44494448882388
:1028000002F04FF83F49434802F04BF888213E4818
:1028100002F03EF8DFF800913A48DFF800A1FFF738
:102820006DFEC9F80040FFF771FE00260446002740
:10283000D9F80030DAE900C0D91754B1D4E904520C
:10284000AB4271EB020E20DAED1A62EB0102C4E931
:10285000045213EB0C034FF0000440EB010120463F
:10286000CAE90031C9F8004006F0E4F92146FDF755
:1028700083F82448FFF72CFEB0B188F31188BFF32A
:102880006F8FBDE8F047FFF7B1BD15EB0C0340EBD0
:10289000E570CAE90030C4E904672046FFF748FE46
:1028A0001848FFF715FE68B9174A1D4918484FF434
:1028B0009A7301F0F6FF13491A4801F0F2FF4FF442
:1028C0009A71A4E788F31188BFF36F8FA36820463D
:1028D0009847EFF31188102383F31288BFF36F8FAB
:1028E0000848FFF7E7FD002886D00648FFF706FEF8
:1028F000D9F800305B1BC9F80030FFF707FE04462B
:1029000096E700BF14220020A7AF0108D4AF01084A
:10291000BDAB0108E9AF010810220020280E0020FD
:10292000FFAF010816B0010870B5EFF31186102350
:1029300083F31288BFF36F8F1A48FFF7BBFD68B9A6
:10294000194A1A491A48882301F0ABFF154919485A
:1029500001F0A7FF8821144801F09AFF1148FFF702
:10296000CDFDFFF7DBFD144AD2E90045041945EB24
:10297000E0750C48FFF7ACFD68B90B4A0F490C48ED
:102980004FF49A7301F08DFF06490D4801F089FF5D
:102990004FF49A71DFE786F31188BFF36F8F2046FB
:1029A000294670BD14220020A7AF0108D4AF01084A
:1029B000BDAB0108E9AF0108280E0020FFAF0108F8
:1029C00016B00108F8B50646EFF31187102383F31C
:1029D0001288BFF36F8F5948FFF76CFD68B9584AEA
:1029E00058495948882301F05CFF5449574801F081
:1029F00058FF8821524801F04BFF5048FFF77EFDF9
:102A000032689AB14D48FFF763FD002840F091808D
:102A10004B4A4F494C484FF49A7301F042FF4749E3
:102A20004C4801F03EFF4FF49A71E3E7D6E90A54AF
:102A3000691C44F10003022973F1000334D3013D02
:102A400044F1FF34002CBCBF15462C4606F00DF9AE
:102A5000013041F10001401944EB0101012871F1FD
:102A600000015DDB06F001F9013041F100016FF07A
:102A70000203401944EB010183426FF000438B4194
:102A800053DB06F0F2F8013041F100016FF0010272
:102A9000401944EB0103121A4FF0FF3161EB0303BD
:102AA0002D493046FFF760FD336B01333363336AE2
:102AB000DBB12248FFF70CFD0028A9D087F311886D
:102AC000BFF36F8F336A30469847EFF311871023B7
:102AD00083F31288BFF36F8F1848FFF7EBFC0028D1
:102AE0003FF47DAF1548FFF709FD304650F8184F09
:102AF000844287D0002C85D02046FEF7EDFC0023D1
:102B00000E48C4F89C30FFF7E3FC002880D087F320
:102B10001188BFF36F8F2046BDE8F840FEF796BCE2
:102B20006FF001024FF0FF33BAE700224FF000438D
:102B3000B6E787F31188BFF36F8FF8BD1822002026
:102B4000A7AF0108D4AF0108BDAB0108E9AF010888
:102B5000FFAF010816B00108C52901082DE9F843A7
:102B6000064614461D4691469846EFF311871023FA
:102B700083F31288BFF36F8F2748FFF79BFC68B978
:102B8000264A27492748882301F08BFE22492648F8
:102B900001F087FE8821214801F07AFE1E48FFF7E8
:102BA000ADFCB5F1FF3F08BFB4F1FF3F11D11A48AA
:102BB000FFF78EFC50BB194A1C491A484FF49A7310
:102BC00001F06FFE14491A4801F06BFE4FF49A7140
:102BD000E1E7002D0ADB012C75F100032246BCBFA2
:102BE0000122002512F1FF3945F1FF383046FFF789
:102BF00097FDDDE90823C6E90A23002333634A462B
:102C0000434630460B49FFF7AFFCD0E787F3118806
:102C1000BFF36F8FBDE8F88318220020A7AF01082B
:102C2000D4AF0108BDAB0108E9AF0108FFAF01084F
:102C300016B00108C52901082DE9F74F0026DFF875
:102C40001082009115460193044637464FF0100A52
:102C5000B146009B9E4203DB384603B0BDE8F08FCF
:102C6000EFF3118B8AF31288BFF36F8F4046FFF7A3
:102C700021FC60B9774A78497848882301F011FE31
:102C80007349774801F00DFE8821724872E0404692
:102C9000FFF734FC637B03F03F03102B5CD8DFE8C5
:102CA00003F03148095B2D5B5B5B4E5B5B5B5B5B01
:102CB0005B5B540023699B6823B30223E268C4F87A
:102CC0000890C2F386310B4363F39432E26085F8D7
:102CD00000904046FFF7FCFB1434002840F0B18020
:102CE0005C4A60495D484FF49A7301F0DAFD584937
:102CF0005D4801F0D6FD4FF49A71C6E723691B6861
:102D0000002B39D1019B002BE3D12B78002BE0D095
:102D1000637B03F03F03102B00F28880DFE803F0B1
:102D200040542E8643868686648686868686868678
:102D3000750023699B68002BE4D00123BEE723695B
:102D40005B6A002BDED01023B8E72369DA895B8940
:102D50009A42D7D02023B1E7444A45493F486323EC
:102D600001F09FFD617B434801F03F0101F099FDB7
:102D700063213E4801F08CFD04239FE7206950B990
:102D80003D493A4A35488D2301F08BFD3B4801F01F
:102D900088FD8D21EDE72A462146103005F0D5FF4C
:102DA000A560013795E7206950B935492F4A2B486E
:102DB000912301F076FD334801F073FD9121D8E7AE
:102DC0002A4621461430E9E7206950B92E49274A9E
:102DD0002248952301F065FD2C4801F062FD952104
:102DE000C7E72A462146D9E7206950B928491F4A32
:102DF0001A48992301F055FD264801F052FD99210A
:102E0000B7E72A4621462830C8E7206950B9224949
:102E1000164A12489D2301F044FD204801F041FD6F
:102E20009D21A6E72A4621463030B7E710490F4AD0
:102E30000A48A42301F035FD194801F032FDA42110
:102E400097E78BF31188BFF36F8F013601E700BF5F
:102E50001C220020A7AF0108D4AF0108BDAB0108B8
:102E6000E9AF0108FFAF010816B001083BE6010811
:102E7000DCDC01085CE6010879E6010893E601085C
:102E8000A8E60108C4E60108D5E60108F2E6010853
:102E900009E7010824E701083DE7010858E70108B0
:102EA00068E701082DE9F8431423594F15460C46ED
:102EB00003FB010000264FF010080CB9BDE8F883B1
:102EC00010F8073C40F80C6C03F03F03A0F1140924
:102ED000102B55D8DFE803F0682909541A545454CC
:102EE0003854545454545454460050F8043C002B65
:102EF00051D14849484A4948B42301F0D2FC4848D6
:102F000001F0CFFCB421444801F0C2FC50F8043C6D
:102F1000002B40D14349404A4048B82301F0C1FC4E
:102F2000414801F0BEFCB821EDE750F8043C002B0D
:102F300031D13E49384A3948BC2301F0B2FC3C4803
:102F400001F0AFFCBC21DEE750F8043C1BBB394963
:102F5000314A3248C02301F0A4FC374801F0A1FCFB
:102F6000C021D0E750F8043CABB934492A4A2B4879
:102F7000C42301F096FC324801F093FCC421C2E75F
:102F80003049254A2548CB2301F08BFC2E4801F01F
:102F900088FCCB21B7E750F8143C2BB150F8102C2B
:102FA00013605A6040E905663846FFF791FA70B938
:102FB000264A274919484FF49A7301F072FC1449C4
:102FC000244801F06EFC4FF49A7120489CE785F389
:102FD0001188BFF36F8FEFF3118588F31288BFF369
:102FE0006F8F3846FFF766FA013C58B9174A1A49FD
:102FF0000A48882301F055FC0549184801F051FCA6
:103000008821E2E73846FFF779FA484655E700BFDE
:103010001C22002079E601083BE60108BDAB01084F
:1030200093E60108A8E60108C4E60108D5E6010810
:10303000F2E6010809E7010824E701083DE7010875
:1030400058E70108DCDC010868E70108A7AF0108C0
:10305000FFAF010816B00108D4AF0108E9AF0108BD
:103060002DE9F04F1E465E4B9C680123174685B044
:10307000054604F1600284F8603084F86130EFF3B3
:10308000058BBBF1000F0ED05649574A574840F206
:10309000251301F006FC564801F003FC40F225110F
:1030A000514801F0F5FB60B952494F4A4F484FF47F
:1030B000937301F0F6FB504801F0F3FB4FF493716A
:1030C000EEE700290CDA4D49474A484840F22713F9
:1030D00001F0E7FB4A4801F0E4FB40F22711DFE78B
:1030E00057EA06030CBF01230023FFF7A5FD804626
:1030F000EFF311894FF0100A8AF31288BFF36F8F34
:103100004048FFF7D7F960B93F4A4049374888231C
:1031100001F0C7FB3B493E4801F0C3FB88213A4818
:10312000BFE73848FFF7EAF994F860300BBB4A462E
:10313000414628460393FFF7B5FE3248FFF7C8F92A
:10314000039B68B9304A334928484FF49A7301F019
:10315000A8FB2C49304801F0A4FB4FF49A71DEE73C
:1031600089F31188BFF36F8F1C46204605B0BDE878
:10317000F08F57EA060384F860B00BD12148FFF7BF
:10318000A7F90028DED089F31188BFF36F8F6FF0A5
:103190000A04EAE7CDE90076204A1A484946FEF7D4
:1031A00037FA0446EFF311868AF31288BFF36F8F64
:1031B0001448FFF77FF90028A6D01248FFF79EF9C0
:1031C000284632464146FFF76DFE0E48FFF780F96C
:1031D0000028B7D086F31188BFF36F8FC5E700BF13
:1031E000D02100200ADF01083BE60108BDAB010841
:1031F0009BDF01087EE7010894E70108A3E70108C7
:10320000B3E701081C220020A7AF0108D4AF0108D2
:10321000E9AF0108FFAF010816B00108E80500207A
:10322000F8B505460E46EFF31187102383F3128895
:10323000BFF36F8F1F48FFF73DF968B91E4A1F495A
:103240001F48882301F02DFB1A491E4801F029FB75
:103250008821194801F01CFB1648FFF74FF92C682C
:10326000A5421CD0D4E9003213605A600023C4E99F
:1032700000333146204605F092FD0E48FFF728F94D
:1032800078B90D4A10490E484FF49A7301F009FBC2
:1032900008490E4801F005FB4FF49A71D9E7002464
:1032A000EBE787F31188BFF36F8F201E18BF012053
:1032B000F8BD00BF1C220020A7AF0108D4AF010851
:1032C000BDAB0108E9AF0108FFAF010816B0010866
:1032D00070B504460D46EFF31186102383F3128870
:1032E000BFF36F8F2148FFF7E5F868B9204A2149FD
:1032F0002148882301F0D5FA1C49204801F0D1FA71
:1033000088211B4801F0C4FA1848FFF7F7F8206835
:10331000E56001218442A16011D11448FFF7D8F87B
:10332000E8B9134A164914484FF49A7301F0B9FAF0
:103330000E49144801F0B5FA4FF49A71E1E7D0E96B
:10334000003213605A600023C0E9003305F027FD06
:10335000314604460548FEF71BFB204670BD86F348
:103360001188BFF36F8F0024F7E700BF1C220020F5
:10337000A7AF0108D4AF0108BDAB0108E9AF010850
:10338000FFAF010816B00108014801F074BA00BF90
:10339000C0E7010838B50D4C0D4DAC4213D90D49AD
:1033A0000D4A0E48252301F07CFA0D4801F079FA08
:1033B0000948252101F06CFAD4E90112204605F0F4
:1033C00031FD1834E9E7F7D3002038BDC8060020E6
:1033D000C806002062E80108FBE70108BDAB010850
:1033E00045B2010807B5074B0093074907484FF05E
:1033F000FF334FF40062FDF765FC002003B05DF879
:1034000004FB00BF34A80108403D0020300E00201E
:103410000FB407B5064B04AA186852F8041B0192B2
:1034200000F0EEF803B05DF804EB04B0704700BFA5
:10343000F09E0108F8B50E4B1D68AB789B07064659
:1034400012D56F6816F8014B29462CB90A20B847E7
:10345000002805DB204609E02046B8470028F1DABD
:10346000AB7843F00403AB704FF0FF30F8BD00BF02
:10347000F09E01080CB430B58BB004460D462022F6
:10348000002102A805F0E6FC02238DF80A30002D89
:103490000C4B0393069412DB01D06B1E1C440FAA45
:1034A0000E99079402A8019200F0AAF815B1069BA4
:1034B00000221A700BB0BDE8304002B07047002403
:1034C000EDE700BF7F9201082DE9F0410126074694
:1034D000B24201DCBDE8F0813B461F4613F8014BC8
:1034E000002CF7D0252CF8D11C78252C07F10207E9
:1034F000F2D00023DFF804819C461D461F2D18D80A
:10350000A4F1200EBEF1100F09D9A4F1300EBEF1C6
:10351000090F1ED80A2404FB03E3202504E028FA3F
:103520000EFE1EF0010F06D017F8014B002CE5D15E
:1035300028E07F2D1CD8A4F1300EBEF1090FE9D987
:10354000242C10D1BCF1000F46D0B34246D000234A
:10355000EAE724F0040EBEF12A0FF8D06C2C09D152
:1035600045F08005E0E724F0040EBEF12A0FEED00E
:103570006C2C22D06C2C1BD8682C23D06A2C28D021
:103580004C2C26D0BCF1000FA4D0B445A0D144F0FF
:103590002007A7F1650CBCF1020F0B6801D9612F60
:1035A0001ED1073323F0070308330B6001368EE783
:1035B000742CB9D07A2CB7D0E4E72C0648BF45F478
:1035C0000075CDE7EC0548BF45F4007545F48075FE
:1035D000AAE745F42075A7E79C46B8E76324D6E739
:1035E000692C02D007D8632C03D02F0601D5AC0577
:1035F000D7D40433D9E7732CF6E700BF892801003C
:103600002DE9F04F95B0436803938378804698077F
:10361000CDE9081217D50D920B4600251F78A7B1EA
:10362000252F16D001330793039B41463846984710
:10363000002805F1010580F2398498F8023043F042
:10364000040388F802304FF0FF35284615B0BDE876
:10365000F08F5F789A1C252F0792E5D0002426462C
:10366000A246A346BBF11F0F32D8A7F12003102BAF
:103670000AD8DFE803F02409092A0909091B090906
:103680000922092709091900A7F13003092B2DD9AF
:103690002A2F39D154B90D9B1BF0400F53F8042B3E
:1036A0000D9329D0164601E04BF0010B079B13F850
:1036B000017B0793002FD5D15BE04BF0020B4BF061
:1036C000040BF3E74BF0080BF0E74BF0100BEDE7C2
:1036D000BBF17F0F3FD8A7F13003092BD8D81BF0DF
:1036E000400F03D00A2202FB0636DFE70A2202FB64
:1036F0000A3A4BF0200BD9E7B2F1000AF9DACAF125
:10370000000A4BF0280BD1E72E2F05D11BF0400FFC
:103710009BD14BF0400BC9E7242F1CD1002C00F0AB
:103720004281099B0D931BF0400F0AD15246089825
:103730000DA9FFF7C9FE0D9B1A1DD3F800A00D922D
:10374000B4E7324608980DA9FFF7BEFE0D9B1A1D7F
:103750001E680D92AAE76C2F00F0128100F2098119
:10376000682F00F015816A2F00F01A814C2F00F0AD
:10377000178134B1099B08980D9322460DA9FFF7D4
:10378000A3FE002E47F02009B8BF2BF0400BA9F193
:103790006503BCBF1FFA8BFB0026022B40F2088199
:1037A000B9F1610F40F06782FF4307F020030693F1
:1037B0000D9B073323F007031BF0400FD3E90001F3
:1037C00003F1080208BF4FF0FF36069B0D920093ED
:1037D0000EAA334605F0BFFC0130C3B2B3424BF42E
:1037E000C054049301DB049B5E1E01230E9F0593CE
:1037F000A3464FF0700907F10903122B0DD907F109
:103800006303C62B40F20F8107F2E73340F2CE721A
:10381000934294BF0323042305939DF83C2002F0B8
:103820000C0312F0010240F019811BF0020F40F06E
:1038300012811BF0040400F0F880002B40F011818D
:1038400020231BF4405F1FD1049A5032002E6A449B
:1038500008BF0126133A049921B112F8011D30293D
:1038600000F036811BF0100F049A18BF3246391D44
:10387000C0F23381B74280F23081BA424BF4005B30
:1038800040F32D817E1C961B1BF400520A9200F01F
:10389000288127EAE774013403B10134002E00F0D7
:1038A0002881721C1444A245CCBFAAEB0404002456
:1038B0001BF0090F04D12C44A54240F01F810024C5
:1038C00043B118464146039B9847002805F101057E
:1038D000FFF6B3AE1BF4006F13D0039B41463020BC
:1038E00098470028FFF6A9AE069BC3F17800414631
:1038F000039B00F0F8009847002805F10205FFF649
:103900009CAE1BF0080F05D12C44AC4240F0028164
:10391000254600240A9B002B00F01C8127EAE77A49
:10392000A7EB0A077642049BBB4284BF0EABFB1891
:103930000AF1FF3A88BF5879039B98BF302056455B
:1039400005F10109414600F3EF809847002807F18F
:103950000107FFF672AEBAF1FF3F08D1039B414663
:103960002E2098470028FFF668AE05F102094D4663
:10397000D9E7742F3FF49AAE7A2F3FF497AEF8E66A
:103980001BF0800F18BF4BF4007B4BF0800B8DE6D3
:103990001BF4807F18BF4BF4007B4BF4807B85E6E3
:1039A0004BF4207B82E62646B3465446B2467DE67B
:1039B000FF4307F0200306930D9B073323F0070313
:1039C0001BF0400F03F1080208BF0626B9F1650F8E
:1039D000D3E900010D9213D1731C0022DBB24BF42A
:1039E000805B1446112BCDE9002428BF11230EAAB9
:1039F00000F0FCFAC3B2049302230E9F0593FAE68B
:103A0000B9F1660F05D14BF4005B34460122112356
:103A1000E8E7F3B2012B4FF0000238BF0123144650
:103A20004FF06509DEE70223F6E6002B3FF409AF0D
:103A3000BAF1030F3BDC9DF83C30A64E13F0080FA3
:103A4000A54B08BF1E463746B94617F8010BB0BB59
:103A5000AE1BB1447BE033BB2B23F2E62BBB2D2303
:103A6000EFE62022BAF1040F13DD1BF0080FAAF1D4
:103A700004040FD12C44039B049241462020984714
:103A8000002805F10105FFF6D8ADA542049AF2D150
:103A90009AB10024039B414610469847002805F13F
:103AA0000105C8DAC9E52B22DCE72D22DAE71BF095
:103AB000080FAAF10304BED1DCE71446BBE7069B5E
:103AC000C01A4146039BC0B298470028BCDAB4E54F
:103AD00004990139C9B20491BDE6561ED4E6002608
:103AE000D2E61BF4006F059A0CBF0324052414448E
:103AF000D2E61BF0100F18BF0134D4E60B934146F9
:103B0000039B2020984700280B9B05F10105BFF679
:103B1000D3AE92E5039B414630209847002805F13B
:103B20000105BFF6F2AE88E598470028FFF685AD9F
:103B30001BF0100F0BD0BAF1FF3F08D105F10209BD
:103B400041462E20039B98470028FFF676AD4D4650
:103B50004C4433E29DF83D00039B414698470028C2
:103B6000FFF66BAD002E69DD039B41462E20984782
:103B70000028FFF662AD4FF0010A049B9A45BBBFD7
:103B80000EAB534430205879039B41469847002898
:103B9000D346FFF652AD0AF1010A5645EDDA023579
:103BA0005D44069BA9EB03004146039BC0B29847C6
:103BB0000028FFF642AD002FB4BF2D202B20039B21
:103BC0004146B8BF7F4298470028FFF636AD059BB7
:103BD000042B41D14FF47A79B7FBF9F606F13000A6
:103BE000039B4146C0B29847002805F10305FFF644
:103BF00024AD09FB16774FF06409B7FBF9F606F11F
:103C00003000039B4146C0B29847002805F10105EA
:103C1000FFF613AD09FB16774FF00A09B7FBF9F66B
:103C200006F13000039B4146C0B29847002805F1D9
:103C30000105FFF602AD09FB167715E01BF0100F2A
:103C400001D10135ADE7039B41462E20984700285E
:103C500005F10205A5DAF0E4059B032B05F1020549
:103C6000C9D0059B012BD7D107F1300005F101091F
:103C70004146C0B266E7A7F16303122B00F2FF8052
:103C8000DFE813F013005700FD00FD00FD00FD000C
:103C90005700FD00FD00FD00FD00FD001701F800CC
:103CA000FD00FD002C00FD00B9000D9B1A1D1B68D6
:103CB0000D928DF8383001240EAF1BF0080F2ED076
:103CC0003E19B946B1452CD1EF1BB944AAEB040407
:103CD0003DE700BF84E801083CB401080D9B1A1DB4
:103CE0000D921F68AB4B002F08BF1F461BF0400F03
:103CF00014BF31464FF0FF31384605F0D3F8044683
:103D0000DBE7039B4146202098470028FFF695AC4F
:103D1000013EB442F5D35544AD1BB246D0E75646FA
:103D2000F7E719F8010B039B414698470028C9DAC9
:103D300083E41BF0800F0D9B35D01BF4007F2DD04A
:103D4000073323F00703D3E9000103F108020D92C2
:103D50002BF0100900291FFA89F936DA404261EB8D
:103D6000410149F480690DF1380B0A235A4605F0E8
:103D7000A5F819F0400FA0EB0B0B65D029F001025C
:103D80005E4592B240F3B280002F00F0A98019F096
:103D900010033446914626D002345CE01A1D1868A0
:103DA0000D92C117D4E71A1D1BF4807F19680D927C
:103DB00001D10846F5E71BF4007F15BF48B208B2F1
:103DC00041F3C01141F3C031C2E750EA0103CAD147
:103DD0001BF0400FC7D0002EC5D12BF0110B1FFADE
:103DE0008BF93446B34640F2064319EA03031CBF7D
:103DF000013400232FE02BF0100B1FFA8BFB0A235A
:103E00001BF080040D9A57D01BF400711DBF0732C0
:103E100022F0070202F10801101D19BF0D91D2E92D
:103E200000010D90106850EA010252D12BF01609E2
:103E30001BF0400F1FFA89F94FD0002E4DD12BF007
:103E4000170B1FFA8BF9B34619F0100352D0002F4D
:103E50004ED10BF1010419F0080F5ED119F0010FDA
:103E600006D0A2456EDDAAEB040404EB0B06544613
:103E700022464DE04BF0100B10237827C0E7B9F134
:103E8000780F04D1C7F1780343F01003B8E7039B20
:103E90004146252098470028FFF6CFAB039B4146BB
:103EA000384698470028FFF6C8AB0235079BFFF756
:103EB000B5BB08230027A3E7111D0D911BF48071EA
:103EC0001068B0D01BF400711ABFC0B2214680B296
:103ED000A9E72BF0060B1FFA8BF90DF1380B45E71C
:103EE00029F011091FFA89F934467CE79146ABE7BE
:103EF0005C4651E75C4676E7CDE904234146039BE7
:103F0000202098470028FFF698AB049A059B0132C1
:103F10009245F1DC2C1BA5181446F3B1039B4146D6
:103F2000302098470028FFF688AB6FB90135A946C5
:103F30002E44A6EB09035B4521DC5D460EAE5DBB5E
:103F4000D944C3E65E4693E7023541463846039BB3
:103F500098470028EBDAFFF770BB40F2064319EAF6
:103F6000030FE4D019F0020F14BF2B20202019F406
:103F7000806F05F10105414618BF2D20E7E7039B3F
:103F8000414630209847002809F10109D1DAFFF7AE
:103F900054BB00BF88E80108013D039B705D4146AA
:103FA00098470028CBDAFFF748BB039B4146202007
:103FB0009847002805F10105FFF63FAB631B002B76
:103FC000F3DC73E71FB502AB0093074A4FF0CC3325
:103FD00005F057F8DDE90201C00840EA4170C90860
:103FE00005B05DF804FB00BFCDCCCCCC2DE9F04F83
:103FF0009BB0044605920A460A93C2F30A559DF8FF
:1040000090300B93D20FC1F313030992090D7DB9C0
:1040100050EA03021BD1059A30235371099B1560A6
:1040200043F002031371012738461BB0BDE8F08F3F
:1040300040F2FF7295424AD10343099B059A14BF8F
:1040400043F0080343F0040313710027ECE700F08A
:10405000010208924FEA83080122AC4D48EA9078A9
:1040600087009A461646C5F1000B5846069200F0A6
:1040700011FAB5F1FF3FACBF8146A0F10109ABEBEE
:10408000090B09EB05035846049300F009FA16A939
:10409000A0F17D05584600F023FA12AB069A019371
:1040A000A9EB050510AB0292009320462B4616AAF9
:1040B000514604F02BFFB9F1010F04460D4600F202
:1040C000D280089B002B40F0C58001276BE043F4B1
:1040D000801A00F001024FEA8A080343A5F2354531
:1040E000089248EA90784FEA800749D140F2FE737F
:1040F00019420CBF01260026002D3246B3DB2846AC
:1041000000F0C2F9032DC8BF0138049000F0C8F9CF
:10411000049B7C305D1B054416A9184600F054FA38
:1041200012AB019310AB009320462B46029616AAC1
:10413000514604F0EBFE049B152B04460D4600F29D
:10414000868014AB724A009338464FF0CC33414618
:1041500004F097FF149B159A9B0843EA827303EBC4
:104160008303BB42DDE9109A0CD13846414600F08A
:104170009FF9049B83428CBF00270127002612E091
:104180000126B9E7089B002B51D1013F48F1FF31CF
:10419000B81B61F1000100F08BF9049B089F83427A
:1041A0008CBF002601260B9B002B40F09180DDF890
:1041B00028B04FF00008CDE906884FF00A0ADDE983
:1041C0001001FFF7FFFE129B0E93CDE90C0118467C
:1041D0001399FFF7F7FE0C9B0D9A0F9198420B462F
:1041E0009341814680F08E8020462946FFF7EAFE03
:1041F0000E9A0AFB09F3934214BF002606F001064B
:104200000C9B10930D9BCDE911390F9B1393079BCA
:10421000B8F1000F14BF002707F0010701330AFBB4
:1042200010485FFA88F8079304460D46C7E7B81CA4
:1042300048F1000100F03CF9049B83428CBF002050
:104240000120B9EB00006AF10002CDE9100200275D
:104250003E46A8E7109B119A013B42F1FF32CDE99F
:10426000103201278AE7B9F13E0FF0D84FF0FF3343
:10427000A9F1200003FA09F203FA00F0C9F12001C4
:1042800023FA01F102430A4303FA09F327EA030779
:1042900028EA020857EA08070CBF012700276DE744
:1042A00000FB02FCA1FB0012013362448C4275EB5F
:1042B000020CF5D2049ADDF828B01344259A134471
:1042C000D20F9342B8BF13469B45A8BF9B4670E7E9
:1042D0000A21002201230846E8E70AFB03F0A2FBBB
:1042E0000A2301310344944275EB0300F5D259458A
:1042F00010DDBBF1000F02D154EA05030AD00123FF
:10430000069371E70A2200230121ECE7CCFBFFFFB3
:10431000CDCCCCCC002E2FD04FF00A0A129B139993
:104320000D931846FFF74EFE0D9B0C910AFB00F211
:104330009A42814620D1DDE91001FFF743FE0E903D
:104340000D9120462946FFF73DFE0D9B0E9A1092D7
:10435000CDE911390C9B1393079BB8F1000F14BFE3
:10436000002707F0010701330AFB10485FFA88F8BD
:10437000079304460D46D1E7DDF81090079B99445A
:10438000002F5AD0B8F1050F57D114F001034AD1CC
:10439000069A32B9DDE912239D4208BF94425FD0EC
:1043A000069B18194FF00A0445F10001002201266E
:1043B0002546A04271EB020755D2EBB1B3451BDA9B
:1043C0000B9B6BB1259ADDF828B006EB090313446B
:1043D000012BB8BF01239B45A8BF9B465E450BDD63
:1043E00005304FF00A024FF0000341F10001ECF7F5
:1043F000A9FB09F10109013E5E45A8BF5E4637B23F
:104400000FFA89F9059B09FA86F607F10508013EBE
:1044100098444FF00009B9452CDB059B1A461E60F5
:10442000099B137100E6069B2BB9DDE912239D421F
:1044300008BF944209D00123B3E7069B53B9DDE9D5
:1044400012239D4208BF944204D1089B002BF2D155
:10445000002EF0D0B8F1040F94BF00230123A0E791
:104460004FF00408F1E705FB02F7A4FB0542013613
:104470003A449EE70A220023ECF764FB303208F846
:10448000012D09F10109C6E7014B5843800C704723
:1044900041340100014B5843000D7047FB2E0B00C7
:1044A000024B5843C00C0130704700BF4F931200BD
:1044B0000A4A70B503464FF0CC3600204FF0333532
:1044C00006FB03F402FB0144A3FB023121449D429D
:1044D00075EB010401D30130F2E770BDCDCCCCCC3B
:1044E0002DE9F04F1A23354EB0FBF3FA03FB1A0304
:1044F00089B004460D4606EB0A1653B9D6E90023E7
:10450000C1E90023D6E90201C5E9020109B0BDE80D
:10451000F08F2B4A02EBC303D3E9008904AB00936D
:10452000D6E902234046494604F0ABFD06AB0093B2
:10453000D6E9002383460F464046494604F0A1FDD4
:10454000DDE9066216EB0B0652EB07084FF000039D
:1045500028BF0123814633B1049B059A013342F100
:104560000002CDE9043220460391FFF799FF074688
:104570001A2000FB0AF0FFF793FF3F1A324643462A
:1045800003990097484604F097FD4FEA141C0D4A22
:10459000640004F01E0352F82C40DC4004F00304D5
:1045A000241841F10001C5E90041DDE90423009729
:1045B0003046414604F080FDA6E700BF309C01086C
:1045C000609B010840A801082DE9F04F1A27DFF889
:1045D000E4A000F11905B5FBF7F56F433A1A4FEA6D
:1045E000051B89B004460E460AEB05150AD1D5E92C
:1045F0000023C1E90023D5E90201C6E9020109B09F
:10460000BDE8F08F2C4B03EBC203D3E9008904AB68
:104610000093D5E902234046494604F032FD5AF89A
:104620000B206B68013ACDE9020106A963F1000392
:1046300000914046494604F024FDDDE906528A46D1
:1046400002996D18039952EB01084FF0000328BF3F
:104650000123814633B1049B059A013342F10002E4
:10466000CDE904323846FFF71BFF07462046FFF727
:1046700017FF3F1A2A46434600974846514604F022
:104680001BFD4FEA141C0D4A640004F01E0352F88F
:104690002C40DC4004F003040134241841F10001F3
:1046A000C6E90041DDE9042300972846414604F0AD
:1046B00003FDA2E7009D0108609B010894A8010882
:1046C00038B5C0F3C7537F3B162B014620F0004599
:1046D00019DC002B024608DA00281BDA002D0E49EF
:1046E00008BF4FF00041084638BD0C481841084249
:1046F000F9D00029BEBF4FF4000141FA03F3D218EC
:1047000022EA0001EFE7B5F1FF4FECD3EBF7D6FE5D
:104710000146E8E70021E6E7000080BFFFFF7F00D9
:10472000C0F3C7537F3B162B10B5014614DC002B9A
:1047300007DA013300F0004101D141F07E51084613
:1047400010BD084A1A410242F9D04FF480011941C4
:10475000014421EA0201F2E7802BF0D1EBF7AEFE33
:104760000146ECE7FFFF7F00704700EBC100408887
:1047700040087047F8B50346FFF7F7FFB0FA80F03E
:10478000C0F11F0003EB800CCA00DCF81060171D9D
:104790000C4606328DB256B9012101FA00F0D968F3
:1047A0000143D960CCF81040DD539D52F8BDF100B3
:1047B0000431585AD85303EBC0009E52C5805D5255
:1047C000F4E72DE9F04706460D46174698462BB309
:1047D00098F8004093F80190DB78A40004EB4304C0
:1047E00098F802301C4444444FF0000ACA4509D3EB
:1047F000D8F8042008F1080339463046AC46BDE835
:10480000F047604714F8013B48F823402046ECF796
:10481000BDF9013004440AF1010AE7E76FF0150021
:10482000BDE8F08770B5002502462846144614F806
:10483000013B0BB9184609E098B18D4207D1702BA6
:1048400004D0A3F140023A2A0BD8002070BDA3F196
:1048500040063A2E05D853780135941C002BE9D038
:104860000020252B08BF80F001002246DEE7002053
:10487000704700F082BB0FB407B504A951F8040BD0
:10488000019100F07AFB03B05DF804EB04B07047CF
:10489000002383F31188BFF36F8F0423184602DFD0
:1048A00070470FB407B504A951F8040B0191FFF745
:1048B000E0FF03B05DF804EB04B0704710B5036986
:1048C000024613F0080009D11368D4689C4297BFD0
:1048D000526AE31AD31A01200B6010BD0023184658
:1048E000FAE713B501A90446FFF7E8FF20B1019BE1
:1048F000E268013B13440193606A019BC01A0138CE
:1049000002B010BD10B5044650182269636AD20780
:1049100002D5013B184010BD984228BFC01AFAE7E3
:1049200010B504460A46C168FFF7ECFF2369E06052
:1049300023F00803236110BD38B50D46026A8B00D1
:10494000016843F0020342F82130044601682A4618
:10495000FFF7D8FFE36861682060984202BF2369CF
:1049600043F0080323612A462046FFF7CBFF60602F
:1049700038BD2DE9F74FC768066A9B4606EB8703EB
:10498000009316F8273003F00303022B04468846F1
:1049900091464FF000030BD01360CBF80030236931
:1049A0009B0713D44FF0000A504603B0BDE8F08FC8
:1049B00056F8271013608908CBF80030EFD0FFF7C6
:1049C000AFFFE368A3604FF0010AEDE7E36906EB90
:1049D0008700984716F8272012F0010A0546E1D013
:1049E00012F002021FD0B8F1000F03D0414620465A
:1049F000FFF7A2FF61682A462046FFF783FFD4E94C
:104A000002219142606006D12A462046FFF77AFFD4
:104A10004FF0000AA060A2682260E260226942F0C2
:104A200008022261C0E7014620460192FFF778FFA5
:104A3000E368A360B8F1000F04D02168236A019AEB
:104A400043F8212005EB0802CBF80020216820461E
:104A5000FFF758FF2369206043F00803236116F82D
:104A600027306FF3000306F82730009BC9F80030A9
:104A7000A9E770B504461546FFF744FF2368834253
:104A800005D12369216023F00803236170BD226AE8
:104A9000AB0043F0020342F82130204661682A4609
:104AA000FFF730FF6060F1E738B503695B07044644
:104AB00006D5856AFFF715FF85422CBFA562A06267
:104AC00038BD704770B4C6680468806A0D0C06FB78
:104AD000054414FA81F184682468A44670BC6047D8
:104AE0002DE9F0431C46C36A1D686D4289B0064635
:104AF0008846174605F020051CB9204609B0BDE8D8
:104B0000F083AC42A14628BFA9464B466A464146BF
:104B10003046FFF7D7FF0028F0D16B46484502D159
:104B2000241A8044E8E713F8012BBA4201D101307E
:104B3000F4E70120E2E70B6803F580330B60008A9D
:104B40001A0CB0EB134F04BFA3EB02430B6070478A
:104B500000F096BA38B5C26803680D0C090C04461B
:104B60002D04806A02FB013100F055FC50B9E26A65
:104B7000E368527929462046FFF7B2FF002818BFA4
:104B80006FF0050038BD10B5014604460722FF202E
:104B9000F7F71CF9E07110BD0368012B81BFC9183C
:104BA00001F1FF315B421940084670472DE9F041A1
:104BB0000C4605460821C06AFFF7EEFF07220746AC
:104BC0002146FF206688B4F80480F7F7FFF8E37900
:104BD000834208D1E8684644C01BB04294BF00201D
:104BE0000120BDE8F0810020FBE738B505460C4602
:104BF000FFF7DCFFA0B1A08898B922884FF6FF73B9
:104C00009A420DD1E86A0821FFF7C6FF6288EB6877
:104C10009B1AB3FBF0F202FB1030B0FA80F04009AF
:104C200038BD0020FCE7F7B504460D46C06A0821F0
:104C3000FFF7B2FF2968074608232046FFF742FF27
:104C40000646002836D12B683B442B60E26899B2B7
:104C5000D21B91422ED11A0C03BF228A02F1FF32DD
:104C600003EB0241A3F58031296008236A46204600
:104C7000FFF728FFE8B9E36A5A796B4613F8011B7E
:104C80008A420CD101300828F8D1636805E02B680E
:104C9000BDF802201B0C1B0413442B600AE069467C
:104CA0002046FFF7A2FF0028F1D129462046EDF764
:104CB0007BFC0646304603B0F0BD2DE9F0430746C5
:104CC00089B090461C461BB9002009B0BDE8F083AE
:104CD000FD683B68080C05FB003313FA81F6FB6A9C
:104CE0001D686D4225400CD0B86A83683146D3F800
:104CF00004902B46C8470028E7D1641BE4D02E441B
:104D0000A84422464146684604F096F8FD6A2A689F
:104D10006979121B0DEB040004F09CF8B86A2B684B
:104D20008268314654686A46A047CEE710B50A4605
:104D3000082341680446FFF7C0FF08210246E06AE5
:104D4000FFF72AFF63681B1A6360104610BD13B596
:104D50004FF6FF7300220446ADF800308DF80630A0
:104D60008368ADF804206846ADF80230FFF70BFF0A
:104D700069462046FFF7DAFF02B010BD2DE9F04F7B
:104D8000044695B0C06A0821FFF706FF63681B0C54
:104D90001B04054603A920460393FFF7CCFEDDF86C
:104DA0000CB0E6685E44761B06AA0823314620460E
:104DB0000496FFF787FE021EC0F2A980E36A06AAE6
:104DC0005979002312F8010B814240F08F800133A2
:104DD000082BF7D1A36862682B449A427ED25946C9
:104DE0002046FFF7B7FE024691E0BDF81A30360CB8
:104DF00036041E44049608AA04A92046DDF810A033
:104E0000FFF711FF0246002840F0818008A92046E4
:104E1000FFF7CCFE18B9019B9A45ECD1DAE763683D
:104E200005930AAA05A92046059EFFF7FCFE024647
:104E300000286CD1BDF82820BDF820309A4227D038
:104E40006268059B9A42ECD15645E4D1BDF8243006
:104E5000002BE0D0BDF822704FEA1A431B041F4418
:104E600008A8A368ADF82230FFF78DFEE36ABDF80D
:104E700024901E68764206F02006B9F1000F0ED18C
:104E800008A92046FFF752FF02460028C3D03EE0A3
:104E90000AA92046FFF78AFE0028D1D0D4E74E4564
:104EA000B04628BFC8460CAA434639462046FFF7FD
:104EB00009FE024658BB4346A1680CAA2046FFF7EC
:104EC000FCFE41460246E06AFFF766FEA368034423
:104ED000A360E2B9A9EB08094744CEE72046FFF7F3
:104EE00036FF024600283FF47AAF10E0731B06A994
:104EF00020460193FFF779FE00287FF476AF04A9DE
:104F00002046EDF751FB024600283FF474AF1046EF
:104F100015B0BDE8F08F00231A46EDF759BD13B563
:104F200000240094EDF72AFE02B010BD03785B0761
:104F30005FBF03684288C3F34A2303EB12105DBFCF
:104F4000173020F0070080080020704700207047CD
:104F50000346BFF35B8F53E8000F421C43E8002178
:104F60000029F8D1BFF35B8F704708B503F07DFED1
:104F70000A220023EBF7E6FD08BD1FB50023CDE9AB
:104F80000201CDE900331A4619461846EEF78EFAAB
:104F900005B05DF804FB0120EDF754BF0020704719
:104FA0004368DA7143681960436801225A71EDF76A
:104FB0003BBF70B515460C4669B1D2E901369B1B63
:104FC00099420AD813680A460146981903F034FF3B
:104FD000AB682344AB60204670BD6FF01B00FBE75D
:104FE00070B50E4615461946044618B9BDE870401E
:104FF000EDF728BF33B1C2F34A231030120D184425
:1050000003F01AFFC4E900562046BDE87040EEF7F1
:1050100097B92DE9F3415F1C4FEA8708064608F16E
:10502000170020F0070080080C461546EDF7BCFF7E
:105030000023ADF805308DF807308DF8047068B1A5
:105040000346019A43F8102FA8F104012A46294487
:1050500052F8045B43F8045F8A42F9D1A20102F4DA
:10506000E07242EA482222F07F4222F470020023DA
:1050700022F03F02314602B0BDE8F041FFF7B0BF79
:1050800007B50123019201AAFFF7C3FF03B05DF842
:1050900004FB07B5CDE9002302236A46FFF7B9FFF9
:1050A00003B05DF804FB1FB5CDE90123069B039314
:1050B00001AA0323FFF7ADFF05B05DF804FBF8B5C7
:1050C00006460D4614461F4604B9F8BD214628463B
:1050D0003A46B047241A0544F6E710B5426881689D
:1050E0000446D2E900230068FFF7E9FF6368002265
:1050F0001A6010BD0A2838B504460D4602D10D20AD
:10510000EEF770FA29462046EEF76CFA002038BD1B
:105110002DE9F043054687B008460E8891F80090C7
:10512000D1F808800C461746EEF730FA011EC6F398
:105130008216C9F3C2091EDB4846EEF713F903468F
:105140002146608851F8102B0196C2F34A22002AAA
:1051500001EB0204C0F30B1008BF00210022CDE9CF
:105160000407CDE90214009241462846EEF76AFA98
:1051700007B0BDE8F0830023E2E743681B685B6883
:105180000020996170472DE9F04143681B685A6817
:10519000012111771D68D5E90136D3E900482F6850
:1051A0001CB96B681C60BDE8F08121463046424660
:1051B000B847241A0644F3E743681B681868EEF7FB
:1051C000CFBB70B543681D686B6898690C46EDF7F6
:1051D00015FE214603460F222868BDE87040184797
:1051E000704770B54C680368A34201D2012070BDBE
:1051F0008A682244934201D30020F8E7D1E90325CD
:105200004E69B54203D36FF00B038B61F4E71B1BB0
:1052100042F835304368086902EBC00253600B69FD
:1052200001330B61E2E737B50C46C0B201A9154660
:10523000EEF70EFC00280CDB019850B121462A46FF
:10524000EEF72CFC04460198FFF7CAFF204603B096
:1052500030BD6FF01504F9E7034610B508460AB1F2
:105260000021116053B1D0B1411E11F8010F80B17E
:1052700013F8014BA04201D13D28F6D100200EE0E9
:10528000013313600AE03D2808D0B0FA80F04009ED
:1052900005E018782F28F6D1002AF1D1012010BDA1
:1052A0000830704710B5134614460A4681880068D6
:1052B000FFF735FEA042A8BF204610BD2DE9F04FF4
:1052C00097B0044601929A46894600297CD0DAB10B
:1052D000BAFA8AF67609258F0135ADB2A84604F1EF
:1052E000080B6F1EBFB2B7F5004F26D04A2303AAA2
:1052F00039465846FFF713FE002807DA10F1020F6F
:1053000008BFB8463D46ECE70126E4E700F1580344
:105310000DEB0300002300F84C3C03A94846EBF7D3
:105320002BFC0028EED126B339465846FFF7F3FD93
:10533000002805DA17B0BDE8F08FBEB30020F9E70A
:1053400005F57F513F3189B25846FFF7E4FD00284B
:10535000F0DB238FBB42F1D12246013B22F8383FDC
:105360004FF4004102235846EDF732FB00EAE070AB
:10537000E0E7B846B8F5404F29D0238F434504F104
:10538000080515D308F58041019A534689B228468D
:10539000EDF71EFB0028CDDB002ECFD04846EBF703
:1053A000F5FB4A46034641462846DDE70126E1E78C
:1053B0002246022322F8388F4FF400412846EDF7A9
:1053C00007FB0028DEDAB5E76FF01500B2E76FF0F3
:1053D0000B00AFE773B5C36B03630446C3B100F1C1
:1053E00008063046EDF73EF9054670B902230DF187
:1053F00006024FF400413046FFF791FD0028ACBF94
:10540000BDF806304FF400432387284602B070BD34
:105410006FF01205F9E72DE9F0418768FB68044653
:105420000D4616469847BB682BB1324629462046A2
:10543000BDE8F04118476FF05700BDE8F08103F078
:1054400009BD03F0F9BC01460068EEF73DBD08B5A3
:10545000EEF796FDBDE80840EEF7B6BD0A4601211D
:10546000FFF70EBE00210120EEF72EBD08B5EFF7C5
:1054700001F9EEF701FDEEF70BFDEFF763F9FAF72F
:105480005BFE6FF08500704761B662B680F31188ED
:10549000BFF36F8F704772B6002383F31188BFF399
:1054A0006F8FBFF34F8F30BF62B6BFF36F8F704700
:1054B000202809D9B0F1004F08D80138B0FA80F09F
:1054C000C0F11F0040007047082070473E20704721
:1054D00008B5D1E904319847002008BD08B5EFF7B9
:1054E00071FB002008BD7047F4F772BA0023EDF796
:1054F00047BF704737B505460C46002001A9F3F7B2
:10550000B5FC9DF804302B709DF80530237003B076
:1055100030BDEEF7FBBB7047704705207047022097
:10552000704708B501204FF4A07100F087FBBDE87B
:1055300008404FF07F0000F033BB002000F072BB4A
:10554000022100F0E2B81FB50B460E218DF80C10B9
:1055500000218DF80D0001920091022203A8F0F7BE
:105560002DF905B05DF804FB1FB51E238DF80C3036
:105570000023CDE900128DF80D000322194603A87F
:105580008DF80E30F0F71AF905B05DF804FB1FB581
:105590000B4600218DF80C0001920091012203A816
:1055A000F0F70CF905B05DF804FB1FB50023CDE959
:1055B00000128DF80800022202A803A98DF8093014
:1055C000F0F7FCF89DF80D0005B05DF804FB1FB581
:1055D0000B460D218DF80C10010A8DF80D100021DD
:1055E0008DF80E0001920091032203A8F0F7E6F86F
:1055F00005B05DF804FB07B501228DF807100DF129
:105600000701FFF7E4FF03B05DF804FB1FB51D239E
:105610008DF80C30030A8DF80D300023CDE900120F
:105620008DF80E000422194603A88DF80F30F0F70C
:10563000C5F805B05DF804FB07B501220DF10701BF
:10564000FFF7E4FF9DF8070003B05DF804FBF0F7F7
:105650007DBD08B503F009FB0A220023EBF772FABF
:1056600008BD10B5044603F000FB0A220023EBF747
:1056700069FA4FF47A720023EBF714FA228010BD16
:10568000FFF7E7BF012070470A21A0FB0101FCF7EB
:10569000FDBB70477047EFF31183102282F312882D
:1056A000BFF36F8F03607047036883F31188BFF304
:1056B0006F8F7047F0F738B910B504693220EEF7F4
:1056C00083FF04F10C00BDE81040FBF7F5BA10B5FC
:1056D0004FF0B044D4F8943043F40043C4F894300D
:1056E0000021C820FCF7D2FBD4F8943023F4004307
:1056F000C4F894306420BDE810400021FCF7C6BB1C
:10570000002070473220EEF75FBF37B5044640F601
:10571000D8000D46FFF790FF40F01E01C9B240F6D9
:10572000D800FFF768FF012300220721042000F0C2
:1057300045FA382140F6E700FFF75DFF162C6FF0C1
:105740000803A8BF16249C42B8BF1C46022201A928
:105750008E208DF804408DF80550FFF718FF03B038
:1057600030BD38B505460C46F0F778FC611B0131B9
:1057700090FBF1F303FB1100284438BD01380A44C3
:10578000914200D1704711F8013B00F8013FF7E763
:1057900010440A44914200D1704711F8013B00F8CF
:1057A000013DF7E703F056BB82B082B00DF1080C63
:1057B0000CE90600BDF8042003930B44BDF810105B
:1057C0000A4491B212B2B2F57A7FA2BFA1F57A7201
:1057D000013312B20360828002B002B0704782B01F
:1057E00082B00DF1080C0CE90600BDF8042003930B
:1057F000CB1ABDF81010521A91B212B2002ABEBFD5
:1058000001F57A7203F1FF3312B20360828002B0B5
:1058100002B070471FB56B4683E80300002303A85E
:105820000293ADF80C30FFF71CFF009BBDF804108D
:105830000290181ABDF80C30C91A8BB209B20029AF
:10584000BEBF03F57A7300F1FF3019B2F0F730F8FC
:1058500005B05DF804FB1FB50446002303A80293BE
:10586000ADF80C30FFF7FDFE01A902906846F0F795
:1058700025F8029B009ABDF80C101A44019B0B44BA
:1058800099B21BB2B3F57A7FA2BFA1F57A73013248
:105890001BB220462260A38004B010BD37B50023A0
:1058A000044601A80093ADF80430FFF7DAFE6D4618
:1058B000009095E8030084E80300204603B030BD63
:1058C00070B50446FFF7DEFE0123637226680546C5
:1058D000EFF7FCFF2844864203D2EFF7F7FF0544B9
:1058E00025602068BDE87040F0F700B80023C0E9EB
:1058F0000033C0E9031303814361704738B505469F
:105900000846FFF7C6FE04462846F0F75DFCFFF7A1
:10591000B9FEA04238BF2046C5E9000038BD08B531
:10592000FFF7AEFEBDE80840FFF7B4BE38B5044649
:1059300050B1FFF7A5FE05462046FFF7AAFE281A3C
:10594000BDE83840FFF7A6BE38BDFFF79DBE08B5DD
:10595000EFF7E8FE38B9EFF76FFFFFF7DCFDBDE8C2
:105960000840EFF71DBFEFF7DDFE0628F7D1F2E79D
:105970000A4601460020FFF7E6BD08B501460822A9
:105980004FF4D860FFF723FE002008BD07B50122C1
:105990008DF807000DF107018020FFF7F8FD9DF855
:1059A00007302BB90120EFF7C3FE03B05DF804FB0D
:1059B0000220F8E713B504460420EFF7B9FE230CE4
:1059C0008DF804300322230A01A983208DF80530C5
:1059D0008DF80640FFF7DBFD02B010BD10B5144690
:1059E000FFF7C6FF2046BDE81040FFF7E3BF13B541
:1059F00004460520EFF79CFE942140F6AC00FFF72B
:105A0000FAFD230C8DF804300322230A01A9822019
:105A10008DF805308DF80640FFF7B9FD02B010BDD6
:105A200073B5002640F6E2000196FFF705FE00F090
:105A3000FE01054640F6E200FFF7DDFD40F6E50019
:105A4000FFF7FAFD00F07F01044640F6E500FFF79E
:105A5000D2FD6FF07F40FFF7CAFF04220DEB020179
:105A600040F61900FFF7D2FD3046FFF78FFF2946B9
:105A700040F6E200FFF7BFFD214640F6E500FFF7E4
:105A8000BAFD019802B070BD13B504460520EFF7CA
:105A90004FFE962140F6AC00FFF7ADFD230C8DF8CC
:105AA00004300322230A01A982208DF805308DF8E5
:105AB0000640FFF76CFD02B010BD07B5030C8DF872
:105AC0000030030A8DF801300B0C49BA8DF8020042
:105AD000ADF804100622694694208DF80330FFF7D4
:105AE00056FD0620EFF724FE03B05DF804FB08B571
:105AF0000022C5201146FFF74AFDBDE808400720F7
:105B0000EFF716BE08B50022D1201146FFF73FFD82
:105B1000BDE808400420EFF70BBE07B501228DF861
:105B200007000DF107019F20FFF731FD03B05DF87D
:105B300004FBF82873B5044628BFF8240134C4F3E5
:105B400046031F2B1C46C6BF0334012500254FF01A
:105B50000102C8BFC4F3870402EB4503064604FAFA
:105B600003F30DF10701A0208DF80730FFF70FFDBB
:105B700046B105EBC401C9B240F206708DF80710BA
:105B8000FFF739FD02B070BD07B501228DF807009F
:105B90000DF107019620FFF7FAFC03B05DF804FB56
:105BA00007B500F07F008DF8070001220DF1070115
:105BB0008920FFF7ECFC03B05DF804FB07B58DF816
:105BC000062004228DF804008DF8051095200DEBB9
:105BD00002018DF80730FFF7DAFC03B05DF804FB33
:105BE00007B552BAADF8042040BA082249BAADF858
:105BF0000000ADF802105BBA69461046ADF80630F9
:105C0000FFF7C5FC03B05DF804FB07B5022201A94C
:105C10001220FFF7CAFCBDF8040040BA80B203B0FE
:105C20005DF804FB07B501228DF807000DF10701AF
:105C30009D20FFF7ACFC03B05DF804FB07B50B0C2F
:105C4000042200F0070049BA8DF80400ADF80610F0
:105C500097200DEB02018DF80530FFF798FC03B09B
:105C60005DF804FB37B504460D46FFF758FC0128E4
:105C7000034620D10F2C02464FF000010ED1062022
:105C8000FFF79CFF0E24022201A98E208DF804400C
:105C90008DF80550FFF77BFC03B030BD0420FFF703
:105CA0008DFF6FF01003A342B8BF23460E2BA8BF91
:105CB0000E231C46E7E740F6D800FFF7BDFC40F096
:105CC0001E01C9B240F6D800FFF795FC012300225F
:105CD00007210420FFF772FF6FF008039C42B8BF52
:105CE0001C46162CA8BF1624CDE707B502228DF856
:105CF00004008DF805108F2001A9FFF748FC03B0C0
:105D00005DF804FB07B5012201A91520FFF74DFC42
:105D10009DF804004042401003B05DF804FBF7B565
:105D20000D46064600240DF10701284617468DF85A
:105D30000740F0F701FC2A78BA4207D89DF807001F
:105D40003146FFF711FC204603B0F0BD0120FBE710
:105D500007B5022240BAADF8040001A91046FFF7CA
:105D600016FC03B05DF804FB012070470020FFF72C
:105D70000DBEF0F7FDBA80B2FFF75EBC80B2FFF750
:105D80003ABC08B54FF00400F0F788FABDE80840C7
:105D90000220FFF7DABDFFF790BE80B2FFF736BCF6
:105DA00080B2FFF714BC08B54FF4C07100231A4647
:105DB0000846FFF715FFBDE80840FFF798BE08B595
:105DC000FFF7A0FF08BD08B5FFF7A7FB033008BD2C
:105DD0002DE9F04104468AB000200D4617461E46C4
:105DE000F0F750FE2046F0F7C3FA00244FF0010808
:105DF00003234FF4167229462046CDE90848CDE921
:105E00000644CDE90444CDE90244CDE900532346DC
:105E1000F0F748FE2046F0F74BFD4046FFF795FDB2
:105E2000FFF77DFD04462046FFF780FDB04206D314
:105E30000124FFF7A6FF20460AB0BDE8F081FFF776
:105E400061FF8742EFDA0024F3E708B5F0F708FEB8
:105E500000231A4619461846FFF7C2FEBDE808405F
:105E6000FFF7DEBD30B585B001A90446092240F236
:105E70009F20FFF7CBFB9DF8043001A80021CAB298
:105E8000934217D8032B20D85A1C8DF8042004A95C
:105E9000022203FB0211200A01F80B0C04A902FBE9
:105EA000031340F29F2003F80A4C092201A9FFF7CF
:105EB0008EFB0AE002464578927802EB0522944276
:105EC00001F1010100F10200D9D105B030BD0A781D
:105ED0000378534003704A784378534043708A787C
:105EE000837853408370CA78C3785340C3700A796B
:105EF0000379534003714A794379534043718A7956
:105F0000837953408371CA79C3795340C3710A7A44
:105F1000037A534003724A7A437A534043728A7A2F
:105F2000837A53408372CA7AC37A5340C3720A7B1E
:105F3000037B534003734A7B437B534043738A7B09
:105F4000837B53408373CA7BC37B5340C3737047C7
:105F500010B50B7814786340037054784B78634025
:105F6000437094788B7863408370D478CB786340A7
:105F7000C37014790B796340037154794B79634092
:105F8000437194798B7963408371D479CB79634081
:105F9000C371147A0B7A63400372547A4B7A63406C
:105FA00043728B7A947A63408372D47ACB7A63405B
:105FB000C372147B0B7B63400373547B4B7B634046
:105FC0004373947B8B7B63408373CB7BD27B534047
:105FD000C37310BD10B5102204460021F130FFF745
:105FE000E1FB0021C4F814112046F022BDE8104066
:105FF000FFF7D8BB024608461021F0F74BBF2DE94A
:10600000F0430446D0F8140185B00E46154604F25C
:10601000011988B3C0F110089045474628BF1746BC
:10602000BAB24844FFF7AAFBD4F814313B440F2B13
:10603000C4F814312DD9A8452BD204F1F00304F58E
:10604000807113F8012F187C8B4282EA00021A70CB
:10605000F7D104F1F108102241466846FFF78EFBA4
:10606000224669466846F0F797FF10226946404687
:10607000FFF784FB3E44ED1B04F5807804F1F10743
:10608000102D09D8AAB231464846FFF777FBC4F86D
:10609000145105B0BDE8F08304F1F003711E13F84C
:1060A000012F11F8010F434582EA00021A70F6D160
:1060B000102239466846FFF761FB2246694668466A
:1060C000F0F76AFF102269463846FFF757FB103693
:1060D000103DD5E7F0B589B00C46102200210546E9
:1060E0006846FFF75FFB224669466846F0F754FFB3
:1060F0009DF90030002B6A464FF0000143DA137817
:1061000012F8010F01315B0043EAD0130F2902F8A6
:10611000013CF4D19DF80F305B0083F08703D4F885
:106120001401DBB210288DF80F303BD104F58073D9
:10613000694604F5887013F8016F11F8012B984235
:1061400082EA06021A70F6D104F1F00304F58071B8
:1061500013F8012F187C8B4282EA00021A70F7D1E3
:1061600010220DEB020004F1F101FFF707FB2246BC
:10617000294604A8F0F710FF102200216846FFF717
:1061800011FB09B0F0BD137812F8010F01315B006B
:1061900043EAD0130F2902F8013CF4D19DF80F30E7
:1061A0005B00BCE79DF90030002B6A464FF0000110
:1061B00037DA137812F8016F01315B0043EAD61326
:1061C0000F2902F8013CF4D19DF80F305B0083F0F9
:1061D0008703471CDBB28DF80F30102F04EB000350
:1061E000C0F10F064FF0800288BF002600F58170D5
:1061F00083F801210021324620443E4402F02AFE69
:10620000C4F8146104F58073694604F5887013F8C6
:10621000016F11F8012B984282EA06021A70F6D13A
:1062200092E7137812F8016F01315B0043EAD6134D
:106230000F2902F8013CF4D19DF80F305B00C8E74C
:106240007E2B01D8F1F70EB80320704730B50D460C
:1062500085B01446014668B103AA002000922A4680
:106260000390F0F7FFFF18B90398001B18BF012037
:1062700005B030BD0220FBE709B1F1F7D1B802202B
:1062800070471FB51446A0B100237F2ACDE9003323
:10629000CDE9023301D108290DD10A466B46102100
:1062A000F1F780F818B969462046F1F7B9F804B05B
:1062B00010BD0220FBE70320F9E72DE9F04F91B074
:1062C000DDE91B649DF8685081468A46174698466A
:1062D000002B6CD0002E6AD0002C68D0212D68D8FD
:1062E000FF2819462A4630460CBF4FF0010B4FF0ED
:1062F000030BFFF743FA691E5A46731C89B208F173
:106300000100F1F74FF88346002854D196F80B802E
:1063100073194FEAD81884F8008013F8024C13F868
:10632000031C13F8042C13F8013C240444EA012450
:10633000144344EA0364B8F1000F0CD1291F012370
:10634000224689B23046FFF781FF003818BF01208E
:1063500011B0BDE8F08FCDE901000390082251464D
:106360000DF105008DF80490FFF712FA8DF80D700D
:10637000292259463F0A05A88DF80E70CDF810B0B5
:1063800002F068FD0C2201A904A8FFF7F7F92A46DC
:1063900031460DF11B00FFF7F1F902232246E91DFA
:1063A00004A8FFF753FF002818BF4046D0E702209B
:1063B000CEE70520CCE70720CAE7FFF79AB8D8B1A7
:1063C000D1B1037B1B0707D090F8203083B990F838
:1063D00028307BB11720704790F8283053B190F8DF
:1063E0002030002B14BF032302230B7000207047C2
:1063F0000023FAE70123F8E7032070472DE9F04F67
:106400008BB08A460093149B416890F90C8090F9F8
:106410000D6090F80EB01960477804469146002F41
:1064200058D002238DF8103004A9C37B007C8DF86E
:10643000123000F068FBB4F808C0618943B26068AC
:10644000984545466144B8BF1D46604534BF0027A6
:106450000127884209D30A218DF81010207C01936E
:1064600004A900F050FB019B46B2B4F808C0608953
:1064700061680CEB400E714519D3A1EB0C01B1FB27
:10648000F0FC00FB1C1191B9984503DC2378CBB9D3
:106490004FF0010B20238DF81030207CE37B8DF82A
:1064A000115004A98DF8123000F02DFB45B2009B6D
:1064B0008AF80050384689F8006083F800B00BB0C5
:1064C000BDE8F08F0223207C8DF8243006A900F06F
:1064D0002AFBDDE74546EAE770477047704770479B
:1064E00000207047704770477047002070470020B9
:1064F00070470020704700207047002070477047A9
:106500007047704702207047022070470220704792
:106510007047002070477047704700207047002088
:106520007047704770477047F0B50C4685B0054618
:106530001F46114662B3062806D0072806D0052854
:1065400024D00120012603E00420FBE702200026DE
:106550000023CDE9013303938DF80000230A8DF861
:106560000140082201A8240C8DF802308DF8034068
:10657000FFF70EF92A4631466846ADF80C70FFF772
:1065800080FE002818BF0E2005B0F0BD0320D9E71B
:106590000920F9E71FB507284FF00004CDE90244B0
:1065A0000CBF022401248DF800408DF801100C0A64
:1065B000ADF80420090C120C8DF803108DF806209C
:1065C0008DF8073002461B0A012168468DF802400B
:1065D0008DF80830FFF755FE002818BF0E2004B0D4
:1065E00010BD2DE9F04188B090460D460F9A074640
:1065F000002847D000240121CDE904448DF8101073
:106600009DF838108DF81510ADF81630190CCDE93D
:1066100000441B0ECDE902448DF81930ADF81A2064
:10662000130C120E07948DF818108DF81C308DF88D
:106630001D20E3B21E01002DF6B203DC002008B0DD
:10664000BDE8F081013310218DF81F3042466B46C2
:106650000DEB0100F0F7A6FE0346A8B9102D284661
:106660003E44A8BF10206946327811F801CB0133AF
:1066700082EA0C02984206F8012BF5DC103D2DB29F
:106680000134D6E70920DAE70E20D8E71FB500234A
:106690007F2208216846CDE90033CDE90233FFF7B8
:1066A000F0FD002818BF0E2005B05DF804FB70B5A2
:1066B00086B00C46DDE90A651346014630B3B4F5F1
:1066C000807F25D84922300C02920022ADF80C20A0
:1066D0008DF810008DF81620280C0C9AADF80E607D
:1066E000ADF812508DF814000092360E2D0E224691
:1066F00002A88DF811608DF815508DF81740FFF73E
:106700009FFD002818BF0E2006B070BD0920FBE7D2
:106710000D20F9E713B500230C460193CAB101A976
:10672000F4F758FA18B9019B591C02D1146002B051
:1067300010BD99B2611A002901DD5C18F6E702D19B
:1067400013600720F3E71B0C1B0403F580331C4484
:10675000ECE70920EBE71FB5B1B90128CDE900113D
:1067600008BF2023CDE902114FF008024FF00001CD
:10677000684608BF8DF80030FFF783FD002818BF7A
:106780000E2005B05DF804FB0A20FAE710B50446B8
:10679000002845D00168002942D011F8013B43711F
:1067A00003220630FEF7EAFF2046032250F8091BB9
:1067B0000431FEF7E3FF2168CB79E3600A7A43EA0C
:1067C0000223E3604A7A43EA0243E3608A7A43EAB7
:1067D0000263E360CB7A23740B7B63742379212BF0
:1067E0001AD110220D3104F11200FEF7C7FF1D224D
:1067F0002168501C8B5C6362085C43EA0023901C98
:106800006362085C033243EA004363628A5C43EAE2
:1068100002636362002010BD112B03DC0D22E7E749
:106820000220F8E70120F6E710B50446002854D00E
:106830000168002951D00B7843714B7883608A78C6
:1068400043EA02238360CA7843EA024383600A79F9
:1068500043EA026383604B7903738B79C381CA79FE
:1068600043EA0223027BC38102F00F020831103099
:10687000FEF784FF237B002203F00F0384F820201F
:1068800084F82820227903F10800111A04290DDD6B
:1068900021680933043AD21A085C84F82000D2B285
:1068A000606A84F828201944FEF768FF237922687B
:1068B0001A44002012F8043CE36212F8031C43EA75
:1068C0000123E36212F8021C43EA0143E36212F877
:1068D000012C43EA0263E36210BD0220FCE710B51D
:1068E000044660B3036853B30279162A29D9427962
:1068F0001A700146082251F8060B0130FEF748FFD6
:106900002146082251F80E0B0930FEF741FF23689B
:10691000E28A5A74E38A22681B0A93742368A26984
:10692000DA74A36922681B0A13752368628B5A758F
:106930002368E27E9A7517232371002010BD012081
:10694000FCE70220FAE710B5044600282FD00368C0
:106950006BB30279172A2CD942791A7003688279AD
:106960005A700146082251F8070B0230FEF710FF5B
:106970002146082251F80F0B0A30FEF709FF236861
:10698000228B9A74238B22681B0AD3742368E269D2
:106990001A75E36922681B0A53752368E28B9A759E
:1069A0002368E27FDA7518232371002010BD0120CF
:1069B000FCE70220FAE710B5044600282FD0036850
:1069C0006BB30279122A2CD942791A700368827942
:1069D0005A700146032251F8070B0230FEF7CEFE33
:1069E0002146082251F80A0B0530FEF7D1FE236834
:1069F000628A5A73638A22681B0A937323686269E6
:106A0000DA73636922681B0A13742368E28A5A7472
:106A10002368E27D9A7413232371002010BD0120A6
:106A2000FCE70220FAE738B50446002863D0016885
:106A3000002960D0037B90F8282003F00F03002A80
:106A400057D10833207904321344984255D36379DF
:106A50000B702368A2685A70A36822681B0A93709F
:106A600023686289DA702368E27A1A712368227BCC
:106A70005A712368E2899A71E38922681B0A2146C8
:106A8000D371227B51F8100B02F00F020830FEF791
:106A900075FE237B94F8282003F00F0303F108050B
:106AA0002AB1226894F82010515503F10905206895
:106AB00094F82820616A2844FEF760FE94F8283094
:106AC0002268E16A2B44D1545A1CE16A206892B2D0
:106AD000090A81549A1C2168E08D92B28854DA1C0C
:106AE000216894F82F0092B2043388542371002057
:106AF00038BD0933A6E70120FAE70220F8E7431F73
:106B0000584258417047052882B003D1084602B068
:106B1000F4F742BD002002B07047052802D10846B4
:106B2000F4F7CABD7047052802D10846F4F7E0BD66
:106B300070470346052B0846114601D100F074BA90
:106B400000207047052802D1084600F0B4BA70470B
:106B5000052802D10846F4F731BE0020704710B472
:106B60000446052C084611461A46019B02D110BC6A
:106B7000F4F73EBE10BC70470346052B084611468D
:106B800001D1F4F767BE0020704710B40446052C0D
:106B9000084611461A4602D110BCF4F7C7BE0020C1
:106BA00010BC704730B40546052D084611461A46FC
:106BB000DDE9023403D1029430BCF4F73BBF00207E
:106BC00030BC7047052802D1084600F052BA0020B8
:106BD0007047052802D1084600F0B3BA002070477C
:106BE000052802D1084600F062BA00207047052847
:106BF00002D10846F4F7CCBF002070470346052BAE
:106C00000846114601D100F055BA0020704710B473
:106C10000446052C084611461A46019B02D110BCB9
:106C2000F4F7E2BF092010BC704710B40446052CED
:106C3000084611461A4602D110BC00F0A3BAC8B2E9
:106C400010BC7047F0B59A42069D03DB9DF91430E5
:106C50009A4220DD0020F0BD03EB430331F814C05D
:106C600005EB830300264CFA06F7FF0707D51F7ACA
:106C700007F00F0E964502DCB2EB171F0DDD013653
:106C8000102E03F10C03EED10134E4B22301DBB288
:106C90009842E1D8DEE70024F8E70120DBE78842EC
:106CA00004DB9042CCBF00200120704700207047D9
:106CB00010B51409B4EB111F03464FEA11100ED39F
:106CC00091420CD202B201F00F0133F812400120C0
:106CD00000FA01F124EA010123F8121010BD00208E
:106CE000FCE7F0B528B100EB4105012700209142F7
:106CF00000D3F0BD002435F802CB234607FA04F692
:106D000036EA0C0608BF013304F1010408BFDBB208
:106D1000102CF3D118440131C0B2C9B2E7E710B565
:106D200000B149B910BD31F8134020F813400133C8
:106D3000DCB2A242F7D8F5E70023F9E782B001936D
:106D400003885AB9642B38BF6423C26859438A4206
:106D50008CBF521A0022C26002B07047012B38BFAC
:106D60000123F2E70378032B14D1437803F00F02D9
:106D70001B098A704B7083788B80C27843EA0223A8
:106D80008B800379C3F3021203F00F03CA700B70F8
:106D900005207047002070472DE9F3479846437956
:106DA000057990F907609146044690F906208A46D5
:106DB00083B190F9087075B30F2A12D194F90920A4
:106DC0000F2E1ED194F90A60072D24D1002F08BF81
:106DD000012720E090F90B7090F9092090F90A60E2
:106DE000E9E7A369019394F91530009394F91430FD
:106DF0002169207BFFF726FF0028E1D105F0FD0582
:106E0000DEE794F91D30B3420FDC94F91C30B34235
:106E1000DADA05F0FB0528468AF8002089F80060D8
:106E200088F8007002B0BDE8F0871E46CCE74FF44A
:106E3000FA53B3FBF0F0704730B54FF47A750C1F7E
:106E40006A4300FB042252001EBF00F1FF341219F6
:106E5000B2FBF0F2914238BF1146039A11608200F2
:106E600048431CBF013040084FF47A71121A01FBED
:106E70001323002BCABF03F2E73393FBF1F1B3FBFB
:106E8000F1F1049B196030BD38B5400014460D4641
:106E9000E9F7C4FB01462846E9F70EFB2146E9F76E
:106EA0000BFBFDF70DFCE9F7D7FD40B238BD2DE92E
:106EB000F74F019300239C469E46048A1E01F6B2BA
:106EC000B44246D906EB46054FEA4309AD0000241B
:106ED000476837F809702741FF0729D5876807EB0E
:106EE000050A7F5927B3077837B9476927B137F8BB
:106EF00009702741FF071BD59AF8087090F901B077
:106F000047F303084FFA88F8D84511DC47F3031715
:106F10007FB25F450CDB9AF8097007EB4708C7683A
:106F200007EBC8073F7D5FB90CF1010C5FFA8CFCE1
:106F30000134102C05F10C05CAD10133DBB2BCE7DA
:106F40000EF1010706EB040801F80E805FFA87FED8
:106F5000EEE7019B82F800E083F800C003B0BDE8D3
:106F6000F08F2DE9FF4704464068DDE90C671D46B8
:106F70008A469146FEF7DAFC23681B1A3B604FF005
:106F800000080123337085F80080636813B123681B
:106F9000834224D8CAF80080D4F81CC0A3699CF8A6
:106FA00000E00393D4E9030101AB83E80300237DF0
:106FB0000093DCF80C10237A627A7046F4F7ECF94F
:106FC00038603346E0692A464946FFF770FF2B7860
:106FD0002BB1C7F80080002004B0BDE8F0873378FB
:106FE000002B0CBF0C200B20F6E737B590F90020E2
:106FF00090F90250954204460FD0013A52B29542A0
:107000000BD0A368019394F9013000936168E07894
:107010002B46FFF717FE0028EFD0104603B030BD17
:107020008842B8BF0846704707B50E291FD8DFE869
:1070300001F00C1E1E1E1E1C121C1E1C1C1E1E1EE1
:107040000800012003B05DF804FB0DF107010068A2
:10705000F4F754FAF6E7052290F900000021FFF753
:107060001EFE003818BF0120ECE70722F4E70020DD
:10707000E8E737B505460DF107014068F4F73EFA39
:107080000722841D002195F90000E4B2FFF707FEF6
:1070900008B904F0FD0495F9010005220021FFF76D
:1070A000FEFD08B904F0FB04204603B030BD4FF0EC
:1070B000FF30704770472DE9F04186B050238DF8BE
:1070C0001430037A102B80462ED14368DB7B5BBBE8
:1070D00003211C466427072901F1010603F103057A
:1070E00015D8D8F80400C25C03921844437842EAE9
:1070F00003230393827843EA02437B43CDE90334BD
:10710000ABB968468DF80010F4F748FE16E0684603
:107110008DF8001003948DF814400494F4F73EFEAB
:10712000F1B210292B46D6D106B0BDE8F08103ABF1
:1071300001A801938DF80810F4F7D0FDF1B22B46A9
:10714000C9E71FB502680379116849B901A88DF82C
:107150000430F4F723FE78B1032005B05DF804FB9A
:1071600002A802928DF80C30F4F7B8FD042805D07F
:10717000052805D00028EFD00020EEE70220ECE73C
:107180000120EAE7881A40B220EAE070C0B27047F6
:1071900013460A460121FDF77CBF08B506220121EE
:1071A0000020F4F7C9FE002211460620EDF72EFA62
:1071B000012108460722F4F7BFFE002211460720EE
:1071C000EDF724FA082201210220F4F7B5FE00228F
:1071D00011460820EDF71AFA092201210320F4F7DD
:1071E000ABFE002211460920EDF710FA0A22012118
:1071F0000420F4F7A1FE002211460A20EDF706FA5A
:10720000052108461622F4F797FE002211461620A3
:10721000EDF7FCF9292206210A20F4F78DFE002261
:1072200011462920EDF7F2F9002008BD01F01F01F9
:1072300001208840704700F00302043292000F23BF
:10724000934043EA900010B500F003039B0003F164
:10725000804303F58033020C9C6892FAA2F2B2FAE2
:1072600082F202F00F0224EA10409140014399603B
:1072700010BD08B5002212201146EDF7C7F9BDE890
:1072800008401220EDF792B90A460121FDF7F8BE39
:107290000268936823F0004323F0170343F0004390
:1072A00093609368002BFCDB7047D0E92832C0F86C
:1072B000A8205B681A68936823F0004323F0170343
:1072C00043F004039360704710B403460838BFF3DB
:1072D0005B8F50E8002F511C40E80014002CF8D1BF
:1072E000BFF35B8F12B910BCFFF7DFBF6FF00F0267
:1072F00010BC9A66704738B58368DA07044612D422
:1073000001230360836823F0004323F0170343F055
:10731000010383600A252368DB0704D4642001F09D
:107320008EFB013DF7D138BD8368DB0718D5836834
:1073300059070AD5836823F0004323F0170343F06D
:107340001003836083685A07FCD4836823F00043EA
:1073500023F0170343F0020383608368DB07FCD448
:1073600070474FF0B0431868C0F3802070470B8817
:10737000C3F30B0303F6B872C2F30B021C2A82B0EC
:1073800010D803F1B04348681A6802431A600B88AA
:10739000C3F30B0303F1B04300201B680193019B6F
:1073A00002B070476FF08500FAE70B88C3F30B0358
:1073B00003F6B872C2F30B021C2A9FBF03F1B0435D
:1073C00049681A688A439ABF00201A606FF08500E6
:1073D000704701380A2809D840F2EF63C34013F020
:1073E000010F14BF00206FF0850070476FF085001B
:1073F000704738B50888C0F30B00FFF7EAFF002894
:107400001EDB4A68FF2A1AD090B2C2F3415500F140
:10741000B04001350123AB400468C2F30442013B94
:10742000934024EA030303604A6891B201F1B0413A
:10743000130E0868C2F30442934003430B6000201C
:1074400038BD0888C0F30B0008B500F6B873C3F365
:107450000B031C2B08D800F1B0404B680268934323
:1074600014BF0120022008BDFFF7B3FF002814BF9E
:1074700001200220F7E77047704713460A460121B2
:10748000FDF707BE002208B511460B20EDF7BEF848
:107490000B20EDF78BF8002211460C20EDF7B6F823
:1074A0000C20EDF783F8002211460D20EDF7AEF821
:1074B0000D20EDF77BF8002211460E20EDF7A6F81F
:1074C0000E20EDF773F8002211460F20EDF79EF81D
:1074D0000F20EDF76BF8002211461020EDF796F81B
:1074E0001020EDF763F8002211201146EDF78EF819
:1074F000BDE808401120EDF759B8002208B5114643
:107500003620EDF783F83620EDF750F800221146CB
:107510003720EDF77BF83720EDF748F800221146C9
:107520003820EDF773F83820EDF740F800221146C7
:107530003920EDF76BF83920EDF738F800221146C5
:107540003A20EDF763F83A20EDF730F800221146C3
:107550003B20EDF75BF83B20EDF728F800223C20BC
:107560001146EDF753F8BDE808403C20EDF71EB892
:1075700013460A460121FDF78CBD70B505460E463F
:1075800041F28A3431462846F5F7A2FF40B1013C6A
:1075900004D000210A20FAF779FCF3E76FF00F001E
:1075A00070BD38B505690C462846F5F76BFE2146D7
:1075B0002846F5F74BFE21462846BDE8384000F046
:1075C00027B92DE9F04143685A69D3F810804C1E61
:1075D000A242064619D9DD6905EB44156F7A27B139
:1075E0000023AB720020BDE8F08121464046F5F74C
:1075F00061FF0028F6D070682146FFF7D2FF2146D0
:107600004046FFF7BAFFAF72ECE76FF01500EAE70C
:10761000F8B54668736937694C1EA342054613D90D
:1076200021463846F5F746FF60B9F36903EB44138A
:1076300001229A7268682146FFF7B3FF2146384657
:10764000F5F72AFF0020F8BD6FF01500FBE70021D9
:10765000F5F7F6BBFFF7FBBF0121F5F7F1BBFFF72D
:10766000FBBF0221F5F7ECBBFFF7FBBF0321F5F7EA
:10767000E7BBFFF7FBBF0421F5F7E2BBFFF7FBBF5A
:107680000521F5F7DDBBFFF7FBBF0621F5F7D8BBFA
:10769000FFF7FBBF006800F0010070470068C0F30F
:1076A000001070470068C0F3002070470068C0F306
:1076B000003070470068C0F3004070470068C0F3B6
:1076C000005070470068C0F3006070470068C0F366
:1076D000400070470068C0F3401070470068C0F376
:1076E000402070470068C0F3403070470068C0F326
:1076F000404070470068C0F3405070470068C0F3D6
:10770000406070470068C0F3800070470068C0F3B5
:10771000801070470068C0F3802070470068C0F395
:10772000803070470068C0F3804070470068C0F345
:10773000805070470068C0F3806070470068C0F3F5
:10774000C00070470068C0F3C01070470068C0F305
:10775000C02070470068C0F3C03070470068C0F3B5
:10776000C04070470068C0F3C05070470068C0F365
:10777000C060704702234360704720234360704716
:107780004FF40073436070474FF4005343607047F9
:107790004FF40033436070474FF400134360704769
:1077A0004FF00073436070470423436070474023E9
:1077B000436070474FF48063436070474FF48043E9
:1077C000436070474FF48023436070474FF4800359
:1077D000436070474FF08063436070470823436005
:1077E00070478023436070474FF4006343607047E5
:1077F0004FF40043436070474FF4002343607047E9
:107800004FF40003436070474FF0006343607047DC
:10781000F5F790BD0020704710B50446F5F79CFEC3
:1078200020B12046BDE81040F9F746BA10BDF7B5C3
:107830001C461646002382682360A36053690D46E8
:1078400001AA69469847019B5A1E01921BB96FF025
:10785000150003B0F0BD0098A26847682168676012
:1078600085B9B31AD0F800C0634528BF63461A44EF
:1078700003FB07112160A26002689A4206D8083013
:107880000090E0E76B1AB3FBF7F3EBE70020E0E7CB
:1078900013460022FFF7CBBF2DE9F047836886B07F
:1078A0005B698846914601A902AA98470024A2462E
:1078B0002546029BAB4202D806B0BDE8F087019F87
:1078C00007EBC50700267B6804933A68B2420AEBCF
:1078D000060302D801359A46EBE70394059349461F
:1078E00003A8C0470028E7D0049B01361C44ECE7FE
:1078F0004FF0FF324FF0FF330430F8F70DBF7FB584
:1079000006460D4614461BB141EA02035B0710D13F
:1079100001AA29463046FFF7BBFF50B9013C01AA36
:1079200061193046FFF7B4FFB0FA80F0400904B0A7
:1079300070BD0020FBE770B51C46164600232246AA
:107940000D46FFF7DCFF28B921462846BDE8704008
:10795000F6F7A4B82CB1224605F10061304601F0DB
:107960006BFA002070BD0020704708B50069043034
:107970000122114601F093F8FFF7F5FF00EAE070ED
:1079800008BDF8B5054600690E461746FFF7B0FF7B
:1079900000212846F6F7CAF8044648B101212846D6
:1079A000F6F7C4F828690430F8F732FE2046F8BD2F
:1079B0003A463146284600F032F80121044628466E
:1079C000F6F7B4F8002C08BF0446EBE72DE9F041C8
:1079D000054600690E4617469846FFF789FF0021C5
:1079E0002846F6F7A3F8044650B101212846F6F7D9
:1079F0009DF828690430F8F70BFE2046BDE8F081B9
:107A000043463A4631462846F6F7FAF8012104463D
:107A10002846F6F78BF8002C08BF0446E9E7F8B5CE
:107A2000551E0D440646CF12ED120020BD4200D275
:107A3000F8BD33691C686369002B48DB3046F6F7F4
:107A40003FF80028F4DB23685A050FD5236823F498
:107A500080632360236843F480532360236823F406
:107A600080532360236843F48063236023689B056D
:107A70000FD5236823F400732360236843F4006365
:107A80002360236823F400632360236843F40073B6
:107A90002360636943F002036361636923F47E73C7
:107AA00063616269FB0003F47E731343636163697E
:107AB00043F48033636130466369F6F701F8636924
:107AC000002823F002036361B2DB0137AEE76FF0F9
:107AD0000400ADE743685B681B690B6000207047DA
:107AE00043685B68586942400A4042405A6100203E
:107AF000704743685B6800209961704743685B6822
:107B000000209962704743685B685A695140596127
:107B100000207047F0B544680120676888401E4621
:107B2000C2F3801327EA00078B403B43636090FA5F
:107B3000A0F7B7FA87F7D4F808C04FF0030E7F001C
:107B40000EFA07F72CEA070C90FAA0F7B7FA87F7B6
:107B5000C2F3C1137F00BB4043EA0C03A36090FA59
:107B6000A0F3B3FA83F3E7685B000EFA03F327EAA6
:107B7000030790FAA0F3B3FA83F302F030055B0039
:107B8000C2F341229A403A43202DE26016D10729E0
:107B90002BD890FAA0F3226A2BB3B3FA83F39B009D
:107BA0000F2101FA03F322EA030290FAA0F3B3FAD9
:107BB00083F39B0006FA03F31343236290FAA0F3C6
:107BC000B3FA83F3226890FAA0F05B000321B0FAC5
:107BD00080F02D0901FA03F3400022EA03038540F7
:107BE0001D432560F0BD2B46D9E7030A616A93FA6D
:107BF000A3F282B1B2FA82F292000F2793FAA3F3B2
:107C0000B3FA83F307FA02F29B0021EA02029E40D4
:107C100016436662D2E72A46EEE712F4003CF8B556
:107C20000C4613461DD0960714D555075CD5502237
:107C3000D90611D542F4007203F4C061B1F5806F2A
:107C400042D0B1F5C06F19D0B1F5007F18D142F024
:107C5000800215E01022EBE79F06EDD542F480622A
:107C6000EAE7D60305D5D50605D4C2F34012920241
:107C7000E2E73022E0E74FF40072DDE742F4C07241
:107C800013F44036056908D02F6927FA04F1C907B3
:107C90005FBF0121A14039432961BCF1000F06D02B
:107CA0001F03416813D549680123A3408B614068D5
:107CB00000232146FFF72EFF26B92B6923FA04F291
:107CC000D2070BD40020F8BD42F48072D8E75F03DE
:107CD00041BF01234968A3408B62E8E70122A2402B
:107CE00023EA02032B61EDE76FF08500EBE7F8B5BF
:107CF0001F46044640680E461546FFF70BFF112F3E
:107D000008D1012303FA06F663685B682A054CBFB5
:107D10009E619E620020F8BD08B500221146202019
:107D2000ECF774FC2020ECF741FC002221201146E6
:107D3000ECF76CFCBDE808402120ECF737BC2DE9DE
:107D4000F74398460B7A066943F0040315460B7215
:107D500007460C460B460122AA420AD906F1180929
:107D60004FF0FF324FF0FF334846F8F7D5FC0026BE
:107D700020E00AD2197A187D81EA000C1CF0010F6C
:107D800001D040071FD589071DD401320C33D2B270
:107D9000E2E7012D14BF04F114030023CDE90038FC
:107DA000384694E80E00F6F7B7FA061E04DB013DEC
:107DB0000C34EDB2002DECD14846F8F729FC3046E2
:107DC00003B0BDE8F0836FF01506F8E7036993F898
:107DD00060200AB9F6F764B81B6B0B60002070478F
:107DE000F6F778B900F01FB843680169DB681A68D4
:107DF00022F002021A601A6822F004021A601A685D
:107E000022F020021A601A6822F010021A601A6822
:107E100022F040021A6091F861201AB91A6822F023
:107E200080021A60704710B543680469DA68936984
:107E30009B050DD5D36943F40073D36101236364BB
:107E4000FFF7D2FF2046F8F7E3FB6FF0040010BD08
:107E5000936913F4807306D0D36943F48073D361BC
:107E60000123E364ECE71846F1E730B503681360DB
:107E70000579046804EBC504A34202D36FF0010046
:107E800030BD5C798C4201D00833F0E70020F7E781
:107E90004368C1F34B101B6801F01F01C058012358
:107EA0008B40034214BF012300231370002070474E
:107EB00010B54368C1F34B101A6801F01F018458D4
:107EC00001238B4023438350002010BD10B543682D
:107ED000C1F34B14186801F01F01235801228A4096
:107EE00023EA02032350002010BD38B504460D4696
:107EF000FFF7DEFF29462046FFF7E8FF002038BDE8
:107F000010B5212914460369426818D11968B3F9DC
:107F10003A3089680889584313684FF47A72584395
:107F200040F6FF7390FBF3F00023C117E8F7BAFDAA
:107F30004FF47A735A4320606260002010BD6FF0E6
:107F40008500FBE710B521291446436802691BD15F
:107F5000B2F93A201AB9BDE81040F6F75BBC1968CF
:107F60000888197A5B6808415843002390FBF2F0B7
:107F70004FF47A72C117E8F795FD4FF47A735A43BC
:107F800020606260002010BD6FF08500FBE7836811
:107F90009B68184783689B6903B118476FF05700C7
:107FA0007047B0F5805F07D0B0F1805F09D100293C
:107FB00014BF012002207047002914BF03200420B1
:107FC0007047002914BF02200320704743681B68D4
:107FD000D869DA69D107DA69C0F3C00048BF40F058
:107FE00002009207DA6948BF40F004005107DA69DD
:107FF00048BF40F02000D20542BF4FF4807240F0ED
:1080000008001A62C10744BF08221A62820744BFEF
:1080100001221A62410744BF02221A62820644BF4B
:1080200004221A62704743681B68D86910F0800008
:108030001CBF1868C0F38010704743681B68D8697C
:10804000C0F38010704743681B68D869C0F34010C4
:108050007047012070470369C3E902120022C3E997
:1080600005227047436913B1826900691847704758
:1080700010B586B004461422002101A800F0EAFEE3
:1080800002238DF80430E36E626F0293A36F0392B4
:108090009B1A94F82B200493D20602D4A26F626735
:1080A0001BB101A92046FFF7DDFF06B010BD10B5DA
:1080B00086B004461422002101A800F0CBFE032361
:1080C00001A920468DF80430FFF7CCFF06B010BDA3
:1080D00010B586B004461422002101A800F0BAFEB3
:1080E00004238DF8043001A9E36E02932046FFF7C4
:1080F000B9FF06B010BD03690020C3E90512C3E94A
:108100000200704730B50369EFF31184102080F34B
:108110001288BFF36F8FD3F8500148B993F8B0506D
:108120004DB1C3E9541284F31188BFF36F8F30BD92
:108130006FF00F00F7E76FF00C00F4E7FCF7A0BF5B
:1081400008B5002224201146ECF760FABDE808408B
:108150002420ECF72BBA08B5002226201146ECF7B4
:1081600055FABDE808402620ECF720BA30B50546A0
:1081700089B00C4661B101290FD0D0E908016A46E7
:10818000FFF708FF98B12846FFF772FF00240BE0C5
:10819000036F8367FFF76CFF06E0036F5B0883677D
:1081A000FFF766FF2C6F64086C6709B030BD2C6F59
:1081B000019BE41AAC672846ECE730B50469D4F8B3
:1081C00008518FB075B304F58C70F8F79FFED4E9B1
:1081D0002E0106AAFFF7DEFE18B9079BED1AC4F8B8
:1081E0001051D4F8B800D4F8BC108368DB68984705
:1081F0001422002101A800F02DFE012300258DF896
:108200000430D4F8043102932046D4F81031C4F875
:108210000851C4F8105101A90393FFF723FF284622
:108220000FB030BD6FF00D00FAE7A0F58C7000695B
:10823000FFF7C3BF2DE9F0411E1E0C6988B08846C8
:1082400011DA06238DF80C30E36E059300230693B4
:1082500003A9A36F8DF8106020460793FFF702FF74
:1082600008B0BDE8F08104F180073846F8F74EFE0B
:1082700094F82B5015F0100537D1236FA3672046D3
:10828000FFF7F6FED4F850313BB32046FFF720FF4E
:10829000D8F81040D8F80430D4F854611F68D4F8E6
:1082A00050316567C4E95455D4E90801A567E36610
:1082B0002667266623658568E26C6D680DB10096B9
:1082C000A847D4E90801FFF762FE102320463B626D
:1082D00008B0BDE8F041FFF7EABE012200233846AE
:1082E00008B0BDE8F041F8F70BBE236918693146C4
:1082F00008B0BDE8F041FFF739BF43681A6852E89B
:10830000003F43F0400342E800310029F7D17047B5
:1083100043681A6852E8003F23F0400342E8003106
:108320000029F7D1704743681A6852E8003F43F0CC
:10833000200342E800310029F7D1704743681A68EA
:1083400052E8003F23F0200342E800310029F7D132
:10835000704710B50269526812680A604268126874
:10836000126802F4C062B2F5806F04460B4633D047
:10837000A2F5C060424242411A71626812685268B6
:1083800002F44052B2F5805F28D0B2F5405F27D0AA
:10839000002A0CBF012203225A7162681268106819
:1083A000116800F0102001F4C061FFF7FAFD987128
:1083B00062681268926802F44072A2F540714A4203
:1083C0004A41DA7161680968896811F4804F18BF01
:1083D0000322DA71002010BD0222CDE70022DBE784
:1083E0000222D9E730B589B00C69EFF3118510236B
:1083F00083F31288BFF36F8F4B681A6802F108038A
:1084000053E8003F23F0800302F1080040E8003108
:108410000029F3D104F58C70F8F778FDD4E92E012A
:108420006A46FFF7B7FD28B9D4F80831019A9B1ABC
:10843000C4F8103185F31188BFF36F8F09B030BDD8
:10844000F0B5436804691D688BB00646142200210C
:10845000684600F0FFFC05238DF8003094F8B0303A
:108460003BB920466946FFF7FDFD6FF00D000BB0EC
:10847000F0BD2B685B014AD555E8003F23F08063CF
:1084800045E80032002AF7D102213069FFF76EFE7D
:108490002046FFF71DFE736831691A6802F1080370
:1084A00053E8003F23F0400302F1080040E80036A3
:1084B000002EF3D181F8B06004F18000F8F726FDBA
:1084C000206A616A8368DB689847D4F850716FB19D
:1084D000142231460DEB020000F0BCFC042305A978
:1084E00020468DF814300697FFF7BCFD0023C4E941
:1084F000543355E8003F43F0200345E80036002E92
:10850000F7D120466946FFF7ADFD3046AFE755E8A5
:10851000003F23F0100345E80032002AF7D1B3E70B
:1085200010B5034650F8700CEFF31184102282F35B
:108530001288BFF36F8F13F8552CD2060CD453F862
:10854000082C53F8103C9A4206D1FFF779FF84F3C8
:108550001188BFF36F8F10BD00690221FFF706FE7F
:10856000F5E738B543681B680C461868196800F0D1
:10857000102001F4C061FFF714FD04281AD0D86957
:1085800010F0800015D0EFF31181102080F31288D5
:10859000BFF36F8F0020151A002D06DDDD692D0653
:1085A00003D5255C9D620130F5E781F31188BFF3A7
:1085B0006F8F38BD6FF08500FBE710B543681B680F
:1085C0001020DA691206FCD5EFF3118280F31288CD
:1085D000BFF36F8FDC69240604D482F31188BFF3E4
:1085E0006F8FEEE7996282F31188BFF36F8F10BD32
:1085F000F0B5436805691C68AB6887B0064623BBC5
:108600002368D90628D423685B064ED5E3695F0644
:108610004BD554E8003F23F0400344E80037002FD7
:10862000F7D13946142201A800F014FCD5F8043122
:108630000293C5F80871D5F81031C5F8107101A979
:1086400028460393FFF70EFD29E0E9689847AB68D9
:10865000002BD5D007B0F0BDE369DA06D3D51023DF
:108660002362EB6F23B930690221FFF77FFD16E02B
:108670005A1C012A13D923EAE37313F163004FEA6A
:10868000E3714FF064024FF0000341F10001E8F79D
:1086900059FA02460B4605F18000F8F731FC3046E6
:1086A00007B0BDE8F040FFF791BC2368980607D5F6
:1086B000E369990604D5A36943F00803A361EEE7D3
:1086C00023685A01EBD5E3691B05E8D54FF4006335
:1086D0002362C8E743681B68DA69910602D51A6805
:1086E000920607D4D86910F0400004D01868C0F38F
:1086F000801070470120704738B543681B680C46EE
:108700001868196800F0102001F4C061FFF749FCF7
:10871000042810D000200821151A002D0DDDDD6978
:10872000AD060AD55D6A2554DD692D0700F101000B
:10873000F2D51962F0E76FF0850038BD43681B6819
:10874000DA69100744BF08221A62DA69920643BF49
:108750005B6A0B7000204FF0FF3070472DE9F0414D
:108760000A790369D0F804805E68012A04460D4640
:1087700011D0901E47424741BF0269794046F6F743
:10878000DFF8AB79022B09D0042B33D0131E18BFAE
:1087900001231B0306E04FF4C067EEE7B2FA82F351
:1087A0005B091B07EA79D8F80010012A14BF4FF0C3
:1087B000000C4FF4407CAE421FD10A6822F0805278
:1087C00022F4B0523A431A430A604B6823F44053F0
:1087D00003434B6063681A68936823F4407343EA69
:1087E0000C03936031682046F6F772FA00EAE070F5
:1087F000BDE8F0814FF48053D4E7D1F800E00EF4E7
:10880000C06E77451FBFD1F800E02EF4C06E4EEA6F
:1088100007070F6061680F68796801F4405188426A
:108820001FBF796821F4405101437960616808688D
:10883000016801F010218B421FBF016821F0102157
:108840000B430360636819688B6803F440739C45AD
:108850001FBF8B6823F4407343EA0C038B6063688B
:108860001B689968490405D5032A09D09A6822F43F
:10887000804204E0032A03D19A6842F480429A605D
:1088800029683368994206D02046F6F721FA002875
:10889000AEDB2B6833600020AAE730B504460868D9
:1088A00008B9106008E0206845689D4205D3B5FB13
:1088B000F3F515602368186830BD0830206008683B
:1088C00001380860EBE7C0F34510082804D91028E8
:1088D0008CBF0420022070470120704738B50B6818
:1088E00005469888FFF7EFFF01280C4603461DD187
:1088F000C96CC9B1226D02B10A78D2B22A73226D55
:108900008AB1013A2265EAB9E26B0832E263226C6D
:10891000013A226404F1400104F1500204F13C00E8
:10892000FFF7BBFFE06438BD0A46E6E70228E6D160
:10893000C96C29B1226D02B10A8892B2AA81DEE720
:108940000A46FAE7E26C002AEDD01A44E264EAE74C
:1089500010B50B6802469888FFF7B5FF01280C4652
:108960000346896D1AD1127B606DD2B208B101B194
:108970000270A26D8AB1013AA265CAB9626C08326E
:108980006264A26C013AA26404F1480104F1580245
:1089900004F14400FFF781FF606510BD0228E8D1B3
:1089A000D068626D002AE4D00029E2D01080E0E7B0
:1089B000626D002AF1D01A446265EEE737B5057A98
:1089C0000C4615B1002003B030BD406801AAFFF786
:1089D0004CFA002805DB019B2A4619791868F5F73F
:1089E00033FD012CEFD1831CEDD1EBE78368DA076F
:1089F00001D5037BFAE7036823F0400303600368B3
:108A00005B06FCD4704710B5036944681A6922B943
:108A10005A6003F10800F7F7FBFD2068FFF7E6FF57
:108A2000002010BD0023C0E90033C0E90233C0E9D3
:108A30000433C0E90633C0E908338362704738B5B0
:108A4000044648B1F7F792F8302305465C43F7F740
:108A50008DF8431BA342FAD338BD40B1C3685878A0
:108A600010F001001EBF1878B0FA80F0400970477E
:108A7000EFF31183102383F31288BFF36F8FFEE7A8
:108A800090F90E308B4201D0F8F796BE0020704767
:108A900003460020C3E90200C3E9003370475AB11E
:108AA0008A4209D300F11003C0E90212C0E90000B4
:108AB000C0E90433002070476FF01500704702686A
:108AC00001238B4022EA0303036022FA01F000F045
:108AD0000100704710B5032104460C30FFF7EFFF8B
:108AE00030B104F11000F9F71BFEB0FA80F0400934
:108AF00010BD20B100221146AC30F9F793BB70478E
:108B000070B5C368C3F340069B07044616D4856856
:108B100002210C30FFF7D3FF80B1D5F8A4206AB151
:108B200094421DD122689EB9D5F8A830C5F8A4207A
:108B30009C4201D1C5F8A82000232360E36813F00C
:108B40001F001EBF43F00203E36040F0020070BD4F
:108B50003260D5F8A820944208BFC5F8A860EBE7BA
:108B600016461268DBE710B5F8F73CF8041E08DD7E
:108B7000EFF31180102383F31288BFF36F8FF8F7A0
:108B80004DFF204610BDEFF30580003818BF0120CF
:108B9000704762307047D0E9003213605A6000239A
:108BA000C0E90033704738B504460D46F8F766FB58
:108BB000637B43F002036373E5B1A5602B689D42BC
:108BC00009D16B68C4E900531C606C6012E06A68EC
:108BD0009A42F6D01B68002BF3D094F90E2093F93B
:108BE0000E108A42F3D09142F1DD5A68C4E9003296
:108BF00014605C6038BD01211838F8F7B5BC10B5B9
:108C00000446F8F769FC04F11800BDE81040F9F7D4
:108C100087BDC117633008B54FF064024FF0000301
:108C200041F10001E7F78EFFC117F9F7A5F86423BA
:108C3000584308BD08B50246F9F768FC70B1D0E9A1
:108C400004319B1A61EBE272B3F1004F72F1000143
:108C500004DA002AACBF1846002008BD6FF00040BF
:108C6000FBE708B5F9F760FE08BDF9F75DBEB3F1A3
:108C7000FF3F08BFB2F1FF3F70B506461D461446E0
:108C800014D01A4316D0002B08DBF9F74DFE041957
:108C900041EB0501C6E90041304670BD6FF00103AC
:108CA0001C1B4FF0FF3363EB0501F3E74FF0FF347C
:108CB0002146EFE70024FBE7B3F1FF3F08BFB2F125
:108CC000FF3FF8B5074616461C4610D054EA02038B
:108CD00011D0F9F729FEB0420A46A14103460AD253
:108CE000F31A64EB0204C7E900343846F8BD4FF0CC
:108CF000FF331C46F7E70023FBE70023C0E9081217
:108D000000F11802C0E90622C0E90033036343639F
:108D1000704710B50446F9F703FDA8B9636A0BB1B3
:108D20002046984704F11800F8F7F8FC60B1F8F70E
:108D30008DFBEFF31180102383F31288BFF36F8F45
:108D4000BDE81040F8F76ABE10BD70B5D0E9003438
:108D5000984209D044B1A568EDB115F9526C12F9E9
:108D6000525CB54208D007DDC1E9000421604160D2
:108D700010E0A342F8D01B68002BF5D09A6862B1CE
:108D800012F9522CAA42F4D0F3DD5A68C1E900323C
:108D90001160596070BDAB7BFFDE937BFCE72DE972
:108DA000F041846805460E46D4B16378012B22D188
:108DB00014F8533C9A0711D5A4F160073846FFF721
:108DC0001EFF082E0CBF6FF003030023E36314F8AB
:108DD000533CDB0602D13846F8F738FB00232370FA
:108DE000EB68C3F386321643002066F39433A86021
:108DF000EB60BDE8F081022BF0D12378002BEDD0A1
:108E000054F8048CB8F1000FE8D004F11400F9F71D
:108E100087FCA4F114070023E36239464046F7F7C4
:108E2000E1FEDBE710B400F10C04C0E903440024C8
:108E3000446110BCE8F70EBB0A44914200F1FF33D5
:108E400000D1704710B511F8014B03F8014F914262
:108E5000F9D110BD02440346934200D1704703F894
:108E6000011BF9E710B501390244904201D10020FD
:108E700005E0037811F8014FA34201D0181B10BD83
:108E80000130F2E710B50139044632B111F8013F63
:108E900000F8013B013A002BF7D10021FFF7DAFF80
:108EA000204610BD10B5024601448A42134603D045
:108EB0001C780132002CF8D1181A10BD2DE9F047AA
:108EC000C3F13709074688465FFA89F903F01F05A1
:108ED00016464FF0000A384641462A465346E7F701
:108EE00031FED4B2092C88BF4C443A46434688BF71
:108EF000E4B2AA4204F1300473EB0A0306F8014B12
:108F000007468846E7D23046BDE8F0872DE9F04FA6
:108F100087B00618994602AB41EB01040093154651
:108F20003046D2E900232146DDF844B000F0A9F82C
:108F300004AB0093D5E90223074688463046214614
:108F400000F09FF8DDE90263841951EB0306049BEE
:108F5000D5E900014FF0000228BF0122D218059B7D
:108F600043F10003381848EB0101B84271EB0801E6
:108F7000D5E902C134BF0120002014EB0C0C46EBF4
:108F8000010110EB0C0041F10001A04271EB060C55
:108F900034BF4FF0010C4FF0000CCDE90423A9F1D0
:108FA000410A1CEB020243F10003CDF800A000F0DF
:108FB00083F8109BC3E90001129B012BDDE9042318
:108FC00029D1D5E90201D5E900C5201A66EB0101D6
:108FD000674578EB050534BF01250025401B61F18D
:108FE0000001844276EB010534BF01250025521BA8
:108FF000CDF800A063F1000300F05EF8DDE9042382
:10900000CBE90001CDF800A02046314600F054F82D
:1090100007B0BDE8F08F17EB070E48EB080C2019DE
:1090200046EB0601BE457CEB080834BF012700274C
:10903000C71941F10008D5E9000186457CEB010C18
:10904000D5E9021534BF01200020381A68F1000C60
:10905000401A6CEB050192185B41A74278EB0605BC
:1090600034BF01250025521943F10003874278EBF4
:10907000010834BF01250025521BA9F140050095C8
:10908000B8E7F0B50F460446A0FB0201A7FB025269
:109090004919A3FB044542F10002A7FB03736118C1
:1090A00045F10004D219059E43F10003121943F162
:1090B0000003C6E90023F0BDF0B5059CC4F14007EC
:1090C000C4F1200602FA06F6A4F12005BB4022FAFC
:1090D00005F53343C4F120062B4301FA06F6A4F14B
:1090E0002005E04021FA05F53043BA402843E1402D
:1090F00010431943F0BDC0F3C75300280246A3F143
:109100007F0104DA1E290BDD4FF0004070471E2955
:109110001EDC0120002906DA013118BF002070474B
:109120004FF0FF30F6E71629D8BF4FF48003C2F3A3
:109130001602D8BF0B4142F40002CDBF963B9B18EC
:10914000C1F1170102FA03F3D8BFCB40584370476F
:109150006FF0004070472DE9F0410446CD0FC1F398
:109160000A50C1F3130154EA0107157140F2FF766A
:1091700007D0B0420CD145F0080515710020BDE8BC
:10918000F081002863D0B0425ED145F00405F4E7D9
:10919000002859D10120A0F2FF30002B106059DBCC
:1091A0000C2B59DCC3F10D05AD00012005F1FF3C8E
:1091B000A5F12107C5F1210620FA06F600FA07F706
:1091C00000FA0CF03743061847EB0708D6F1000EFB
:1091D00068EB480C013E48F1FF38264008EA0108D8
:1091E000B04277EB08080FDBC5F12008B5F1200687
:1091F00001FA08F824FA05F545EA08055CBF41FACA
:1092000006F63543ED0703D52018044641EB070168
:1092100004EA0E0401EA0C019DF8186012321846A7
:109220000D25C6F127064FF0300E04F00F03240978
:1092300044EA017405F1FF3C0911571EB3B9A84275
:109240000CDA65463A46F0E741F48011A3E704469C
:109250000146A2E70023DFE70D23DDE782F800E007
:109260001CF1010365463A46DFD188E7092BC8BFE8
:109270009B193033A8421370B8BF2846F0E7D1E9F4
:10928000043293421EBF5A1C0A61187070470000D6
:0C9290000148006870470000AC0F00208F
:08929C002679FE7F01000000AD
:1092A40000000000A4930108E1230008000000006E
:1092B400953301080000000000000000C09301087D
:1092C4000000000084940108000000006894010874
:1092D400000000004C9401080000000014940108F0
:1092E40000000000F893010800000000DC9301086E
:1092F40000000000309401089B7101080000000088
:1093040000000000A094010800000000BC940108C3
:1093140000000000D894010800000000F494010843
:10932400B5C9000800000000F1F8000800000000C2
:109334004D2C000800000000214C00080000000033
:10934400ED4B000800000000E533010800000000B8
:109354000000000010950108000000004895010875
:109364000000000080950108000000002C95010811
:10937400000000006495010800000000B895010891
:1093840000000000D495010800000000F0950108D9
:10939400000000009C950108F9BD000800000000D1
:1093A40084CE010800000000209901082206002054
:1093B40000000000F9C70008000000002AD90108D5
:1093C400E4A50108B4980108380600200000000054
:1093D40000000000000000007ECB01080000000037
:1093E400000000001E060020000000006DBE000802
:1093F40000000000EBD10108A4A301083098010883
:1094040026060020281F0020B5CD0008000000001B
:10941400F8D10108C4A301083098010828060020E7
:1094240014200020B5CD00080000000089D60108F2
:10943400E4A40108789801082E06002008210020E1
:1094440069DE00080000000097D60108F8A40108AE
:1094540078980108300600201C21002069DE0008ED
:1094640000000000A5D601080CA5010878980108A1
:10947400320600203021002069DE000800000000D0
:10948400B3D6010820A50108789801083406002005
:109494004421002069DE000800000000D9CF010843
:1094A4000CA301080898010824060020201F0020AE
:1094B40005CA0008000000000FD501082C04002094
:1094C400589801082A060020C003002091D50008FE
:1094D4000000000085DB010814A601085499010866
:1094E40040060020B800002059EF000800000000EA
:1094F40095DB010864A6010854990108420600207E
:109504001002002059EF0008000000006DCE010891
:1095140054A20108FC970108200600200000002046
:109524007DC3000800000000B0D501080000000061
:10953400609801082C060020380400206B7901088B
:10954400000000003FD7010834A501089C980108D9
:10955400360600205821002099DF00080000000092
:109564006BDC0108D4A60108189901084406002000
:1095740018050020ADF200080000000078DC0108A6
:1095840000A7010818990108460600207805002064
:10959400ADF200080000000072C30108BCA001087D
:1095A4003C9901081C060020041000208156000884
:1095B4000000000052D90108E8A50108C498010878
:1095C4003A0600205404002079E600080000000058
:1095D4007ED9010804A60108E09801083C06002091
:1095E4009004002081E70008000000009FD90108D2
:1095F40008A60108FC9801083E060020CC040020BF
:08960400C1E8000800000000AD
:10960C0000000000655401080000000065540108CA
:10961C0000000000655401080000000065540108BA
:10962C0000000000655401080000000065540108AA
:10963C0003CC010851BF000801CC010851BF000840
:10964C00FFCB010851BF0008FDCB010851BF00083A
:10965C00FBCB010851BF0008149401084F76010898
:10966C0014940108597601081494010863760108D2
:10967C00149401086D76010814940108777601089A
:10968C001494010881760108149401088B76010862
:10969C00000000002DC20008000000006554010805
:1096AC00000000006554010800000000655401082A
:1096BC00F9CB010851BF00080000000065540108F7
:1096CC00000000006554010800000000655401080A
:1096DC0000000000655401080000000065540108FA
:1096EC0000000000655401080000000065540108EA
:1096FC0000000000655401080000000065540108DA
:10970C0048950108E17D010848950108E57D0108AF
:10971C0000000000655401080000000065540108B9
:10972C00F4940108F185010800000000655401085B
:10973C00D8940108F1850108000000006554010867
:10974C000000000065540108F7CB010851BF000868
:10975C000000000065540108000000006554010879
:10976C000000000065540108000000006554010869
:10977C000000000065540108000000006554010859
:10978C000000000065540108000000006554010849
:10979C009C950108B95601080000000065540108A9
:1097AC00C0030020C5D90008000000006554010862
:1097BC00F893010855760108F89301085F760108C3
:1097CC00F893010869760108F8930108737601088B
:1097DC00F89301087D760108F89301088776010853
:1097EC00F893010891760108000000006554010807
:0C97FC0009C10008D5C40008E40C0000FE
:10980800C5CA0008D1CB000841CB000889CB0008A5
:1098180000000000000000002DCC0008000000003F
:1098280000000000000000004DCF0008C1CC000877
:1098380011760108C375010800000000000000004F
:1098480079CC0008000000000000000000000000C3
:0898580071D70008ADD800082B
:1098600037790108B5DB000871DB00087DDA0008F4
:0898700085DA000899DC00080C
:109878001B7C0108D57A0108E17A0108F37A01080E
:10988800FD7A0108077B010861DD0008C1DC0008DA
:0498980000000000CC
:10989C0011DF0008CD7D01083F7D010800000000AC
:0898AC000000000000000000B4
:1098B400917E0108B17E0108CD7E0108EB7E01088E
:1098C400000000000000000000000000E9E50008BE
:1098D400F9E400080000000000000000000000009F
:1098E4000000000000000000F9E60008017F010804
:1098F4000000000000000000000000000000000064
:109904000000000031E80008457F01080000000065
:04991400000000004F
:0899180029F30008078A010889
:109920006F730108AB7301080000000045C7000811
:0C9930004374010800000000F3730108FC
:10993C00B55E0008D55C0008895C00088D5D0008E8
:08994C00615E0008715F000874
:10995400F7800108B1EB0008BB810108C1E90008E8
:1099640005810108418401083D870108BB85010880
:10997400CD7F010871EE0008538301086385010857
:10998400F9860108FB820108118301082780010878
:10999400278301083D8301083B80010847800108B3
:1099A40069EB000879E90008D586010853800108AD
:0499B40057800108CF
:1099B800B6B40108030000007ACE010803000000D5
:1099C80007AF01080300000005D2010803000000EA
:1099D800BFD3010803000000E9CF0108030000001D
:1099E8009CCB01080300000055B5010803000000E6
:1099F800C3B4010803000000CAD501080300000031
:109A0800F2D5010803000000B8B101080300000006
:109A1800C1D601080300000090D701080300000028
:109A2800CFD80108030000004CD70108030000004C
:109A380080B201080300000084B20108030000009E
:109A4800ADB40108030000004ABE0108030000008D
:109A58003EAB010803000000C6C201080300000075
:109A68009DCA01080300000096DC010803000000FD
:109A7800EEBA0108030000009CDE010803000000A4
:109A88004CB501080300000073B001080300000092
:109A980085DC01080300000009D20108030000006A
:109AA8005FB00108030000005AD901080300000054
:109AB80078D901080300000099D9010803000000C3
:109AC8007AC3010803000000CFC6010803000000A4
:109AD8002BB0010803000000A5DB0108030000000B
:089AE80001CB0108030000009E
:109AF000649E0108740300209CB40108010000006A
:109B0000A027BE330000000050010000E034C13344
:109B100000000000500100002042C433000000009B
:109B2000500100005400000000010000000000008F
:109B3000010000000200000070B3D57ED000FC4D93
:109B40000000000000000000000000000000000015
:109B500000C194C1000000000000000000000000EF
:109B600001000000000000000500000000000000EF
:109B700019000000000000007D000000000000004F
:109B80007102000000000000350C00000000000021
:109B9000093D0000000000002D3101000000000020
:109BA000E1F505000000000065CD1D00000000008B
:109BB000F902950000000000DD0EE902000000003F
:109BC000514A8D0E000000009573C248000000004D
:109BD000E941CC6B010000008D49FD1A070000002F
:109BE000C16FF28623000000C52EBCA2B1000000A8
:109BF000D9E9AC2D780300003D9160E458110000D4
:109C000031D6E275BC560000F52E6E4DAEB10100A6
:109C1000C9EA268367780800ED95C28F055A2A00A5
:109C2000A1EDCCCE1BC2D30025A4000A8BCA22040E
:109C30000000000000000000000000000000001014
:109C40000000000000000000B9340332B7F4AD1486
:109C500010DB1AB30892540E0D307D951447BA1AD2
:109C600066088F4D26ADC66DF598BF85E2B74511E4
:109C7000CA96853D92BD1DEBFCA11860DCEF521623
:109C80003C92AE220BB8C1B4839D2D5B0562DA1CF9
:109C9000304C7E8F4E8BB25B16F4529F8B56A512C2
:109CA000FBD4827643ED8AF08FE7F93115651918F8
:109CB00050F19BD94A13EEB4284CF0A686C1251F5B
:109CC000035FC270CB9E4916E642889C44EB201489
:109CD000B0650836AD6EA58585F0CA14E2FD031A9D
:109CE0000B899979D5B13D09D8DA973A35EBCF1080
:109CF000AC363F5E73BB38CF3E6752FA44AFBA15FD
:109D00000100000000000000000000000000002032
:109D1000345065C05FC9A652BB13CBAEC440C21855
:109D200006C8DF7100D5A87CF56F0FDA58FC271341
:109D30006E4756357D24206502C7E768E48CA41D74
:109D4000E9E60268D7CD39617977FCC2405BEF164E
:109D5000798CDE43FFA751F991F3B278F5BDBE11BE
:109D6000E857E9D6E8BEE87BB054AC8F848D751B0C
:109D7000EA23A499E9F9D38BB7A3714061DA3E15C0
:109D8000CEE33ECB73F948088C97B427D51B7010EF
:109D9000A2BFEFB9EB8532154DB44DB49BBB6F1923
:109DA00096B6076CF8E7EEAD36D9B4F59135AE133B
:109DB000222218AF4E6A684D91DAAA3D4F40741EB8
:109DC0009FBD9EE006A1C09857C2A7FDA40E9017A4
:109DD0000E7D497173E3208FB220D87605143B12B3
:109DE000853D7434811343B0AD297A5F27F4351C67
:109DF000689401080A000100689401080800010045
:109E0000F007002000010000974F01082D4F0108C6
:109E100002000000115101080000000000000000D5
:109E2000000000000000000024B401082CB4010868
:109E300000000000000000000000000034B4010831
:109E400038B401083CB4010840B40108549E01082C
:109E50002C0F0020E53900084C0F00202C22002098
:109E600001000000C3510108B951010887510108E0
:109E7000093A0008000000007B51010800000000C2
:109E8000040000000000000000000000008000004E
:109E90002C950108010000000080000000A00100D6
:109EA0002C950108020000000020020000A0010023
:109EB0002C9501080300000000C0030000400000D2
:109EC0002C950108000000200000000000000B0697
:109ED00002000000D89E010800000008E7BC01084D
:109EE0002200020200000020EFBC01081E000B113E
:109EF0009C03002000000000EAFFFFFF8CFFFFFF33
:109F00008CFFFFFF8CFFFFFFEAFFFFFFEAFFFFFF71
:109F1000EAFFFFFF98FFFFFF86FFFFFFF3FFFFFF52
:109F2000F3FFFFFFEAFFFFFFEAFFFFFFEAFFFFFF8C
:109F3000EAFFFFFF00000000F0FFFFFF93FFFFFFBD
:109F4000EAFFFFFFEAFFFFFFEAFFFFFFEAFFFFFF75
:109F500080FFFFFF86FFFFFFA0FFFFFF86FFFFFFE1
:109F600091FFFFFF80FFFFFF80FFFFFFF0FFFFFF7C
:109F7000F0FFFFFFF0FFFFFFEAFFFFFFEAFFFFFF39
:109F8000EAFFFFFFEAFFFFFFEAFFFFFFEAFFFFFF35
:109F900071BE010874BE01087ABE010885BE0108C1
:109FA00092BE01089FBE0108A9BE0108B3BE010808
:109FB000BFBE0108D1BE0108EABE0108F7BE010814
:109FC00000BF01080FBF01081DBF010829BF01081C
:109FD00071BE01083ABF01083FBF01084FBF010829
:109FE00061BF010873BF010884BF0108A2BF010857
:109FF000B4BF0108C1BF0108D6BF0108E7BF01080F
:10A00000FDBF01080EC0010824C001083EC00108C0
:10A0100059C001086FC001087CC001088FC0010849
:10A02000A1C00108AEC00108C2C00108DCC001081F
:10A0300034C2010828C201083800000000000000F6
:10A040000100000047C201083BC2010820000000D7
:10A0500038000000020000005DC2010851C2010882
:10A0600084010000580000000400000073C20108D1
:10A0700067C20108A0010000DC0100000800000028
:10A080008DC2010881C20108040000007C030000A9
:10A0900010000000A6C201089AC20108C800000012
:10A0A0008003000020000000BFC20108B3C2010805
:10A0B00018000000480400004000000064950108FA
:10A0C00000127A0000010000000000000000000003
:10A0D0000000000000000000000000004C94010897
:10A0E000040001004C94010805000100841E0000DA
:10A0F000093D0000127A000024F4000048E8010045
:10A1000090D0030020A1070000000000B12800004B
:10A1100061510000C3A20000C01200001F00000037
:10A12000A816000017000000841C00000F000000AB
:10A13000E42500001E000000B42D00001600000001
:10A14000083900000E0000002C4C00001D0000002B
:10A15000685B000015000000747200000D00000034
:10A16000589800001C00000034B7000014000000E4
:10A17000E8E400000C000000783101001B00000042
:10A18000686E01001300000034CA01000B000000DB
:10A19000286202001A00000040DB020012000000EA
:10A1A0003C9303000A000000C0C204001900000034
:10A1B00060B305001100000038200700090000000E
:10A1C00020A1070000000000196E000829660008A1
:10A1D000856A0008735D0108D15D01084B5E0108C6
:10A1E000A56A0008856C0008695D010841690008DE
:10A1F00045660008835D01086D5D0108B1680008CF
:10A20000A75D0108A1660008BF5D01087D5D01082A
:10A21000775D0108A15D01089B5D01088168000868
:10A22000256A0008C75D0108D1660008F9680008C2
:10A23000975D010848E8010048E8010048E801008E
:10A2400048E8010048E8010048E8010090D0030018
:10A25000000000000024014073720108600000004B
:10A2600000020000000000000000000000000000EC
:10A270000000000000000080A4A201080200040009
:10A2800008000D00140028005000A1000200010188
:10A29000000400000C6360000C6351000C6342007A
:10A2A0000C633300ACA2010801000000B4A2010855
:10A2B000020000003002000000000000B0030000B7
:10A2C000000000000000000000000000040000008A
:10A2D000080000000C000000100000001400000046
:10A2E000180000001C00000000000000200000001A
:10A2F000400000006000000080000000A00000009E
:10A30000C0000000E0000000000100004800000064
:10A3100004000000000802400E04260020A30108EB
:10A3200014940108010000001494010802000000C8
:10A3300014940108030000001494010804000000B4
:10A3400014940108050000001494010806000000A0
:10A350001494010807000000F893010801000000B0
:10A36000F893010802000000F893010803000000C0
:10A37000F893010804000000F893010805000000AC
:10A38000F893010806000000F89301080700000098
:10A390004DCF000811760108C3750108C1CC000833
:10A3A00079CC00084800000002000000FB7401089E
:10A3B0000000000000040240070000000700000049
:10A3C000341F0020480000000100000085740108CF
:10A3D0000000000000000240070000000000000034
:10A3E000202000200000000000010000000200000A
:10A3F000000000000004000000080000957601083D
:10A400009D760108A5760108AD760108B5760108AC
:10A41000BD760108C57601083D770108457701083A
:10A420004D770108557701085D77010865770108C8
:10A430006D770108DD770108E3770108E977010806
:10A44000F1770108F9770108017801080978010816
:10A45000CD760108D5760108DD760108E57601089C
:10A46000ED760108F5760108FD760108057701080B
:10A470000D770108157701081D7701082577010878
:10A480002D77010835770108757701087B7701087A
:10A490008177010889770108917701089977010888
:10A4A000A1770108A9770108AF770108B5770108FE
:10A4B000BD770108C5770108CD770108D577010878
:10A4C0000000000001000000020000000300000086
:10A4D0000400000005000000060000000800000065
:10A4E00000FF0000FFFF0000001C00480700000004
:10A4F0004C00000080000000FFFF00000008004842
:10A50000020000004C00000004000000FFFF0000FB
:10A5100000040048010000004C00000002000000A0
:10A52000FFFF000000000048000000004C00000099
:10A5300001000000197D010854A501080100000078
:10A5400000580040801A06005CA501087CA501089F
:10A5500000000000580000000000400064A5010851
:10A56000010000006CA50108020000008401000049
:10A5700040020000640100004002000084940108D1
:10A58000689401084C9401080000000000000000DD
:10A5900000000000000000003094010800000000EE
:10A5A00000000000000000000000000000000000AB
:10A5B000000000000000000000000000000000009B
:10A5C000000000000000000000000000000000008B
:10A5D000000000000000000000000000000000007B
:10A5E0000000000000000058E40C00000000000023
:10A5F000A875FF1F1E000000C875FF1F8200000025
:10A600000000000003000000AA75FF1FE40C00001A
:10A610000000000000800040C09301088007000097
:10A620003CA601080100000000000000000000003E
:10A630000000000044A60108578101085C000000EA
:10A64000010000004CA601080100000054A601080A
:10A650000200000048000000000200006800000046
:10A660000000000000380140C09301080E080000FF
:10A670008CA601080100000000000000000000009E
:10A680000000000094A6010841810108600000005C
:10A69000004000009CA6010801000000A4A60108DB
:10A6A00002000000C702000000020000E7020000F4
:10A6B0000000000000000000080000001000000082
:10A6C00018000000200000002800000030000000FA
:10A6D0003800000000000158F8A601080100000041
:10A6E00001000000F0A601080200000000000000C8
:10A6F000640000000100000000A701080000000045
:10A700000030014024A70108000000000100000003
:10A710001CA701080200000000000000600000000B
:10A72000001000002CA701080100000034A7010858
:10A73000040000008500000000020000A5000000E9
:10A7400080050000C500000000040000E5000000D6
:10A7500000040000000300000004000000050000E9
:10A7600000060000000700000008000000090000CB
:10A77000000A0000000B0000000C0000000D0000AB
:10A78000000E0000000F0000A0860100400D030035
:10A79000801A060000350C0040420F0080841E0025
:10A7A00000093D0000127A000024F40000366E011A
:10A7B0000048E801006CDC0200000000000000001E
:10A7C0000000000000000000010000000300000085
:10A7D000050000000100000001000000060000006C
:10A7E0000A00000020000000020000000400000039
:10A7F0000800000010000000400000008000000081
:10A800000001000000020000E7DD0108F5DD01089D
:10A8100009DE010818DE010824DE0108A4920108FF
:10A82000A49201082C930108349301089C93010819
:10A83000A49301087BE801080001000088130000D0
:10A840000000000000000000000000000000000008
:10A8500000000040955969595555545515555556A0
:10A860000405154110545540455155444045504448
:10A870005055554500400040400444966555565596
:10A8800045404554514115405591555555554051F8
:10A8900005010000544554544555050400100410AA
:10A8A00014044000000001405555154154040000B7
:10A8B0004400010000000040410000445044455065
:10A8C00054005555545565510040004001000001A9
:10A8D00000050100115451515455550500154150C2
:10A8E0000000044010010405000000000100020007
:10A8F0000400060008000A000C00100020004000C0
:10A90000800000014E657720446174617261746556
:10A910003A2044525F25642C204D617820506179A3
:10A920006C6F616420256400444C207061796C6F09
:10A9300061643A004F46460052454400475245453F
:10A940004E00424C554500556E6B6E6F776E20631E
:10A950006D643A202725732700444C20706F727471
:10A960003D25752C206C656E3D25750025733A20BC
:10A97000646576696365206E6F74207265616479C1
:10A980002E006C6F726177616E5F7365745F7265C4
:10A9900067696F6E206661696C65643A20256400A2
:10A9A0006C6F726177616E5F73746172742066613F
:10A9B000696C65643A202564000D0A204445565FA1
:10A9C0004555493A200025303278000D0A20415083
:10A9D000505F4555493A20000D0A204150505F4BC9
:10A9E00045593A20000D0057616974696E6720313E
:10A9F00030207365636F6E647320746F206A6F69B3
:10AA00006E2E2E2E004A6F696E696E67206E657419
:10AA1000776F726B206F766572204F544141004E04
:10AA2000756D626572206D6178206F662072657445
:10AA300072696573202825642F2564292072656159
:10AA4000636865642C2066696E697368696E672047
:10AA500070726F6772616D004A6F696E206661691E
:10AA60006C656420282564292C20726574727969CC
:10AA70006E6720696E203330207365636F6E647378
:10AA80002C20747279202325642E2E2E005374619D
:10AA90007274696E6720746F2073656E64206461E0
:10AAA00074612E2E2E006C6F726177616E5F73651C
:10AAB0006E64206661696C65643A2025642E2043CB
:10AAC0006F6E74696E75696E672E2E2E006C6F72D4
:10AAD0006177616E5F73656E64206661696C656441
:10AAE0003A20256400446174612073656E742121ED
:10AAF00020286461746120636F756E74696E6720CD
:10AB00002325303464290074656D70202D20252E96
:10AB1000316625252C2068756D202D20252E316667
:10AB200025250A00793932355937919400F31C2EC6
:10AB30008BC671281D5116F08FF0B7928F006C6F85
:10AB4000726177616E5F636C6173735F610057451B
:10AB500053545F544F504449522F7A65706879724C
:10AB60002F696E636C7564652F7A65706879722FD2
:10AB7000647269766572732F6770696F2E6800283A
:10AB80006366672D3E706F72745F70696E5F6D6192
:10AB9000736B202620286770696F5F706F72745F17
:10ABA00070696E735F74292831554C203C3C202815
:10ABB00070696E29292920213D20305500415353C9
:10ABC000455254494F4E204641494C205B25735D08
:10ABD00020402025733A25640A0009556E7375706C
:10ABE000706F727465642070696E0A005745535423
:10ABF0005F544F504449522F7A65706879722F6CB8
:10AC000069622F686561702F686561702E630063EB
:10AC100068756E6B5F7573656428682C2063290006
:10AC200009756E6578706563746564206865617028
:10AC30002073746174652028646F75626C652D667D
:10AC40007265653F2920666F72206D656D6F727940
:10AC50002061742025700A006C6566745F636875F6
:10AC60006E6B28682C2072696768745F6368756E04
:10AC70006B28682C20632929203D3D20630009634F
:10AC80006F72727570746564206865617020626FA0
:10AC9000756E64732028627566666572206F7665CE
:10ACA00072666C6F773F2920666F72206D656D6FDD
:10ACB00072792061742025700A00627974657320AE
:10ACC0002F203855203C3D20307837666666550089
:10ACD00009686561702073697A6520697320746FF3
:10ACE0006F206269670A006279746573203E20688C
:10ACF0006561705F666F6F7465725F6279746573AA
:10AD00002862797465732900096865617020736928
:10AD10007A6520697320746F6F20736D616C6C0AA3
:10AD200000686561705F737A203E206368756E6BA2
:10AD3000737A2873697A656F6628737472756374A1
:10AD4000207A5F686561702929006368756E6B30D1
:10AD50005F73697A65202B206D696E5F6368756E1D
:10AD60006B5F73697A65286829203C3D20686561BE
:10AD7000705F737A00574553545F544F50444952A3
:10AD80002F7A65706879722F6C69622F6F732F63E9
:10AD9000627072696E74665F7061636B616765642F
:10ADA0002E630009537472696E6720776974682096
:10ADB000746F6F206D616E7920617267756D656E5D
:10ADC00074730A00097374725F7074725F706F73CA
:10ADD0005B5D20746F6F20736D616C6C0A00097588
:10ADE0006E65787065637465642073697A65202583
:10ADF000750A0009746F6F206D616E7920666F723D
:10AE00006D617420617267730A00696E5F706163BF
:10AE10006B6167656420213D202828766F69642076
:10AE20002A2930290028756E7369676E65642920A8
:10AE300063686172202A207573656420666F7220D2
:10AE400025257020617267756D656E742E204974BA
:10AE50002773207265636F6D6D656E646564207421
:10AE60006F206361737420697420746F20766F693A
:10AE700064202A2062656361757365206974206DA2
:10AE80006179206361757365206D697362656861BE
:10AE900076696F7220696E206365727461696E20D5
:10AEA000636F6E66696775726174696F6E732E2069
:10AEB000537472696E673A22257322206172677536
:10AEC0006D656E743A256400736370795F636E74A8
:10AED000203C2073697A656F66286370795F7374AC
:10AEE000725F706F7329006B6565705F636E7420AD
:10AEF0003C2073697A656F66286B6565705F737453
:10AF0000725F706F73290063627072696E74665F3E
:10AF10007061636B61676500574553545F544F50D0
:10AF20004449522F7A65706879722F696E636C7527
:10AF300064652F7A65706879722F6B65726E656CC7
:10AF40002E6800216B5F69735F7072655F6B65725D
:10AF50006E656C282900096B5F63757272656E748B
:10AF60005F6765742063616C6C6564207072652D29
:10AF70006B65726E656C0A00574553545F544F50B1
:10AF80004449522F7A65706879722F6C69622F6F0D
:10AF9000732F6D7073635F706275662E63006572E8
:10AFA00072203D3D203000574553545F544F50446C
:10AFB00049522F7A65706879722F696E636C756477
:10AFC000652F7A65706879722F7370696E6C6F6324
:10AFD0006B2E68007A5F7370696E5F6C6F636B5F76
:10AFE00076616C6964286C290009496E76616C6928
:10AFF00064207370696E6C6F636B2025700A007A31
:10B000005F7370696E5F756E6C6F636B5F76616C9A
:10B010006964286C2900094E6F74206D7920737063
:10B02000696E6C6F636B2025700A007379735F67BC
:10B0300065746F707400556E62616C616E636564F7
:10B04000206261636B757020646F6D61696E206151
:10B05000636365737320726566636F756E740073E6
:10B06000746D33325F6261636B75705F646F6D61C5
:10B07000696E00736F63004E5653206E6F742069C3
:10B080006E697469616C697A656400436F756C649C
:10B09000206E6F74206F627461696E20666C6173DC
:10B0A0006820706172616D657465727300556E73AE
:10B0B0007570706F72746564207772697465206250
:10B0C0006C6F636B2073697A6500536563746F728C
:10B0D0002073697A6520257520746F6F206C61720A
:10B0E00067652C206D6178696D756D206973202509
:10B0F0007A7500556E61626C6520746F20676574A7
:10B10000207061676520696E666F00496E76616CBC
:10B11000696420736563746F722073697A65004394
:10B120006F6E66696775726174696F6E20657272A1
:10B130006F72202D20736563746F7220636F756E5C
:10B140007400256420536563746F7273206F6620EA
:10B15000256420627974657300616C6C6F6320777D
:10B1600072613A2025642C20257800646174612086
:10B170007772613A2025642C2025780047432044CB
:10B180006F6E65206D61726B657220666F756E649F
:10B19000004E6F20474320446F6E65206D61726BD7
:10B1A000657220666F756E643A20726573746172A1
:10B1B00074696E672067630066735F6E7673006CF8
:10B1C0006F6767696E6700574553545F544F50442B
:10B1D00049522F7A65706879722F7375627379732B
:10B1E0002F6C6F6767696E672F6C6F675F636F7235
:10B1F000652E63006C6F675F6261636B656E645F91
:10B20000636F756E745F6765742829203C20282859
:10B210003332202F20335529202D202831202B2078
:10B22000302929006261636B656E64203C3D205FBC
:10B230006C6F675F6261636B656E645F6C6973748A
:10B240005F656E640009756E65787065637465642A
:10B25000206C69737420656E64206C6F636174691F
:10B260006F6E0A006C6F675F6261636B656E645F2F
:10B27000636F756E745F6765742829203E20300007
:10B280006C6F67006C6F675F6D676D74004D657301
:10B2900073616765202822257322292064726F70EC
:10B2A00070656420626563617573652069742065EB
:10B2B0007863656564732073697A65206C696D696C
:10B2C000746174696F6E20282575290057455354A1
:10B2D0005F544F504449522F7A65706879722F73CA
:10B2E00075627379732F6C6F6767696E672F6C6F08
:10B2F000675F6D73672E6300706C656E203E3D2046
:10B3000030004D6573736167652064726F7070659E
:10B310006420626563617573652069742065786374
:10B32000656564732073697A65206C696D69746101
:10B3300074696F6E2028257529000D0A0057455342
:10B34000545F544F504449522F7A65706879722F78
:10B350007375627379732F6C6F6767696E672F6C93
:10B360006F675F6F75747075742E63006F75745FAF
:10B370006374782D3E636F6E74726F6C5F626C6F76
:10B38000636B2D3E6F6666736574203C3D206F7560
:10B39000745F6374782D3E73697A65001B5B306D52
:10B3A000006C6576656C203C3D20340025732000E0
:10B3B0005B2530386C755D20005B253032753A2591
:10B3C0003032753A253032752E253033752C2530C4
:10B3D00033755D200025732F003C25733E2000252A
:10B3E000733A2000657272203E3D203000253032D5
:10B3F000782000202020007C00256300206D6573EC
:10B4000073616765732064726F70706564202D2DA1
:10B410002D0D0A1B5B306D001B5B313B33316D2DF5
:10B420002D2D20001B5B313B33316D001B5B313B0D
:10B4300033336D006572720077726E00696E66005C
:10B4400064626700574553545F544F504449522F2C
:10B450007A65706879722F7375627379732F6C6F68
:10B460006767696E672F6261636B656E64732F6CCB
:10B470006F675F6261636B656E645F756172742E86
:10B4800063006465766963655F69735F72656164B3
:10B490007928756172745F64657629006C6F675FE7
:10B4A0006261636B656E645F75617274006C6F6777
:10B4B0005F756172740053545245414D5F464C4173
:10B4C000534800666C6173685F696D670057455348
:10B4D000545F544F504449522F7A65706879722FE7
:10B4E0007375627379732F73657474696E67732FE4
:10B4F0007372632F73657474696E67732E63006370
:10B5000068203C3D205F73657474696E67735F6883
:10B51000616E646C65725F7374617469635F6C699A
:10B5200073745F656E64007365742D76616C756508
:10B53000206661696C7572652E206B65793A2025ED
:10B5400073206572726F72282564290073657474A4
:10B55000696E677300666C6173680072302F6131C9
:10B560003A2020307825303878202072312F61320F
:10B570003A2020307825303878202072322F6133FD
:10B580003A20203078253038780072332F61343AF1
:10B590002020307825303878207231322F69703A87
:10B5A0002020307825303878207231342F6C723A70
:10B5B00020203078253038780020787073723A2057
:10B5C00020307825303878004661756C74696E6774
:10B5D00020696E737472756374696F6E2061646440
:10B5E0007265737320287231352F7063293A2030C9
:10B5F000782530387800556E68616E646C6564201B
:10B600004952516E3A202564002A2A2A2A2A2042C9
:10B610005553204641554C54202A2A2A2A2A0020D4
:10B6200020537461636B696E67206572726F72007C
:10B630002020556E737461636B696E67206572724A
:10B640006F720020205072656369736520646174B5
:10B650006120627573206572726F7200202042460D
:10B66000415220416464726573733A2030782578C2
:10B67000002020496D707265636973652064617490
:10B680006120627573206572726F72002020496EAE
:10B69000737472756374696F6E206275732065725E
:10B6A000726F72002A2A2A2A2A20555341474520C0
:10B6B0004641554C54202A2A2A2A2A00202044692F
:10B6C000766973696F6E206279207A65726F0020E7
:10B6D00020556E616C69676E6564206D656D6F7273
:10B6E00079206163636573730020204E6F20636F60
:10B6F00070726F636573736F7220696E73747275A5
:10B700006374696F6E73002020496C6C6567616CAF
:10B71000206C6F6164206F66204558435F5245542A
:10B7200055524E20696E746F205043002020496CA2
:10B730006C6567616C20757365206F662074686541
:10B740002045505352002020417474656D70742060
:10B75000746F206578656375746520756E646566C1
:10B76000696E656420696E737472756374696F6E57
:10B77000002A2A2A2A2A204D5055204641554C5449
:10B78000202A2A2A2A2A002020537461636B696EBA
:10B7900067206572726F722028636F6E74657874AB
:10B7A0002061726561206D69676874206265206E32
:10B7B0006F742076616C6964290020204461746193
:10B7C000204163636573732056696F6C6174696FA0
:10B7D0006E0020204D4D46415220416464726573D5
:10B7E000733A2030782578002020496E7374727582
:10B7F0006374696F6E204163636573732056696F6C
:10B800006C6174696F6E00574553545F544F5044D8
:10B8100049522F7A65706879722F617263682F615F
:10B82000726D2F636F72652F636F727465785F6DD1
:10B830002F6661756C742E630021282828534342BB
:10B840005F54797065202A292028283078453030C7
:10B850003045303030554C29202B20307830443062
:10B8600030554C2920292D3E43465352202620286E
:10B8700031554C203C3C20283055202B2034552974
:10B8800029290009537461636B696E6720657272C0
:10B890006F72206E6F74206120737461636B206619
:10B8A00061696C0A0A0052657365727665642045A9
:10B8B0007863657074696F6E2028005370757269C3
:10B8C0006F757320696E7465727275707420284983
:10B8D00052512000535053454C20696E20746872B9
:10B8E000656164206D6F646520646F6573206E6FA1
:10B8F0007420696E646963617465205053500065FB
:10B90000736620213D202828766F6964202A29301B
:10B9100029000945534620636F756C64206E6F746F
:10B92000206265207265747269657665642073753E
:10B93000636365737366756C6C792E205368616CF4
:10B940006C206E65766572206F636375722E0A00D7
:10B950002A2A2A2A2A2048415244204641554C543A
:10B96000202A2A2A2A2A002020427573206661751F
:10B970006C74206F6E20766563746F7220746162E0
:10B980006C652072656164002020446562756720E3
:10B990006576656E740020204661756C7420657351
:10B9A00063616C6174696F6E2028736565206265E0
:10B9B0006C6F772900415243485F455843455054C6
:10B9C000207769746820726561736F6E2025780A2C
:10B9D00000094661756C7420657363616C617469FC
:10B9E0006F6E20776974686F7574204653522069B2
:10B9F0006E666F0A0009486172644661756C742056
:10BA0000776974686F7574204846535220696E6672
:10BA10006F205368616C6C206E65766572206F6371
:10BA20006375720A002A2A2A2A2A204465627567E9
:10BA3000206D6F6E69746F722065786365707469CC
:10BA40006F6E202A2A2A2A2A002A2A2A2A2A202510
:10BA50007320256429202A2A2A2A2A00574553546C
:10BA60005F544F504449522F7A65706879722F6144
:10BA70007263682F61726D2F636F72652F636F72CF
:10BA80007465785F6D2F6972715F6D616E61676556
:10BA90002E63007072696F203C3D20282831554C80
:10BAA000203C3C2028342929202D203129000969F7
:10BAB0006E76616C6964207072696F726974792046
:10BAC000256420666F7220256420697271212076BA
:10BAD000616C756573206D757374206265206C658B
:10BAE0007373207468616E20256C750A0A006D708E
:10BAF00075004661696C656420746F20616C6C6FC1
:10BB000063617465206E6577204D505520726567BE
:10BB1000696F6E2025750A00506172746974696FCF
:10BB20006E2025753A2073616E69747920636865AB
:10BB3000636B206661696C65642E00574553545FE2
:10BB4000544F504449522F7A65706879722F617250
:10BB500063682F61726D2F636F72652F6D70752F23
:10BB600061726D5F6D70752E630009436F6E66695B
:10BB7000677572696E6720257520737461746963D7
:10BB8000204D505520726567696F6E73206661693C
:10BB90006C65640A0A0009436F6E666967757269AD
:10BBA0006E672025752064796E616D6963204D5044
:10BBB0005520726567696F6E73206661696C656494
:10BBC0000A0A00095265717565737420746F2063E9
:10BBD0006F6E6669677572653A20257520726567B4
:10BBE000696F6E732028737570706F727465643A34
:10BBF000202575290A0A002128726567696F6E5B26
:10BC00006964785D2E64745F6174747220262028E4
:10BC100031554C203C3C202830292929000952412B
:10BC20004D5F4E4F43414348452077697468204437
:10BC3000545F4D454D5F434143484541424C45208B
:10BC40006174747269627574650A0A0009466169F3
:10BC50006C656420746F20616C6C6F636174652027
:10BC60004D505520726567696F6E732066726F6DF7
:10BC70002044540A0A002828284D50555F547970F2
:10BC800065202A292028283078453030304530304A
:10BC900030554C29202B20307830443930554C29F0
:10BCA00020292D3E545950452026202830784646DC
:10BCB000554C203C3C2038552929203E3E20385503
:10BCC000203D3D20380009496E76616C6964206E24
:10BCD000756D626572206F66204D505520726567E4
:10BCE000696F6E730A0A00464C4153485F30005337
:10BCF00052414D5F3000446174617261746520632C
:10BD000068616E6765643A2044525F2564004D6344
:10BD10007073496E6469636174696F6E20666169EE
:10BD20006C6564203A202573004D63707352657111
:10BD300075657374206661696C6564203A202573AB
:10BD4000004D6C6D65436F6E6669726D206661694A
:10BD50006C6564203A202573004A6F696E65642023
:10BD60006E6574776F726B212044657641646472EE
:10BD70003A2025303878004C696E6B206368656323
:10BD80006B20646F6E650044657654696D6552651D
:10BD90007120646F6E65004E6F20737570706F72E6
:10BDA0007420666F7220726567696F6E202564214A
:10BDB000004F544141206A6F696E206661696C656D
:10BDC000643A202573004C6F526157414E205175E3
:10BDD00065727920547820506F737369626C6520A6
:10BDE0004661696C65643A202573004C6F52615757
:10BDF000414E2053656E64206661696C65643A202B
:10BE00002573004C6F52614D6163496E69746961BD
:10BE10006C697A6174696F6E206661696C65643AF9
:10BE2000202573004661696C656420746F2073740B
:10BE300061727420746865204C6F52614D414320DB
:10BE4000737461636B3A202573006C6F7261776164
:10BE50006E00556E6B6E6F776E20737461747573C0
:10BE60002100556E6B6E6F776E206576656E74215E
:10BE7000004F4B004572726F720054782074696DE8
:10BE8000656F757400527820312074696D656F7527
:10BE90007400527820322074696D656F7574005299
:10BEA0007831206572726F7200527832206572723A
:10BEB0006F72004A6F696E206661696C6564004448
:10BEC0006F776E6C696E6B20726570656174656406
:10BED000005478204452207061796C6F6164207343
:10BEE000697A65206572726F72004164647265736D
:10BEF00073206661696C004D4943206661696C007E
:10BF00004D756C746963617374206661696C00427D
:10BF10006561636F6E206C6F636B65640042656181
:10BF2000636F6E206C6F737400426561636F6E2087
:10BF30006E6F7420666F756E64004275737900537E
:10BF400065727669636520756E6B6E6F776E0050F3
:10BF50006172616D6574657220696E76616C696489
:10BF6000004672657175656E637920696E76616CE5
:10BF7000696400446174617261746520696E766100
:10BF80006C6964004672657175656E6379206F72C5
:10BF900020646174617261746520696E76616C6998
:10BFA00064004E6F206E6574776F726B206A6F69E4
:10BFB0006E6564004C656E677468206572726F729E
:10BFC00000526567696F6E206E6F742073757070B4
:10BFD0006F7274656400536B6970706564204150C2
:10BFE00050206461746100447574792D6379636CC9
:10BFF000652072657374726963746564004E6F20A6
:10C000006368616E6E656C20666F756E64004E6F5E
:10C010002066726565206368616E6E656C20666F70
:10C02000756E64004275737920626561636F6E207E
:10C0300072657365727665642074696D650042751A
:10C0400073792070696E672D736C6F742077696ED9
:10C05000646F772074696D6500427573792075701F
:10C060006C696E6B20636F6C6C6973696F6E0043F3
:10C07000727970746F206572726F720046436E74CD
:10C080002068616E646C6572206572726F72004D1B
:10C09000414320636F6D6D616E64206572726F72D3
:10C0A00000436C61737342206572726F7200436F5C
:10C0B0006E6669726D207175657565206572726F47
:10C0C00072004D756C7469636173742067726F756B
:10C0D0007020756E646566696E656400556E6B6E82
:10C0E0006F776E206572726F720043616E277420E5
:10C0F0006C6F616420272573272073746174652C2D
:10C100002073697A65206D69736D617463682E00B0
:10C1100043616E2774206C6F61642027257327208C
:10C1200073746174652C206E6F207461726765741E
:10C130002E0043616E2774206C6F61642027257385
:10C14000272073746174652C2073686F7274207279
:10C150006561642E00436F756C64206E6F7420728D
:10C160006561642073657474696E6720257300557A
:10C170006E6B6E6F776E204C6F526157414E20731D
:10C18000657474696E673A20257300436F756C643B
:10C19000206E6F7420676574204E564D20636F6E5D
:10C1A0007465787400436F756C64206E6F742073CF
:10C1B0006176652073657474696E67732025732CCE
:10C1C000206572726F72202564006C6F72617761F6
:10C1D0006E2F6E766D00436F756C64206E6F7420E9
:10C1E0006C6F6164204C6F526157414E20736574CF
:10C1F00074696E67732C206572726F7220256400FB
:10C20000436F756C64206E6F74207365742074685E
:10C2100065204E564D20636F6E746578742C2065D2
:10C2200072726F72202564006C6F726177616E2F7D
:10C230006E766D2F43727970746F006C6F726177D8
:10C24000616E2F6E766D2F4D616347726F75703121
:10C25000006C6F726177616E2F6E766D2F4D61632A
:10C2600047726F757032006C6F726177616E2F6EFE
:10C27000766D2F536563757265456C656D656E747B
:10C28000006C6F726177616E2F6E766D2F526567ED
:10C29000696F6E47726F757031006C6F7261776194
:10C2A0006E2F6E766D2F526567696F6E47726F7570
:10C2B0007032006C6F726177616E2F6E766D2F43F6
:10C2C0006C61737342006C6F726177616E5F6E7642
:10C2D0006D0044494F3120696E74657272757074D7
:10C2E00020776974686F75742076616C6964204882
:10C2F000414C204952512063616C6C6261636B2E2A
:10C300000056617269616E7420696E697469616C4E
:10C31000697A6174696F6E206661696C6564005347
:10C32000504920646576696365206E6F742072657C
:10C33000616479004661696C656420746F20696E80
:10C34000697469616C697A65205358313278782054
:10C35000636F6D6D6F6E00535049207472616E7320
:10C36000616374696F6E206661696C65643A20254B
:10C370006900726164696F403000737831323678D9
:10C38000004750494F20646576696365206E6F747D
:10C390002072656164792025730028666C6167737B
:10C3A000202620282831554C203C3C202832312999
:10C3B00029207C202831554C203C3C202832322931
:10C3C00029207C202831554C203C3C202832332920
:10C3D00029207C202831554C203C3C20283234290F
:10C3E00029207C202831554C203C3C2028323529FE
:10C3F00029207C202831554C203C3C2028323629ED
:10C40000292929203D3D20300009496E746572724A
:10C4100075707420666C61677320617265206E6F41
:10C420007420737570706F727465640A0028666C8E
:10C43000616773202620282831203C3C20342920A5
:10C440007C202831203C3C203529292920213D20F1
:10C45000282831203C3C203429207C202831203CD5
:10C460003C20352929000950756C6C2055702061DD
:10C470006E642050756C6C20446F776E2073686F0B
:10C48000756C64206E6F7420626520656E61626CED
:10C4900065642073696D756C74616E656F75736C1E
:10C4A000790A00212828666C6167732026202831CC
:10C4B000554C203C3C20283136292929202626208D
:10C4C0002128666C6167732026202831554C203C5A
:10C4D0003C202831372929292026262028666C610E
:10C4E00067732026202831203C3C2031292929004F
:10C4F00009496E7075742063616E6E6F7420626599
:10C5000020656E61626C656420666F7220274F70D3
:10C51000656E20447261696E272C20274F70656E0E
:10C5200020536F7572636527206D6F646573207784
:10C530006974686F7574204F75747075740A00287B
:10C54000666C6167732026202831203C3C2031290D
:10C550002920213D2030207C7C2028666C61677377
:10C560002026202831203C3C20322929203D3D2016
:10C57000300028666C616773202620282831554CCE
:10C58000203C3C202831382929207C202831554C5A
:10C59000203C3C2028313929292929203D3D2030C3
:10C5A000207C7C2028666C6167732026202831550A
:10C5B0004C203C3C2028313729292920213D20309E
:10C5C00000094F7574707574206E6565647320740E
:10C5D0006F20626520656E61626C656420746F20F7
:10C5E000626520696E697469616C697A6564206C42
:10C5F0006F77206F7220686967680A0028666C612F
:10C600006773202620282831554C203C3C202831B7
:10C61000382929207C202831554C203C3C202831C9
:10C62000392929292920213D20282831554C203C11
:10C630003C202831382929207C202831554C203CA9
:10C640003C2028313929292900094F7574707574E7
:10C650002063616E6E6F7420626520696E69746913
:10C66000616C697A6564206C6F7720616E64206804
:10C670006967680A0043616E6E6F7420636F6E664F
:10C680006967757265206770696F2025732025645E
:10C690003A202564005061636B6574207472616E8A
:10C6A000736D697373696F6E206661696C6564216F
:10C6B00000526563656976652074696D656F757490
:10C6C0000052656365697665206572726F720073EA
:10C6D00078313278785F636F6D6D6F6E00020100A4
:10C6E00003040506A584998D0DBDB1545003A97DA1
:10C6F0001962E69A459D408715EBC90BEC67FDEA88
:10C70000BFF7965BC21CAE6A5A41024F5CF4340814
:10C710009373533F0C52655E28A10FB509369B3DBC
:10C720002669CD9F1B9E742E2DB2EEFBF64D61CE79
:10C730007B3E7197F568002C601FC8EDBE46D94B53
:10C74000DED4E84A6B2AE516C5D75594CF1006818A
:10C75000F044BAE3F3FEC08AADBC4804DFC17563A0
:10C76000301A0E6D4C14352FE1A2CC3957F28247A6
:10C77000ACE72B95A098D17F667EAB83CA29D33CCA
:10C7800079E21D763B564E1EDB0A6CE45D6EEFA629
:10C79000A8A4378B324359B78C64D2E0B4FA07258A
:10C7A000AF8EE918D5886F7224F1C751237C9C2184
:10C7B000DDDC86859042C4AAD8050112A35FF9D0BA
:10C7C000915827B93813B333BB7089A7B62292208A
:10C7D00049FF787A8FF88017DA31C6B8C3B077117D
:10C7E000CBFCD63AC6F8EEF6FFD6DE916002CE5606
:10C7F000E7B54DEC8F1F89FAEFB28EFB41B35F4571
:10C800002353E49B75E13D4C6C7EF5836851D1F96F
:10C81000E2AB622A0895469D30370A2F0E241BDFB3
:10C82000CD4E7FEA121D583436DCB45BA476B77D5A
:10C8300052DD5E13A6B900C140E379B6D48D6772AC
:10C840009498B085BBC54FED869A66118AE904FEBF
:10C85000A078254BA25D80053F2170F16377AF4240
:10C8600020E5FDBF811826C3BE35882E9355FC7A7E
:10C87000C8BA32E6C0199EA344543B0B8CC76B2840
:10C88000A7BC16ADDB647414920C48B89FBD43C4BA
:10C890003931D3F2D58B6EDA01B19C49D8ACF3CFE4
:10C8A000CAF447106FF04A5C38577397CBA1E83E43
:10C8B00096610D0FE07C71CC9006F71CC26AAE69E0
:10C8C00017993A27D9EB2B22D2A907332D3C15C94A
:10C8D00087AA50A50359091A65D784D082295A1E00
:10C8E0007BA86D2C637C777BF26B6FC53001672B67
:10C8F000FED7AB76CA82C97DFA5947F0ADD4A2AF54
:10C900009CA472C0B7FD9326363FF7CC34A5E5F161
:10C9100071D8311504C723C31896059A071280E20F
:10C92000EB27B27509832C1A1B6E5AA0523BD6B363
:10C9300029E32F8453D100ED20FCB15B6ACBBE39D3
:10C940004A4C58CFD0EFAAFB434D338545F9027FBF
:10C95000503C9FA851A3408F929D38F5BCB6DA2178
:10C9600010FFF3D2CD0C13EC5F974417C4A77E3DA4
:10C97000645D197360814FDC222A908846EEB814FA
:10C98000DE5E0BDBE0323A0A4906245CC2D3AC62BD
:10C990009195E479E7C8376D8DD54EA96C56F4EAC8
:10C9A000657AAE08BA78252E1CA6B4C6E8DD741FD9
:10C9B0004BBD8B8A703EB5664803F60E613557B99C
:10C9C00086C11D9EE1F8981169D98E949B1E87E956
:10C9D000CE5528DF8CA1890DBFE6426841992D0F05
:10C9E000B054BB162B7E151628AED2A6ABF7158811
:10C9F00009CF4F3C012B7E151628AED2A6ABF715FA
:10CA00008809CF4F3C0200042B7E151628AED2A613
:10CA1000ABF7158809CF4F3C052B7E151628AED2F3
:10CA2000A6ABF7158809CF4F3C062B7E151628AE0E
:10CA3000D2A6ABF7158809CF4F3C072B7E151628D9
:10CA4000AED2A6ABF7158809CF4F3C0800080A0CF8
:10CA50000D0E10121415181A1B1D1E212402030599
:10CA60000205010602020502020603020105040492
:10CA7000000000000000000000000000023333331B
:10CA800073F2F2F2F20C0B0A090807073200070EE4
:10CA9000091C1B1215383F363124232A2D6D63756E
:10CAA000626F6F745F64667500574553545F544FEF
:10CAB000504449522F7A65706879722F737562738A
:10CAC00079732F7A6275732F7A6275732E63006F94
:10CAD00062736572766174696F6E203C3D205F7A87
:10CAE0006275735F6368616E6E656C5F6F627365BC
:10CAF00072766174696F6E5F6C6973745F656E6482
:10CB0000007A62757300496E76616C6964206C69A5
:10CB10006E65206E756D62657220257500574553F0
:10CB2000545F544F504449522F7A65706879722F80
:10CB3000647269766572732F696E7465727275704E
:10CB4000745F636F6E74726F6C6C65722F696E7454
:10CB5000635F657874695F73746D33322E6300436D
:10CB60006C6F636B20636F6E74726F6C206465769C
:10CB7000696365206E6F7420726561647900696E07
:10CB8000746572727570742D636F6E74726F6C6CF5
:10CB9000657240353830303038303000657874692F
:10CBA0005F73746D333200574553545F544F504494
:10CBB00049522F7A65706879722F6472697665724E
:10CBC000732F696E746572727570745F636F6E74C3
:10CBD000726F6C6C65722F696E74635F6770696FDA
:10CBE0005F73746D33322E63006C696E655F6E75B2
:10CBF0006D203C203136000A0605050401030102C0
:10CC00000101010001446966666572656E746961BF
:10CC10006C206368616E6E656C73206E6F74207338
:10CC20007570706F72746564206F6E2074686973BC
:10CC30002041444300496E76616C696420636861F9
:10CC40006E6E656C206761696E00496E76616C6915
:10CC500064206368616E6E656C20726566657265DE
:10CC60006E6365004163717569736974696F6E20E5
:10CC700074696D6520657870656374656420696E9C
:10CC8000207469636B73206F6E6C790053616D70F3
:10CC90006C696E672074696D652076616C756520BE
:10CCA0006E6F7420737570706F727465642E004FB0
:10CCB0006E6C792074776F20646966666572656E44
:10CCC000742073616D706C696E672074696D657333
:10CCD00020737570706F72746564004E756D626557
:10CCE00072206F6620636F6D6D6F6E2073616D7063
:10CCF0006C696E672074696D65206368616E6E652E
:10CD00006C73206E6F7420737570706F72746564CD
:10CD100000496E76616C69642073616D706C696E38
:10CD2000672074696D6500414443206F76657272B7
:10CD3000756E206572726F72206F636375727265B3
:10CD4000642E2055736520444D412C207265647516
:10CD5000636520636C6F636B20736F75726365200E
:10CD60006672657175656E63792C20696E63726594
:10CD7000617365207072657363616C6572207661A2
:10CD80006C7565206F7220696E63726561736520D2
:10CD900073616D706C696E672074696D65732E00C8
:10CDA00041444320636C6F636B207261746520673C
:10CDB0006574206572726F722E0041444320436C8B
:10CDC0006F636B2072617465206E756C6C00636CB0
:10CDD0006F636B20636F6E74726F6C20646576692D
:10CDE0006365206E6F74207265616479004144430D
:10CDF0002070696E6374726C207365747570206640
:10CE000061696C65642028256429004E6F20636881
:10CE1000616E6E656C732073656C65637465640028
:10CE2000496E76616C6964207265736F6C757469A4
:10CE30006F6E0050726F7669646564206275666615
:10CE4000657220697320746F6F20736D616C6C2044
:10CE50002825752F25752900496E76616C69642037
:10CE60006F76657273616D706C696E670061646383
:10CE7000403430303132343030006164635F737479
:10CE80006D333200726363403538303030303030CB
:10CE900000636C6F636B206F70206661696C656402
:10CEA0000A00574553545F544F504449522F7A65F6
:10CEB000706879722F647269766572732F646D6120
:10CEC0002F646D616D75785F73746D33322E6300FE
:10CED00009556E6B6E6F776E20646D6120626173B1
:10CEE0006520616464726573732025780A00726539
:10CEF0007175657374204944202564206973206E20
:10CF00006F742076616C69642E006368616E6E6573
:10CF10006C20494420256420697320746F6F20625F
:10CF200069672E0063616E6E6F7420636F6E666951
:10CF3000677572652074686520646D616D75782E03
:10CF40000063616E6E6F7420737461727420746814
:10CF50006520646D616D7578206368616E6E656CC7
:10CF60002025642E0063616E6E6F742073746F7081
:10CF70002074686520646D616D7578206368616EEA
:10CF80006E656C2025642E0063616E6E6F74207276
:10CF9000656C6F61642074686520646D616D75787F
:10CFA000206368616E6E656C2025642E0063616E7F
:10CFB0006E6F742067657420746865207374617483
:10CFC0007573206F6620646D616D7578206368618C
:10CFD0006E6E656C2025642E00646D616D75784001
:10CFE000343030323038303000646D616D75785FC8
:10CFF00073746D333200574553545F544F50444956
:10D00000522F7A65706879722F64726976657273CF
:10D010002F646D612F646D615F73746D33322E63A5
:10D02000006964203C20636F6E6669672D3E6D6108
:10D03000785F73747265616D7300556E65787065A5
:10D0400063746564206972712068617070656E65D3
:10D05000642E005472616E73666572204572726F41
:10D06000722E0063616E6E6F7420636F6E66696707
:10D070007572652074686520646D612073747265D3
:10D08000616D2025642E00646D612073747265618A
:10D090006D20256420697320627573792E00636F9B
:10D0A000756C64206E6F742064697361626C6520B6
:10D0B000646D612073747265616D2025642E004477
:10D0C0006174612073697A6520746F6F206269678B
:10D0D0003A2025640A00736F7572636520616E647F
:10D0E000206465737420646174612073697A6520BB
:10D0F0006469666665722E00736F75726365206180
:10D100006E64206465737420756E69742073697A27
:10D1100065206572726F722C20256400736F7572C2
:10D1200063655F72656C6F61645F656E20616E64DC
:10D1300020646573745F72656C6F61645F656E20F7
:10D140006D757374206265207468652073616D6508
:10D150002E00736F757263655F6275666665722017
:10D1600061646472657373206973206E756C6C2ED4
:10D1700000646573745F62756666657220616464DD
:10D1800072657373206973206E756C6C2E0050721B
:10D19000696F72697479206572726F722E202564CE
:10D1A00000446972656374696F6E206572726F7294
:10D1B0002E202564004D656D6F727920696E637253
:10D1C000656D656E74206572726F722E2025640025
:10D1D00050657269706820696E6372656D656E7402
:10D1E000206572726F722E20256400646D61403478
:10D1F0003030323034303000646D614034303032A1
:10D200003030303000646D615F73746D333200080C
:10D210001C3044586C80574553545F544F50444918
:10D22000522F7A65706879722F64726976657273AD
:10D230002F646D612F646D615F73746D33325F763F
:10D24000322E63006964203C20282873697A655F68
:10D250007429282828696E742973697A656F66288D
:10D26000636861725B31202D202832202A2021281A
:10D27000215F5F6275696C74696E5F747970657344
:10D280005F636F6D70617469626C655F70285F5F6A
:10D29000747970656F665F5F2873747265616D5F26
:10D2A0006E72292C205F5F747970656F665F5F28EE
:10D2B000262873747265616D5F6E72295B305D291B
:10D2C0002929295D29202D203129202B2028736927
:10D2D0007A656F662873747265616D5F6E7229205E
:10D2E0002F2073697A656F66282873747265616D83
:10D2F0005F6E72295B305D29292929006964203C11
:10D3000020282873697A655F7429282828696E7433
:10D310002973697A656F6628636861725B31202DB5
:10D32000202832202A202128215F5F6275696C74D1
:10D33000696E5F74797065735F636F6D7061746936
:10D34000626C655F70285F5F747970656F665F5FA0
:10D350002866756E63292C205F5F747970656F662F
:10D360005F5F28262866756E63295B305D29292951
:10D37000295D29202D203129202B202873697A65E9
:10D380006F662866756E6329202F2073697A656F32
:10D3900066282866756E63295B305D292929290076
:10D3A00074633A2025642C2068743A2025642C206C
:10D3B00074653A2025642C2067693A20256400644E
:10D3C0006D615F73746D33325F763200081C3044D8
:10D3D000586C80574553545F544F504449522F7AEC
:10D3E00065706879722F647269766572732F656EE5
:10D3F00074726F70792F656E74726F70795F737469
:10D400006D33322E630064657620213D2028287616
:10D410006F6964202A293029006465765F6461742D
:10D420006120213D202828766F6964202A2930292F
:10D43000006465765F63666720213D202828766F4B
:10D440006964202A29302900726573203D3D20300F
:10D450000026656E74726F70795F73746D33325F1E
:10D46000726E675F64617461203D3D206465762D56
:10D470003E64617461004C4C5F524E475F4973419A
:10D480006374697665466C61675F434543532872F0
:10D490006E6729203D3D2030000943454353203D20
:10D4A00020313A20524E4720646F6D61696E2063CF
:10D4B0006C6F636B20697320746F6F20736C6F7770
:10D4C0002E0A0953656520726566206D616E2061C4
:10D4D0006E64207570646174652074617267657430
:10D4E00020636C6F636B20636F6E66696775726132
:10D4F00074696F6E2E0A002161726D5F6972715FCF
:10D5000069735F656E61626C6564283532290072EB
:10D510006E674035383030313030300052656164EC
:10D520002072616E676520696E76616C69642E2079
:10D530004F66667365743A20256C642C206C656EAA
:10D540003A20257A750054696D656F7574212076CF
:10D55000616C3A202564206D73004572617365200B
:10D5600072616E676520696E76616C69642E204F0A
:10D5700066667365743A20256C642C206C656E3A7F
:10D5800020257A750057726974652072616E67652F
:10D5900020696E76616C69642E204F6666736574CF
:10D5A0003A20256C642C206C656E3A20257A750033
:10D5B000666C6173682D636F6E74726F6C6C6572EC
:10D5C00040353830303430303000666C6173685F1D
:10D5D00073746D333200576F7264206174206F660C
:10D5E000667320256C64206E6F74206572617365AC
:10D5F0006400666C6173685F73746D33326C340001
:10D60000574553545F544F504449522F7A657068C0
:10D6100079722F696E636C7564652F7A65706879AD
:10D62000722F647269766572732F6770696F2F67E6
:10D6300070696F5F7574696C732E680063616C6CE0
:10D640006261636B00094E6F2063616C6C626163A1
:10D650006B210A0063616C6C6261636B2D3E6861D3
:10D660006E646C657200094E6F2063616C6C626160
:10D67000636B2068616E646C6572210A0063622DC1
:10D680003E68616E646C6572006770696F40343823
:10D69000303031633030006770696F40343830307B
:10D6A00030383030006770696F4034383030303493
:10D6B0003030006770696F4034383030303030308F
:10D6C000006932630049324320636F6E74726F6C7D
:10D6D0006C6572206E6F7420636F6E666967757219
:10D6E00065640025733A20696E76616C6964206D0B
:10D6F0006F6465202569004661696C65642063611B
:10D700006C6C20636C6F636B5F636F6E74726F6CB5
:10D710005F6765745F726174652870636C6B656EBA
:10D720005B305D29006932633A206661696C75720D
:10D730006520696E697469616C697A696E670069F0
:10D740003263403430303035383030006932635F16
:10D7500073746D3332004932432070696E637472A2
:10D760006C207365747570206661696C656420282F
:10D77000256429006932633A206661696C757265B7
:10D7800020656E61626C696E6720636C6F636B000D
:10D790006932635F6C6C5F73746D33325F636F6D9E
:10D7A0006D6F6E00574553545F544F504449522F8C
:10D7B0007A65706879722F647269766572732F6901
:10D7C00032632F6932635F73746D33325F76322E4A
:10D7D0006300646174612D3E63757272656E742EB0
:10D7E0006C656E20213D203055006932633A20730C
:10D7F000706565642061626F76652022666173746E
:10D8000022207265717569726573206D616E756134
:10D810006C2074696D696E6720636F6E66696775E9
:10D82000726174696F6E2C20736565202274696D56
:10D83000696E6773222070726F7065727479206FE1
:10D84000662073742C73746D33322D6932632D76B8
:10D850003220646576696365747265652062696EFD
:10D8600064696E67004932433A6661696C65642099
:10D87000746F2066696E64207072657363616C6595
:10D88000722076616C7565002828697372202620E5
:10D8900028307831554C203C3C2028365529292900
:10D8A00020213D20305529207C7C2028286D73675D
:10D8B0002D3E666C6167732026202831554C203C34
:10D8C0003C20283229292920213D20305529006972
:10D8D00032635F6C6C5F73746D33325F7632005706
:10D8E0004553545F544F504449522F7A65706879BC
:10D8F000722F647269766572732F70696E637472C9
:10D900006C2F70696E6374726C5F73746D33322E3A
:10D9100063002828286D757829203E3E203055293F
:10D920002026203078314655290072657365742DA4
:10D93000636F6E74726F6C6C6572004465766963B8
:10D9400065202573206973206E6F74207265616491
:10D95000790064696574656D700073746D33325F4E
:10D9600074656D7000414443206973206E6F7420AC
:10D97000656E61626C65640073746D33325F7662EC
:10D98000617400526177204144432076616C756573
:10D99000206973207A65726F0073746D33325F761D
:10D9A0007265660052582077617320616C72656100
:10D9B000647920656E61626C656400554152542043
:10D9C0004552523A20525820444D4120636F6E66B2
:10D9D0006967206661696C65642100554152542075
:10D9E0004552523A20525820444D4120737461727E
:10D9F00074206661696C65642100646D61207478CF
:10DA000020636F6E666967206572726F72210055C0
:10DA1000415254206572723A20545820444D41209E
:10DA20007374617274206661696C65642100556E5F
:10DA300061626C6520746F20736574202573207497
:10DA40006F20256400574553545F544F504449524A
:10DA50002F7A65706879722F647269766572732F98
:10DA600073657269616C2F756172745F73746D3365
:10DA7000322E630073746D33325F7265675F726557
:10DA80006164282675736172742D3E4252522920BA
:10DA90003E3D203078333030550009426175645284
:10DAA000617465526567203E3D2030783330300A1E
:10DAB0000073746D33325F7265675F7265616428ED
:10DAC0002675736172742D3E42525229203C2030DB
:10DAD0007830303046464646465500094261756406
:10DAE00052617465526567203C2030784646464650
:10DAF0000A0073746D33325F7265675F72656164CB
:10DB0000282675736172742D3E42525229203E3D83
:10DB1000203136000942617564526174655265674F
:10DB2000203E3D2031360A00436F756C64206E6FD5
:10DB30007420656E61626C6520284C5029554152F5
:10DB40005420636C6F636B00726573657420636F40
:10DB50006E74726F6C6C6572206E6F74207265618A
:10DB6000647900257320646F6573206E6F74207371
:10DB70007570706F72742064726976657220656E5C
:10DB800061626C650073657269616C40343030307D
:10DB9000383030300073657269616C403430303138
:10DBA0003338303000756172745F73746D333200D6
:10DBB000436F756C64206E6F7420656E61626C6576
:10DBC0002053504920636C6F636B004E6F2064617B
:10DBD000746120776964746820646566696E656441
:10DBE00020666F72207468697320696E7374616E49
:10DBF0006365004661696C65642063616C6C2063D9
:10DC00006C6F636B5F636F6E74726F6C5F6765746C
:10DC10005F726174652870636C6B5B305D290025F1
:10DC2000733A206572723D256400556E737570708D
:10DC30006F72746564206672657175656E637920B4
:10DC40002575487A2C206D6178202575487A2C201E
:10DC50006D696E202575487A007370695F73746D05
:10DC600033325F6765745F65727200737069403547
:10DC700038303130303030007370694034303031FA
:10DC800033303030007370695F73746D3332000865
:10DC90001C3044586C806D6375626F6F745F75746F
:10DCA000696C00574553545F544F504449522F7A82
:10DCB00065706879722F6B65726E656C2F6465761E
:10DCC0006963652E63007263203E3D202D28307805
:10DCD000666629202626207263203C2030000964D5
:10DCE000657669636520257320696E69743A2069D9
:10DCF0006E76616C6964206572726F72202825648B
:10DD0000290A0048616C74696E67207379737465C1
:10DD10006D003E3E3E205A455048595220464154DF
:10DD2000414C204552524F522025643A2025732001
:10DD30006F6E20435055202564004661756C742039
:10DD4000647572696E6720696E746572727570743D
:10DD50002068616E646C696E670A00437572726553
:10DD60006E74207468726561643A202570202825DD
:10DD7000732900574553545F544F504449522F7AEA
:10DD800065706879722F6B65726E656C2F66617451
:10DD9000616C2E6300726561736F6E20213D204BB4
:10DDA0005F4552525F4B45524E454C5F50414E4984
:10DDB000430009417474656D7074656420746F204C
:10DDC0007265636F7665722066726F6D2061206B7D
:10DDD00065726E656C2070616E696320636F6E643E
:10DDE0006974696F6E0A00435055206578636570E9
:10DDF00074696F6E00556E68616E646C656420694D
:10DE00006E7465727275707400537461636B206F09
:10DE1000766572666C6F77004B65726E656C206F0D
:10DE20006F7073004B65726E656C2070616E696314
:10DE300000574553545F544F504449522F7A6570F0
:10DE40006879722F6B65726E656C2F696E69742EBE
:10DE500063007468726561645F64617461203C3D55
:10DE6000205F5F7374617469635F74687265616475
:10DE70005F646174615F6C6973745F656E6400698F
:10DE8000646C6500646576203C3D205F646576695E
:10DE900063655F6C6973745F656E64006F730057D0
:10DEA0004553545F544F504449522F7A65706879F6
:10DEB000722F6B65726E656C2F69646C652E6300E2
:10DEC0005F6B65726E656C2E637075735B305D2E73
:10DED00063757272656E742D3E626173652E707229
:10DEE000696F203E3D203000574553545F544F50DA
:10DEF0004449522F7A65706879722F6B65726E652E
:10DF00006C2F6D757465782E630021617263685F94
:10DF100069735F696E5F697372282900096D757492
:10DF2000657865732063616E6E6F7420626520751D
:10DF300073656420696E7369646520495352730A7E
:10DF4000006D757465782D3E6C6F636B5F636F75E4
:10DF50006E74203E20305500574553545F544F5047
:10DF60004449522F7A65706879722F6B65726E65BD
:10DF70006C2F696E636C7564652F6B736368656481
:10DF80002E680021617263685F6972715F756E6CE3
:10DF90006F636B6564286B65792900090A007468F2
:10DFA000726561642D3E626173652E70656E646595
:10DFB000645F6F6E00574553545F544F504449524D
:10DFC0002F7A65706879722F6B65726E656C2F732E
:10DFD000656D2E63002828617263685F69735F69ED
:10DFE0006E5F6973722829203D3D203029207C7C9A
:10DFF00020282874696D656F7574292E7469636BA8
:10E0000073203D3D202828286B5F74696D656F750E
:10E01000745F74297B307D29292E7469636B7329A1
:10E020002900574553545F544F504449522F7A6545
:10E03000706879722F6B65726E656C2F776F726B7B
:10E040002E6300776F726B2D3E71756575652021AB
:10E050003D202828766F6964202A29302900776FAF
:10E06000726B2D3E68616E646C657220213D2028C4
:10E0700028766F6964202A2930290021666C61673F
:10E080005F74657374282671756575652D3E666CC1
:10E090006167732C204B5F574F524B5F515545556D
:10E0A000455F535441525445445F424954290071DD
:10E0B0007565756500737461636B0064776F726B6F
:10E0C00020213D202828766F6964202A29302900E4
:10E0D000574553545F544F504449522F7A657068E6
:10E0E00079722F6B65726E656C2F746872656164EE
:10E0F0002E6300282828287072696F2929203D3D49
:10E10000203135202626207A5F69735F69646C654B
:10E110005F7468726561645F656E747279282865E2
:10E120006E747279292929207C7C20282828313591
:10E13000202D203129203E3D2028282D3136292927
:10E14000292026262028287072696F2929203E3D23
:10E150002028282D313629292026262028287072AB
:10E16000696F2929203C3D20283135202D20312977
:10E1700029290009696E76616C6964207072696F83
:10E180007269747920282564293B20616C6C6F7753
:10E1900065642072616E67653A20256420746F2083
:10E1A00025640A000954687265616473206D6179A1
:10E1B000206E6F74206265206372656174656420EF
:10E1C000696E20495352730A00574553545F544FA8
:10E1D000504449522F7A65706879722F6B65726E60
:10E1E000656C2F73636865642E6300217A5F6973C1
:10E1F0005F69646C655F7468726561645F6F626AB1
:10E200006563742874687265616429002169735FAD
:10E210007468726561645F64756D6D792874687285
:10E220006561642900574553545F544F5044495227
:10E230002F7A65706879722F6B65726E656C2F69C5
:10E240006E636C7564652F6B7468726561642E68AB
:10E25000005F6B65726E656C2E637075735B305D0D
:10E260002E63757272656E7420213D202828766FAA
:10E270006964202A29302900574553545F544F5070
:10E280004449522F7A65706879722F6B65726E659A
:10E290006C2F696E636C7564652F6B737761702E7C
:10E2A0006800617263685F6972715F756E6C6F633D
:10E2B0006B6564286B657929207C7C205F6B6572B7
:10E2C0006E656C2E637075735B305D2E6375727254
:10E2D000656E742D3E626173652E7468726561644B
:10E2E0005F737461746520262028282831554C20DE
:10E2F0003C3C202830292929207C20282831554CD5
:10E30000203C3C202833292929290009436F6E74B9
:10E3100065787420737769746368696E67207768BD
:10E32000696C6520686F6C64696E67206C6F636BE5
:10E33000210A0073697A656F66285F736368656494
:10E340005F7370696E6C6F636B29203D3D203020D8
:10E350007C7C206C6F636B20213D20265F7363689B
:10E3600065645F7370696E6C6F636B005F6B657281
:10E370006E656C2E637075735B305D2E63757272A3
:10E38000656E742D3E626173652E73636865645FAC
:10E390006C6F636B656420213D203155005F6B65B8
:10E3A000726E656C2E637075735B305D2E63757273
:10E3B00072656E742D3E626173652E736368656469
:10E3C0005F6C6F636B656420213D203055002174C4
:10E3D00065726D696E617465000961626F72746562
:10E3E00064205F63757272656E74206261636B2076
:10E3F00066726F6D20646561640A002165737365E0
:10E400006E7469616C000961626F72746564206585
:10E410007373656E7469616C2074687265616420E1
:10E4200025700A00574553545F544F504449522FAA
:10E430007A65706879722F6B65726E656C2F74697E
:10E440006D65736C6963696E672E63002828746953
:10E450006D656F75742920262620282875696E74CD
:10E460007074725F742928736C6963655F74696D79
:10E47000656F7574732929203C3D20282875696EC5
:10E48000747074725F74292874696D656F7574296E
:10E490002920262620282875696E747074725F748E
:10E4A000292874696D656F75742929203C202828F6
:10E4B00075696E747074725F7429282628736C698C
:10E4C00063655F74696D656F757473295B28287364
:10E4D000697A655F7429282828696E742973697AB6
:10E4E000656F6628636861725B31202D20283220B9
:10E4F0002A202128215F5F6275696C74696E5F74E0
:10E50000797065735F636F6D70617469626C655F6C
:10E5100070285F5F747970656F665F5F28736C69E0
:10E5200063655F74696D656F757473292C205F5F17
:10E53000747970656F665F5F282628736C69636500
:10E540005F74696D656F757473295B305D29292966
:10E55000295D29202D203129202B202873697A65F7
:10E560006F6628736C6963655F74696D656F757438
:10E570007329202F2073697A656F662828736C6968
:10E5800063655F74696D656F757473295B305D29B0
:10E590002929295D29292026262028282875696E01
:10E5A000747074725F74292874696D656F7574294D
:10E5B00029202D20282875696E747074725F742963
:10E5C00028736C6963655F74696D656F7574732911
:10E5D000292920252073697A656F662828736C695C
:10E5E00063655F74696D656F757473295B305D2950
:10E5F000203D3D20302900574553545F544F50442F
:10E6000049522F7A65706879722F6B65726E656CEE
:10E610002F74696D656F75742E6300217379735F54
:10E62000646E6F64655F69735F6C696E6B656428A7
:10E6300026746F2D3E6E6F64652900574553545FF5
:10E64000544F504449522F7A65706879722F6B6528
:10E65000726E656C2F706F6C6C2E630009696E763C
:10E66000616C6964206576656E74207479706520CC
:10E670002830782578290A0A006576656E742D3E63
:10E6800073656D20213D202828766F6964202A2932
:10E6900030290009696E76616C69642073656D616B
:10E6A00070686F72650A0A006576656E742D3E713A
:10E6B0007565756520213D202828766F6964202ABC
:10E6C0002930290009696E76616C6964207175656D
:10E6D00075650A0A006576656E742D3E7369676E0E
:10E6E000616C20213D202828766F6964202A29301A
:10E6F000290009696E76616C696420706F6C6C200A
:10E700007369676E616C0A0A006576656E742D3EEA
:10E710006D73677120213D202828766F6964202A57
:10E720002930290009696E76616C6964206D657312
:10E73000736167652071756575650A0A00657665A0
:10E740006E742D3E7069706520213D202828766FFB
:10E750006964202A2930290009696E76616C696430
:10E7600020706970650A0A0009696E76616C6964D7
:10E77000206576656E7420747970650A0A00657686
:10E78000656E747320213D202828766F6964202AE5
:10E7900029302900094E554C4C206576656E7473FE
:10E7A0000A0A006E756D5F6576656E7473203E3D76
:10E7B000203000093C30206576656E74730A0A00CB
:10E7C0002A2A2A20426F6F74696E67205A65706822
:10E7D0007972204F53206275696C642076342E3331
:10E7E0002E302D323239322D6730303661393531A5
:10E7F0003332333836202A2A2A0A00574553545FC9
:10E80000544F504449522F7A65706879722F6B6566
:10E81000726E656C2F6B686561702E63002161728A
:10E8200063685F69735F696E5F6973722829207C12
:10E830007C20282874696D656F7574292E7469634E
:10E840006B73203D3D202828286B5F74696D656FD0
:10E8500075745F74297B307D29292E7469636B730D
:10E86000290068656170203C3D205F6B5F686561D1
:10E87000705F6C6973745F656E6400737973776F32
:10E88000726B71006E616E00286E756C6C290000F1
:10E890000000000000000000000000000000000078
:10E8A000C529010800000000000000000000000071
:10E8B0002000002020000020C97201080000000094
:10E8C0000000000000000000000000000000000048
:10E8D0004000002040000020000000000100000077
:10E8E0005000002050000020580000205800002058
:10E8F0000000000001000000680000206800002007
:10E900000000000000000000000000000000000007
:10E9100000000000000000000000000000000000F7
:10E9200000000000000000000000000000000000E7
:10E9300000000000000000000000000000000000D7
:10E94000000000000000000000000000080500209A
:10E9500000000000000000000000000000000000B7
:10E9600000000000000000000000000000000000A7
:10E970000000000000000000000000000000000097
:10E980000000000000000000000000000000000087
:10E990000000000000000000000000000000000077
:10E9A0000000000000000000000000000000000067
:10E9B0000000000000000000000000000000000057
:10E9C0000000000000000000000000000000000047
:10E9D0000000000000000000000000000000000037
:10E9E0000000000000000000000000000000000027
:10E9F0000000000000000000000000000000000017
:10EA00000000000000000000000000000000000006
:10EA100000000000000000000000000000000000F6
:10EA200000000000000000000000000000000000E6
:10EA300000000000000000000000000000000000D6
:10EA400000000000000000000000000000000000C6
:10EA500000000000000000000000000000000000B6
:10EA600000000000000000000000000000000000A6
:10EA70000000000000000000000000000000000096
:10EA80000000000000000000000000000000000086
:10EA90000000000000000000000000000000000076
:10EAA0000000000010050020000000000000000031
:10EAB0000000000000000000000000000000000056
:10EAC000A0940108010000001102010001000100F2
:10EAD0000100010001000000000000000000000033
:10EAE0003582010800000100000000000000000065
:10EAF0000000000000000000000000000000000016
:10EB00000000000000000000000000000000000005
:10EB100000000000000000000000000000000000F5
:10EB200000000000000000000000000000000000E5
:10EB300000000000000000000000000000000000D5
:10EB400000000000000000000000000000000000C5
:10EB50000000000000000000A09401080B0000006D
:10EB6000120101000100010001000100010000008C
:10EB70000000000000000000E58301080001000023
:10EB80000000000000000000000000000000000085
:10EB90000000000000000000000000000000000075
:10EBA0000000000000000000000000000000000065
:10EBB0000000000000000000000000000000000055
:10EBC0000000000000000000000000000000000045
:10EBD0000000000000000000000000000000000035
:10EBE0000000000000000000000000000000000025
:10EBF0000000000000000000489501086F4801086F
:10EC00004D4F01084C9E010800000000849E010841
:10EC1000393D000800000000000000000000000076
:10EC2000BD52010800000000A152010800000000D0
:10EC3000DD5401080000000000000000000000009A
:10EC40004F56010800000000000000000100000015
:10EC5000001000580000000000000000000000004C
:10EC600000000000000000000000000000000000A4
:10EC70000000000000000000000000000000000094
:10EC80000000000000000000000000000000000084
:10EC90000000000000000000000000000000000074
:10ECA0000000000000000000000000000000000064
:10ECB0000000000000000000000000003004002000
:10ECC0005000000000000400004000580000000058
:10ECD0000000000000000000000000000000000034
:10ECE00000000000109501080904FF3F0C0000001F
:10ECF00000240140000000000000000000000000AF
:10ED00000000000000000000000000000000000003
:10ED100000000000000000000000000000000000F3
:10ED2000109501080904FF3F0E0000000024014077
:10ED300000000000000000000000000000000000D3
:10ED400000000000000000000000000000000000C3
:10ED50000000000000000000000000001095010805
:10ED60000904FF3F0D0000000024014000000000E6
:10ED70000000000000000000000000000000000093
:10ED80000000000000000000000000000000000083
:10ED9000000000000000000000C2010000010300AC
:10EDA00080250000000103000000000000000000BA
:10EDB00020050020200500200000000001000000C8
:10EDC00030050020300500203805002038050020DF
:10EDD0000000000001000000480500204805002058
:10EDE0000000000000000000000000000000000023
:10EDF0000000000000000000000000000000000013
:10EE00000000000000000000000000000000000002
:10EE100080050020800500200000000001000000A7
:10EE200090050020900500209805002098050020FE
:10EE30000000000001000000A8050020A805002037
:10EE400000000000000000000000000000000000C2
:10EE500000000000000000000000000000000000B2
:10EE6000000000000000000000093D00C800000094
:10EE7000E0050020E0050020E8050020E80500206E
:10EE8000E3E50105FF008182800184858302878894
:10EE900086038A8B890407058DFFFFFFFFFFFFFFB5
:09EEA000FFFFFFFFFFFFFFFFFF72
:10EEA9000000000000000000000000000000000059
:10EEB9000000000000000000000000000000000049
:0FEEC9000000000000000000000000000000003A
:10EED800000000000000000000000000000000002A
:10EEE800000000000000000000000000000000001A
:10EEF800000000000000000000000000000000000A
:10EF080000000000000000000000000000000000F9
:04EF180000000000F5
:04EF1C0000000000F1
:10EF20000000000000000000C529010800000000EA
:10EF30000000000000000000A8060020A806002035
:10EF4000A5580008000000000000000000000000BC
:08EF50000000000000000000B9
:10EF5800C8060020C80600200000000000000000CD
:10EF68000E000000DC060020DC0600200000000087
:10EF7800000000000E000000F0060020F00600204F
:0CEF880000000000000000000E0000006F
:10EF94000407002004070020000000000100000016
:10EFA40014070020140700201C0700201C07002061
:10EFB40000000000010000002C0700202C070020A6
:10EFC4003407002034070020000000000100000086
:08EFD40044070020440700205F
:04EFDC0015E015E047
:04000005080044C5E6
:00000001FF
